# Blender v3.3.1 OBJ File: ''
# www.blender.org
mtllib 1.1Blade.mtl
o Plane.010_Plane.021
v 0.433422 -0.086510 -0.028473
v -1.542635 -0.028656 -0.028473
v -2.441737 0.177786 -0.028473
v -2.744438 0.308871 0.000454
v -2.143278 0.083156 -0.028473
v 0.198729 -0.089373 -0.028473
v -0.009704 -0.097209 -0.028473
v 0.283354 -0.079809 -0.028473
v 0.433422 0.215359 -0.034962
v 0.433422 -0.254016 -0.000396
v -1.542635 -0.148167 -0.000396
v -1.542635 0.186721 -0.034962
v 1.181768 -0.235915 -0.038971
v 1.186541 0.122242 -0.038971
v -2.443158 0.282184 -0.000395
v 0.433422 -0.156851 -0.019903
v -2.744394 0.310562 0.000855
v -2.143278 0.260911 -0.000395
v 0.869965 -0.191499 -0.022165
v -1.542635 -0.078843 -0.019903
v -2.441406 0.156147 -0.019903
v -2.143278 0.049140 -0.019903
v 0.198729 -0.156149 -0.019903
v -0.009704 -0.160695 -0.019903
v 0.283354 -0.150601 -0.019903
v -0.009704 0.240750 -0.000395
v -2.440949 0.126256 -0.000395
v -2.443017 0.261451 -0.034962
v -2.143278 0.229137 -0.034962
v -2.143278 0.002152 -0.000395
v 0.198729 -0.248389 -0.000396
v 0.198729 0.197197 -0.034962
v -0.009704 0.175239 -0.034962
v -0.009704 -0.248389 -0.000396
v 0.283354 0.223997 -0.034962
v 0.283354 -0.248389 -0.000396
v 0.861273 -0.284023 -0.000395
v 0.283354 0.223997 0.034171
v -0.009704 0.175239 0.034171
v 0.198729 0.197197 0.034171
v -2.143278 0.229137 0.034171
v -2.443017 0.261451 0.034171
v 0.075634 0.246320 -0.000395
v 0.114055 0.252458 -0.000395
v -1.542635 0.186721 0.034171
v -1.542635 0.235851 -0.000395
v 0.433422 0.215359 0.034171
v 0.283354 -0.079809 0.027682
v -0.009704 -0.097209 0.027682
v 0.198729 -0.089373 0.027682
v -2.143278 0.083156 0.027682
v -2.441737 0.177786 0.027682
v -1.542635 -0.028656 0.027682
v 0.433422 -0.086510 0.027682
v 0.283354 -0.150601 0.019112
v -0.009704 -0.160695 0.019112
v 0.198729 -0.156149 0.019112
v -2.143278 0.049140 0.019112
v -2.744500 0.306534 -0.000460
v -2.441406 0.156147 0.019112
v -1.542635 -0.078843 0.019112
v 0.869965 -0.191499 0.021375
v 0.433422 -0.156851 0.019112
v 1.186541 0.122242 0.038182
v 1.181768 -0.235915 0.038182
v 0.997198 0.157866 0.038182
v 0.997198 -0.110137 0.038182
v 1.137981 0.133290 0.038182
v 1.137981 -0.176720 0.038182
v 1.524880 0.022358 0.038182
v 1.534040 -0.274516 0.038182
v 2.224422 -0.280152 0.038182
v 1.968916 -0.516827 0.038182
v 1.355711 0.074899 0.038182
v 1.355711 -0.237060 0.038182
v 1.862742 -0.099819 0.038182
v 1.646469 -0.330974 0.038182
v 2.192035 -0.381832 0.038182
v 2.118598 -0.458181 0.038182
v 0.997198 0.157866 -0.038971
v 0.997198 -0.110137 -0.038971
v 1.137981 0.133290 -0.038971
v 1.137981 -0.176720 -0.038971
v 1.524880 0.022358 -0.038971
v 1.534040 -0.274516 -0.038971
v 2.224422 -0.280152 -0.038971
v 1.968916 -0.516827 -0.038971
v 1.355711 0.074899 -0.038971
v 1.355711 -0.237060 -0.038971
v 1.862742 -0.099819 -0.038971
v 1.646469 -0.330974 -0.038971
v 2.192035 -0.381832 -0.038971
v 2.118598 -0.458181 -0.038971
v 2.044487 -0.501353 -0.038971
v 2.219869 -0.338060 -0.038971
v 2.044487 -0.501353 0.038182
v 2.219869 -0.338060 0.038182
v 2.211317 -0.253271 0.038182
v 1.924292 -0.497985 0.038182
v 2.211317 -0.253271 -0.038971
v 1.924292 -0.497985 -0.038971
v 1.756791 -0.387129 0.038182
v 1.756791 -0.387129 -0.038971
v 2.159976 -0.217652 0.038182
v 2.159976 -0.217652 -0.038971
v 1.440295 0.050446 -0.038971
v 1.440295 0.050446 0.038182
v 1.444875 -0.248431 0.038182
v 1.444875 -0.248431 -0.038971
v 0.473467 0.212450 -0.038971
v 0.767854 -0.109386 -0.031729
v 0.811903 -0.185906 -0.022165
v 0.473467 0.212450 0.038182
v 0.767854 -0.109386 0.030939
v 0.811903 -0.185906 0.021375
v 0.853107 -0.283327 -0.000395
v 2.203542 -0.333626 -0.038971
v 2.203542 -0.333626 0.038182
v -2.143278 0.227667 -0.034962
v 0.283354 0.219878 -0.034962
v 0.433422 0.211056 -0.034962
v -0.009704 0.172977 -0.034962
v 2.213104 -0.284846 -0.038971
v 1.525069 0.011722 -0.038971
v -1.542635 0.184733 -0.034962
v 0.198729 0.193998 -0.034962
v -2.744438 0.308871 -0.001373
v 1.137981 0.121548 -0.038971
v 1.186541 0.109642 -0.038971
v 0.997198 0.147465 -0.038971
v -2.443008 0.260895 -0.034962
v 0.433422 0.211056 0.034171
v 0.283354 0.219878 0.034171
v -0.009704 0.172977 0.034171
v 0.198729 0.193998 0.034171
v -2.143278 0.227667 0.034171
v -2.443008 0.260895 0.034171
v -1.542635 0.184733 0.034171
v 1.186541 0.109642 0.038182
v 0.997198 0.147465 0.038182
v 1.137981 0.121548 0.038182
v 1.525069 0.011722 0.038182
v 2.213104 -0.284846 0.038182
v 1.355711 0.064088 0.038182
v 1.858290 -0.108968 0.038182
v 2.182287 -0.374875 0.038182
v 1.355711 0.064088 -0.038971
v 1.858290 -0.108968 -0.038971
v 2.182287 -0.374875 -0.038971
v 2.198683 -0.258179 0.038182
v 2.198683 -0.258179 -0.038971
v 2.147052 -0.225632 -0.038971
v 2.147052 -0.225632 0.038182
v 1.440390 0.039807 0.038182
v 1.440390 0.039807 -0.038971
v 0.480988 0.207272 0.038182
v 0.480988 0.207272 -0.038971
v -1.542635 0.222767 -0.010741
v -1.542635 0.202535 -0.025088
v 0.212933 0.229395 -0.023522
v 0.160760 0.238596 -0.012673
v 0.156494 0.215245 -0.023258
v 0.118859 0.230159 -0.012676
v -0.009704 0.218961 -0.012695
v -0.009704 0.198579 -0.023506
v -2.744394 0.310562 -0.001775
v -2.443158 0.278348 -0.007540
v -2.443065 0.265107 -0.029522
v -2.143278 0.249318 -0.010271
v -2.143278 0.233131 -0.028585
v -2.143278 0.232937 0.028104
v -2.143278 0.249164 0.009611
v -2.443070 0.265517 0.028121
v -2.443158 0.278526 0.006416
v -0.009704 0.198478 0.022765
v -0.009704 0.218907 0.011934
v 0.118907 0.230141 0.011899
v 0.156574 0.215211 0.022490
v 0.160767 0.238594 0.011884
v 0.212942 0.229394 0.022732
v -1.542635 0.222653 0.010040
v -1.542635 0.202303 0.024442
v 0.903068 -0.143534 -0.028750
v 0.951753 -0.118022 -0.034415
v 0.951865 0.163525 -0.038971
v 0.898000 0.173118 -0.038971
v 0.898000 0.173118 0.038182
v 0.951865 0.163525 0.038182
v 0.951753 -0.118022 0.033626
v 0.903068 -0.143534 0.027961
v 1.057492 0.147927 0.038182
v 1.109892 0.138290 0.038182
v 1.109584 -0.153913 0.038182
v 1.057513 -0.126377 0.038182
v 1.109892 0.138290 -0.038971
v 1.057492 0.147927 -0.038971
v 1.057513 -0.126377 -0.038971
v 1.109584 -0.153913 -0.038971
v 0.951865 0.153663 -0.038971
v 0.897999 0.167213 -0.038971
v 1.057492 0.136618 -0.038971
v 1.109888 0.126912 -0.038971
v 0.897999 0.167213 0.038182
v 0.951865 0.153663 0.038182
v 1.109888 0.126912 0.038182
v 1.057492 0.136618 0.038182
v -1.012639 -0.078403 -0.028473
v -0.871336 -0.085957 -0.028473
v -0.871336 -0.145638 -0.019903
v -1.012635 -0.136692 -0.019903
v -1.012640 0.171741 -0.034962
v -0.871336 0.170160 -0.034962
v -0.871337 -0.228076 -0.000396
v -1.012623 -0.217209 -0.000396
v -0.871336 0.170160 0.034171
v -1.012640 0.171741 0.034171
v -1.012640 0.221857 -0.000395
v -0.871343 0.221565 -0.000395
v -0.871336 -0.085957 0.027682
v -1.012639 -0.078403 0.027682
v -1.012635 -0.136692 0.019112
v -0.871336 -0.145638 0.019112
v -1.012640 0.169361 -0.034962
v -0.871336 0.167741 -0.034962
v -0.871336 0.167741 0.034171
v -1.012640 0.169360 0.034171
v -0.871338 0.186454 -0.024799
v -1.012639 0.187468 -0.024927
v -1.012639 0.207296 -0.011196
v -0.871340 0.206274 -0.011365
v -1.012639 0.187303 0.024241
v -0.871338 0.186302 0.024104
v -0.871340 0.206196 0.010631
v -1.012639 0.207212 0.010467
v -1.842956 -0.084490 -0.000396
v -1.842956 0.015767 -0.028473
v -1.842956 -0.026334 -0.019903
v -1.842956 0.207929 -0.034962
v -1.842956 0.207929 0.034171
v -1.842956 0.015767 0.027682
v -1.842956 -0.026334 0.019112
v -1.842956 0.248381 -0.000395
v -1.842956 0.206200 0.034171
v -1.842956 0.206200 -0.034962
v -1.842956 0.236042 -0.010506
v -1.842956 0.217833 -0.026836
v -1.842956 0.217620 0.026273
v -1.842956 0.235909 0.009826
v -2.744221 0.317059 -0.002079
v -2.744221 0.317059 0.001159
v -2.744069 0.318409 -0.000794
v -2.744204 0.317387 -0.001824
v -2.744202 0.317419 0.000876
v -2.744066 0.318423 -0.000141
v -2.747671 0.308290 -0.000462
v -2.747899 0.318918 -0.000463
v -2.748239 0.310627 -0.000463
v -2.748194 0.312318 -0.000463
v -2.748021 0.317554 -0.000463
v -2.748004 0.317899 -0.000463
v 0.457526 0.214061 -0.034962
v 0.752031 -0.108048 -0.028473
v 0.792578 -0.184044 -0.019903
v 0.457526 0.214061 0.034171
v 0.752031 -0.108048 0.027682
v 0.792578 -0.184044 0.019112
v 0.830506 -0.281400 -0.000396
v 0.464619 0.209021 -0.034962
v 0.464619 0.209021 0.034171
v 2.144723 -0.389075 -0.038971
v -2.143278 0.193597 -0.033269
v 0.283354 0.135580 -0.033269
v -0.009704 0.099123 -0.033269
v -1.542635 0.126107 -0.033269
v 0.198729 0.115317 -0.033269
v 1.137981 0.034442 -0.038971
v 0.997198 0.072235 -0.038971
v -2.442664 0.238383 -0.033269
v 0.283354 0.135580 0.032478
v -0.009704 0.099123 0.032478
v 0.198729 0.115317 0.032478
v -2.143278 0.193597 0.032478
v -2.442664 0.238383 0.032478
v -1.542635 0.126107 0.032478
v 0.997198 0.072235 0.038182
v 1.137981 0.034442 0.038182
v 1.355711 -0.021035 0.038182
v 1.796430 -0.170992 0.038182
v 1.355711 -0.021035 -0.038971
v 1.796430 -0.170992 -0.038971
v 2.104751 -0.338117 -0.038971
v 2.033080 -0.271411 -0.038971
v 1.441700 -0.042918 -0.038971
v 0.604039 0.104402 0.036292
v 2.144723 -0.389075 0.038182
v 0.433422 0.127039 -0.033269
v 2.127231 -0.363389 -0.038971
v 1.527689 -0.070957 -0.038971
v 1.186541 0.010615 -0.038971
v 0.433422 0.127039 0.032478
v 1.186541 0.010615 0.038182
v 1.527689 -0.070957 0.038182
v 2.127231 -0.363389 0.038182
v 2.156675 -0.405251 0.038182
v 2.156675 -0.405251 -0.038971
v 2.104751 -0.338117 0.038182
v 2.033080 -0.271411 0.038182
v 1.441700 -0.042918 0.038182
v 0.604039 0.104402 -0.037081
v -2.744268 0.315299 0.001080
v -2.744268 0.315299 -0.002000
v 1.109803 0.044895 -0.038971
v 1.057498 0.059813 -0.038971
v 1.057498 0.059813 0.038182
v 1.109803 0.044895 0.038182
v 0.899322 0.072559 -0.036304
v 0.951836 0.074321 -0.037782
v 0.951836 0.074321 0.036993
v 0.899322 0.072559 0.035514
v -0.871336 0.097956 -0.033269
v -1.012639 0.101183 -0.033269
v -1.012639 0.101183 0.032478
v -0.871336 0.097956 0.032478
v -1.842956 0.153947 -0.033269
v -1.842956 0.153947 0.032478
v -2.748068 0.316124 -0.000463
v 0.588242 0.106547 0.032478
v 0.588242 0.106547 -0.033269
v 0.455562 0.214167 -0.034962
v 0.746731 -0.107690 -0.028473
v 0.786603 -0.183592 -0.019903
v 0.455562 0.214167 0.034171
v 0.746731 -0.107690 0.027682
v 0.786603 -0.183592 0.019112
v 0.462077 0.209187 -0.034962
v 0.823900 -0.280945 -0.000396
v 0.462077 0.209187 0.034171
v 0.582471 0.107311 -0.033269
v 0.582471 0.107311 0.032478
v 0.433422 -0.247313 -0.001741
v -1.542635 -0.143385 -0.001741
v 0.283354 -0.241643 -0.001741
v 0.198729 -0.242026 -0.001741
v -0.009704 -0.242339 -0.001741
v -2.440981 0.128318 -0.001741
v -2.143278 0.005394 -0.001741
v 0.861872 -0.277640 0.001107
v 0.861872 -0.277640 -0.001897
v 0.283354 -0.241643 0.000950
v -0.009704 -0.242339 0.000950
v 0.198729 -0.242026 0.000950
v -2.143278 0.005394 0.000950
v -2.440981 0.128318 0.000950
v -1.542635 -0.143385 0.000950
v 0.433422 -0.247313 0.000950
v 0.850264 -0.276606 0.001107
v 0.850264 -0.276606 -0.001897
v -2.744496 0.306695 -0.000397
v -2.744496 0.306695 -0.000523
v -0.871337 -0.222389 -0.001741
v -1.012623 -0.211655 -0.001741
v -1.012623 -0.211655 0.000950
v -0.871337 -0.222389 0.000950
v -1.842956 -0.080479 0.000950
v -1.842956 -0.080479 -0.001741
v -2.747710 0.308451 -0.000462
v 0.827889 -0.274684 -0.001741
v 0.827889 -0.274684 0.000950
v 0.821327 -0.274229 0.000950
v 0.821327 -0.274229 -0.001741
v 2.040885 -0.486965 -0.038971
v -2.143278 0.089791 -0.028777
v 0.283354 -0.066151 -0.028777
v -0.009704 -0.084760 -0.028777
v -1.542635 -0.018842 -0.028777
v 0.198729 -0.076393 -0.028777
v 1.137981 -0.163330 -0.038971
v 0.997198 -0.098573 -0.038971
v -2.441796 0.181629 -0.028777
v 0.283354 -0.066151 0.027986
v -0.009704 -0.084760 0.027986
v 0.198729 -0.076393 0.027986
v -2.143278 0.089791 0.027986
v -2.441796 0.181629 0.027986
v -1.542635 -0.018842 0.027986
v 0.997198 -0.098573 0.038182
v 1.137981 -0.163330 0.038182
v 1.355711 -0.214302 0.038182
v 1.655978 -0.311814 0.038182
v 1.355711 -0.214302 -0.038971
v 1.655978 -0.311814 -0.038971
v 1.936610 -0.481207 -0.038971
v 1.774310 -0.375350 -0.038971
v 1.444674 -0.230743 -0.038971
v 0.757466 -0.095830 0.031279
v -2.744386 0.310863 0.000870
v -2.744386 0.310863 -0.001789
v 1.109598 -0.141307 -0.038971
v 1.057512 -0.114571 0.038182
v 0.951758 -0.105826 -0.034629
v 0.902831 -0.129831 0.028440
v -0.871336 -0.074295 -0.028777
v -1.012639 -0.067016 0.027986
v -1.842956 0.024529 0.027986
v -2.748186 0.312560 -0.000463
v 0.741645 -0.094440 -0.028777
v 2.040885 -0.486965 0.038182
v 0.433422 -0.072969 -0.028777
v 1.979878 -0.498165 -0.038971
v 1.533637 -0.258678 -0.038971
v 1.186541 -0.214224 -0.038971
v 0.433422 -0.072969 0.027986
v 1.186541 -0.214224 0.038182
v 1.533637 -0.258678 0.038182
v 1.979878 -0.498165 0.038182
v 2.109575 -0.449532 0.038182
v 2.109575 -0.449532 -0.038971
v 1.936610 -0.481207 0.038182
v 1.774310 -0.375350 0.038182
v 1.444674 -0.230743 0.038182
v 0.757466 -0.095830 -0.032068
v 1.057512 -0.114571 -0.038971
v 1.109598 -0.141307 0.038182
v 0.902831 -0.129831 -0.029229
v 0.951758 -0.105826 0.033839
v -1.012639 -0.067016 -0.028777
v -0.871336 -0.074295 0.027986
v -1.842956 0.024529 -0.028777
v 0.741645 -0.094440 0.027986
v 0.736315 -0.094056 0.027986
v 0.736315 -0.094056 -0.028777
v 0.860711 -0.283975 -0.000395
v 0.865969 -0.191114 -0.022165
v 0.865969 -0.191114 0.021375
v 0.893763 -0.141184 -0.028955
v 0.869302 0.170419 -0.038971
v 0.868785 0.176274 -0.038971
v 0.868785 0.176274 0.038182
v 0.869302 0.170419 0.038182
v 0.893763 -0.141184 0.028166
v 0.879002 0.074750 -0.036358
v 0.879002 0.074750 0.035568
v 0.861074 -0.277569 0.001107
v 0.861074 -0.277569 -0.001897
v 0.892827 -0.127491 0.028635
v 0.892827 -0.127491 -0.029425
v -2.744016 0.318644 -0.000526
v -2.744015 0.318647 -0.000397
v -1.542635 0.233268 -0.002438
v -2.143278 0.258622 -0.002345
v 0.123277 0.249721 0.002029
v 0.123276 0.249722 -0.002819
v 0.084168 0.243129 -0.002820
v -0.009704 0.236448 -0.002824
v -2.443158 0.281462 0.000949
v -2.443158 0.281426 -0.001806
v -2.143278 0.258592 0.001580
v -1.542635 0.233245 0.001665
v -0.009704 0.236437 0.002039
v 0.084178 0.243126 0.002032
v -1.012640 0.218982 -0.002528
v -0.871342 0.218546 -0.002561
v -0.871342 0.218530 0.001782
v -1.012640 0.218966 0.001749
v -1.842956 0.245918 0.001623
v -1.842956 0.245945 -0.002392
v -2.747849 0.319142 -0.000463
v -2.476951 0.147637 -0.000403
v -2.478740 0.268051 0.030256
v -2.477633 0.193534 -0.025306
v -2.477347 0.174260 -0.017705
v -2.478785 0.271673 0.024890
v -2.478733 0.267556 0.030256
v -2.478733 0.267556 -0.031062
v -2.478740 0.268051 -0.031062
v -2.478780 0.271308 -0.026237
v -2.477347 0.174260 0.016899
v -2.478838 0.286515 -0.000403
v -2.478846 0.283258 0.005638
v -2.478846 0.283099 -0.006740
v -2.477633 0.193534 0.024500
v -2.478435 0.247506 -0.029560
v -2.478435 0.247506 0.028754
v -2.476978 0.149474 0.000790
v -2.476978 0.149474 -0.001597
v -2.477684 0.196956 0.024770
v -2.477684 0.196956 -0.025576
v -2.478840 0.285840 -0.001654
v -2.478840 0.285872 0.000790
v 0.812530 -0.185966 -0.022165
v 0.812530 -0.185966 0.021375
v 0.769314 -0.109755 -0.031697
v 0.769314 -0.109755 0.030907
v 0.607228 0.104058 0.036283
v 0.850390 -0.276618 0.001107
v 0.759036 -0.096197 0.031248
v 0.485490 0.206769 -0.038971
v 0.478051 0.211955 -0.038971
v 0.478051 0.211955 0.038182
v 0.485490 0.206769 0.038182
v 0.607228 0.104058 -0.037073
v 0.850390 -0.276618 -0.001897
v 0.759036 -0.096197 -0.032038
v 2.165187 -0.414692 0.038182
v 2.165187 -0.414692 -0.038971
v 1.187065 -0.235851 -0.038971
v 1.187065 -0.235851 0.038182
v 1.191839 0.120784 0.038182
v 1.191839 0.120784 -0.038971
v 1.191839 0.108215 0.038182
v 1.191839 0.108215 -0.038971
v 1.191839 0.009623 -0.038971
v 1.191839 0.009623 0.038182
v 1.191839 -0.214226 0.038182
v 1.191839 -0.214226 -0.038971
v 2.219869 -0.338060 0.034042
v 2.044487 -0.501353 0.034042
v 1.355711 -0.237060 0.034042
v 1.534040 -0.274516 0.034042
v 0.997198 0.157866 0.034042
v 1.137981 -0.176720 0.034042
v 1.862742 -0.099819 0.034042
v 1.524880 0.022358 0.034042
v 1.646469 -0.330974 0.034042
v 1.968916 -0.516827 0.034042
v 1.137981 0.133290 0.034042
v 1.181768 -0.235915 0.034042
v 2.118598 -0.458181 0.034042
v 2.192035 -0.381832 0.034042
v 2.224422 -0.280152 0.034042
v 0.283354 0.223997 0.030462
v 1.355711 0.074899 0.034042
v 0.433422 0.215359 0.030462
v 1.186541 0.122242 0.034042
v 0.997198 -0.110137 0.034042
v 0.869965 -0.191499 0.019039
v 2.211317 -0.253271 0.034042
v 1.924292 -0.497985 0.034042
v 2.159976 -0.217652 0.034042
v 1.756791 -0.387129 0.034042
v 1.440295 0.050446 0.034042
v 1.444875 -0.248431 0.034042
v 0.473467 0.212450 0.034042
v 0.160767 0.238594 0.010566
v 0.212942 0.229394 0.020251
v 1.109892 0.138290 0.034042
v 1.057492 0.147927 0.034042
v 1.057513 -0.126377 0.034042
v 1.109584 -0.153913 0.034042
v 0.898000 0.173118 0.034042
v 0.951865 0.163525 0.034042
v 0.903068 -0.143534 0.024918
v 0.951753 -0.118022 0.029975
v 0.457526 0.214061 0.030462
v 0.455562 0.214167 0.030462
v 0.861872 -0.277640 0.000946
v 0.868785 0.176274 0.034042
v 0.123277 0.249721 0.001769
v 0.478051 0.211955 0.034042
v 2.165187 -0.414692 0.034042
v 1.191839 0.120784 0.034042
v 1.187065 -0.235851 0.034042
v 2.219869 -0.338060 -0.033365
v 2.044487 -0.501353 -0.033365
v 1.355711 -0.237060 -0.033364
v 1.862742 -0.099819 -0.033364
v 1.646469 -0.330974 -0.033365
v 1.137981 0.133290 -0.033364
v 2.118598 -0.458181 -0.033365
v 0.433422 0.215359 -0.029938
v 1.186541 0.122242 -0.033364
v 0.869965 -0.191499 -0.019001
v 2.211317 -0.253271 -0.033364
v 1.924292 -0.497985 -0.033365
v 2.159976 -0.217652 -0.033364
v 1.756791 -0.387129 -0.033365
v 1.440295 0.050446 -0.033364
v 1.444875 -0.248431 -0.033364
v 0.473467 0.212450 -0.033364
v 0.160760 0.238596 -0.010888
v 0.114763 0.252248 -0.000209
v 1.109892 0.138290 -0.033364
v 1.057513 -0.126377 -0.033364
v 0.951865 0.163525 -0.033364
v 0.903068 -0.143534 -0.024629
v -0.871343 0.221332 -0.000228
v -1.842956 0.248192 -0.000241
v 0.861319 -0.283533 -0.000279
v 0.860739 -0.283483 -0.000279
v -2.443158 0.282128 -0.000292
v -2.143278 0.260733 -0.000244
v -1.542635 0.235651 -0.000237
v -0.009704 0.240419 -0.000209
v 0.076290 0.246075 -0.000209
v -1.012640 0.221635 -0.000231
v -2.478838 0.286465 -0.000312
v -2.744016 0.318644 -0.000516
v 0.852898 -0.282812 -0.000279
v 1.191839 0.120784 -0.033364
v 1.187065 -0.235851 -0.033364
v 1.534040 -0.274516 -0.033365
v 0.997198 0.157866 -0.033364
v 1.137981 -0.176720 -0.033364
v 1.524880 0.022358 -0.033364
v 1.968916 -0.516827 -0.033365
v 1.181768 -0.235915 -0.033364
v 2.192035 -0.381832 -0.033365
v 2.224422 -0.280152 -0.033365
v 0.283354 0.223997 -0.029938
v 1.355711 0.074899 -0.033364
v 0.997198 -0.110137 -0.033364
v 0.212934 0.229394 -0.020160
v 1.057492 0.147927 -0.033364
v 1.109584 -0.153913 -0.033364
v 0.898000 0.173118 -0.033364
v 0.951753 -0.118022 -0.029471
v 0.457526 0.214061 -0.029938
v 0.455562 0.214167 -0.029938
v 0.861872 -0.277640 -0.001678
v 0.868785 0.176274 -0.033364
v 0.123276 0.249721 -0.002467
v 0.478051 0.211955 -0.033364
v 2.165187 -0.414692 -0.033365
v 2.092804 -0.438020 0.038182
v 0.433422 0.027035 -0.031023
v 2.053555 -0.430777 -0.038971
v 1.530663 -0.164817 -0.038971
v 1.186541 -0.101805 -0.038971
v 0.433422 0.027035 0.030232
v 1.186541 -0.101805 0.038182
v 1.530663 -0.164817 0.038182
v 2.053555 -0.430777 0.038182
v 2.133125 -0.427392 0.038182
v 2.133125 -0.427392 -0.038971
v 2.020680 -0.409662 0.038182
v 1.903695 -0.323380 0.038182
v 1.443187 -0.136830 0.038182
v 0.680753 0.004286 -0.034575
v 1.057505 -0.027379 -0.038971
v 1.109700 -0.048206 0.038182
v 0.901076 -0.028636 -0.032767
v 0.951797 -0.015753 0.035416
v -1.012639 0.017084 -0.031023
v -0.871336 0.011831 0.030232
v -1.842956 0.089238 -0.031023
v 0.664944 0.006053 0.030232
v 2.141892 -0.436436 0.038182
v 0.659393 0.006627 0.030232
v 2.092804 -0.438020 -0.038971
v -2.143278 0.138786 -0.031023
v 0.283354 0.034715 -0.031023
v -0.009704 0.007182 -0.031023
v -1.542635 0.053632 -0.031023
v 0.198729 0.019462 -0.031023
v 1.137981 -0.064444 -0.038971
v 0.997198 -0.013169 -0.038971
v -2.442230 0.210006 -0.031023
v 0.283354 0.034715 0.030232
v -0.009704 0.007182 0.030232
v 0.198729 0.019462 0.030232
v -2.143278 0.179812 0.031913
v -2.442419 0.222373 0.031211
v -1.542635 0.053632 0.030232
v 0.997198 -0.013169 0.038182
v 1.137981 -0.064444 0.038182
v 1.355711 -0.117668 0.038182
v 1.726204 -0.241403 0.038182
v 1.355711 -0.117668 -0.038971
v 1.726204 -0.241403 -0.038971
v 2.020680 -0.409662 -0.038971
v 1.903695 -0.323380 -0.038971
v 1.443187 -0.136830 -0.038971
v 0.680753 0.004286 0.033785
v -2.744327 0.313081 0.000975
v -2.744327 0.313081 -0.001894
v 1.109700 -0.048206 -0.038971
v 1.057505 -0.027379 0.038182
v 0.951797 -0.015753 -0.036206
v 0.901076 -0.028636 0.031977
v -0.871336 0.011831 -0.031023
v -1.012639 0.017084 0.030232
v -1.842956 0.089238 0.030232
v -2.748127 0.314342 -0.000463
v 0.664944 0.006053 -0.031023
v 0.659393 0.006627 -0.031023
v 0.885914 -0.026370 0.032102
v 0.885914 -0.026370 -0.032891
v -2.478059 0.222231 -0.027568
v -2.478223 0.233246 0.027630
v 0.683132 0.003930 -0.034555
v 0.683132 0.003930 0.033766
v 2.141892 -0.436436 -0.038971
v 1.191839 -0.102302 0.038182
v 1.191839 -0.102302 -0.038971
v 2.141892 -0.436436 0.034042
v 2.141892 -0.436436 -0.033365
v 2.174133 -0.361351 0.038182
v 0.433422 0.169048 -0.034116
v 2.170167 -0.324118 -0.038971
v 1.526379 -0.029618 -0.038971
v 1.186541 0.060128 -0.038971
v 0.433422 0.169048 0.033325
v 1.186541 0.060128 0.038182
v 1.526379 -0.029618 0.038182
v 2.170167 -0.324118 0.038182
v 2.169481 -0.390063 0.038182
v 2.169481 -0.390063 -0.038971
v 2.151717 -0.298148 0.038182
v 2.090066 -0.248521 0.038182
v 1.441045 -0.001556 0.038182
v 0.542514 0.155837 -0.038026
v 1.057495 0.098215 -0.038971
v 1.109845 0.085903 0.038182
v 0.898661 0.119886 -0.037638
v 0.951851 0.113992 0.037587
v -1.012639 0.135272 -0.034116
v -0.871336 0.132848 0.033325
v -1.842956 0.180073 -0.034116
v 0.526431 0.157784 0.033325
v 2.174133 -0.361351 -0.038971
v -2.143278 0.202751 -0.034116
v 0.283354 0.177729 -0.034116
v -0.009704 0.136050 -0.034116
v -1.542635 0.155420 -0.034116
v 0.198729 0.154658 -0.034116
v 1.137981 0.077995 -0.038971
v 0.997198 0.109850 -0.038971
v -2.442836 0.249639 -0.034116
v 0.283354 0.177729 0.033325
v -0.009704 0.136050 0.033325
v 0.198729 0.154658 0.033325
v -2.143278 0.202751 0.033325
v -2.442836 0.249639 0.033325
v -1.542635 0.155420 0.033325
v 0.997198 0.109850 0.038182
v 1.137981 0.077995 0.038182
v 1.355711 0.021527 0.038182
v 1.827360 -0.139980 0.038182
v 1.355711 0.021527 -0.038971
v 1.827360 -0.139980 -0.038971
v 2.151717 -0.298148 -0.038971
v 2.090066 -0.248521 -0.038971
v 1.441045 -0.001556 -0.038971
v 0.542514 0.155837 0.037237
v -2.744244 0.316179 0.001120
v -2.744244 0.316179 -0.002039
v 1.109845 0.085903 -0.038971
v 1.057495 0.098215 0.038182
v 0.951851 0.113992 -0.038377
v 0.898661 0.119886 0.036848
v -0.871336 0.132848 -0.034116
v -1.012639 0.135272 0.033325
v -1.842956 0.180073 0.033325
v -2.748045 0.316839 -0.000463
v 0.526431 0.157784 -0.034116
v 0.522274 0.158249 -0.034116
v 0.522274 0.158249 0.033325
v 0.874152 0.122585 -0.037664
v 0.874152 0.122585 0.036875
v -2.478584 0.257531 -0.030311
v -2.478584 0.257531 0.029505
v 0.546359 0.155413 0.037233
v 0.546359 0.155413 -0.038022
v 2.178611 -0.398262 0.038182
v 2.178611 -0.398262 -0.038971
v 1.191839 0.058919 -0.038971
v 1.191839 0.058919 0.038182
v 2.178611 -0.398262 0.034042
v 2.178611 -0.398262 -0.033365
v -2.143278 0.202751 -0.026608
v -2.143278 0.193597 -0.025949
v 0.283354 0.177729 -0.026608
v 0.283354 0.135580 -0.025949
v -0.009704 0.136050 -0.026608
v -0.009704 0.099123 -0.025949
v -1.542635 0.155420 -0.026608
v -1.542635 0.126107 -0.025949
v 0.198729 0.154658 -0.026608
v 0.198729 0.115317 -0.025949
v 0.283354 0.177729 0.025817
v 0.283354 0.135580 0.025158
v -0.009704 0.136050 0.025817
v -0.009704 0.099123 0.025158
v 0.198729 0.154658 0.025817
v 0.198729 0.115317 0.025158
v -2.143278 0.202751 0.025817
v -2.143278 0.193597 0.025158
v -1.542635 0.155420 0.025817
v -1.542635 0.126107 0.025158
v -0.871336 0.132848 -0.026608
v -0.871336 0.097956 -0.025949
v -1.012639 0.135272 0.025817
v -1.012639 0.101183 0.025158
v -1.842956 0.180073 0.025817
v -1.842956 0.153947 0.025158
v -1.842956 0.153947 -0.025949
v -0.871336 0.097956 0.025158
v -1.012639 0.101183 -0.025949
v -1.012639 0.135272 -0.026608
v -0.871336 0.132848 0.025817
v -1.842956 0.180073 -0.026608
v 0.241041 -0.153375 -0.019903
v 0.241041 -0.248389 -0.000396
v 0.241041 -0.084591 -0.028473
v 0.241041 0.210597 -0.034962
v 0.241041 0.210597 0.034171
v 0.094844 0.249389 -0.000395
v 0.241041 -0.084591 0.027682
v 0.241041 -0.153375 0.019112
v 0.241041 0.206938 0.034171
v 0.241041 0.206938 -0.034962
v 0.184713 0.222320 -0.023390
v 0.139809 0.234378 -0.012675
v 0.139837 0.234368 0.011891
v 0.184758 0.222302 0.022611
v 0.241041 0.125449 -0.033269
v 0.241041 0.125449 0.032478
v 0.241041 -0.241835 0.000950
v 0.241041 -0.241835 -0.001741
v 0.241041 -0.071272 0.027986
v 0.241041 -0.071272 -0.028777
v 0.103722 0.246425 -0.002820
v 0.103728 0.246423 0.002030
v 0.095527 0.249161 -0.000209
v 0.241041 0.027088 0.030232
v 0.241041 0.027088 -0.031023
v 0.241041 0.166193 -0.034116
v 0.241041 0.166193 0.033325
v 0.241041 0.125449 -0.025949
v 0.241041 0.125449 0.025158
v 0.241041 0.166193 -0.026608
v 0.241041 0.166193 0.025817
v -1.993117 0.049462 -0.028473
v -1.993117 0.011403 -0.019903
v -1.993117 0.218533 -0.034962
v -1.993117 0.218533 0.034171
v -1.993117 0.049462 0.027682
v -1.993117 0.011403 0.019112
v -1.993117 0.254646 -0.000395
v -1.993117 0.216933 -0.034962
v -1.993117 0.242680 -0.010389
v -1.993117 0.225278 0.027188
v -1.993117 -0.041169 -0.000396
v -1.993117 0.216933 0.034171
v -1.993117 0.225482 -0.027711
v -1.993117 0.242536 0.009719
v -1.993117 0.170864 -0.033269
v -1.993117 0.170864 0.032478
v -1.993117 -0.037542 0.000950
v -1.993117 -0.037542 -0.001741
v -1.993117 0.057160 0.027986
v -1.993117 0.057160 -0.028777
v -1.993117 0.252283 -0.002369
v -1.993117 0.252255 0.001601
v -1.993117 0.254462 -0.000242
v -1.993117 0.114012 0.030232
v -1.993117 0.114012 -0.031023
v -1.993117 0.193899 -0.034116
v -1.993117 0.193899 0.033325
v -1.993117 0.170864 -0.025949
v -1.993117 0.170864 0.025158
v -1.993117 0.193899 -0.026608
v -1.993117 0.193899 0.025817
v -2.127028 0.079510 -0.028473
v -2.127028 0.045056 -0.019903
v -2.127028 0.227989 -0.034962
v -2.127028 0.227989 0.034171
v -2.127028 0.079510 0.027682
v -2.127028 0.045056 0.019112
v -2.127028 0.260233 -0.000395
v -2.127028 0.226505 -0.034962
v -2.127028 0.248599 -0.010284
v -2.127028 0.232108 0.028005
v -2.127028 0.185950 0.032478
v -2.127028 0.000748 0.000950
v -2.127028 0.086259 0.027986
v -2.127028 0.257906 0.001583
v -2.127028 0.260054 -0.000244
v -2.127028 0.136105 0.030232
v -2.127028 0.206228 0.033325
v -2.127028 0.185950 0.025158
v -2.127028 0.206228 0.025817
v -2.127028 -0.002536 -0.000395
v -2.127028 0.226505 0.034171
v -2.127028 0.232303 -0.028490
v -2.127028 0.248446 0.009623
v -2.127028 0.185950 -0.033269
v -2.127028 0.000748 -0.001741
v -2.127028 0.086259 -0.028777
v -2.127028 0.257936 -0.002348
v -2.127028 0.136105 -0.031023
v -2.127028 0.206228 -0.034116
v -2.127028 0.185950 -0.025949
v -2.127028 0.206228 -0.026608
v -2.158826 0.088086 -0.028473
v -2.158785 0.008618 -0.000395
v -2.158809 0.054715 -0.019903
v -2.158893 0.230820 -0.034962
v -2.158900 0.262019 -0.000395
v -2.158893 0.230820 0.034171
v -2.158826 0.088086 0.027682
v -2.158809 0.054715 0.019112
v -2.158892 0.229398 0.034171
v -2.158892 0.229398 -0.034962
v -2.158900 0.250830 -0.010129
v -2.158895 0.234797 -0.028634
v -2.158895 0.234634 0.028105
v -2.158900 0.250693 0.009445
v -2.158874 0.190417 -0.033269
v -2.158874 0.190417 0.032478
v -2.158787 0.011798 0.000950
v -2.158787 0.011798 -0.001741
v -2.158829 0.094575 0.027986
v -2.158829 0.094575 -0.028777
v -2.158900 0.259783 0.001547
v -2.158900 0.259810 -0.002317
v -2.158900 0.261847 -0.000246
v -2.158869 0.178364 0.031913
v -2.158852 0.142496 -0.031023
v -2.158883 0.209907 -0.034116
v -2.158883 0.209907 0.033325
v 0.300485 -0.249031 -0.000396
v 0.300485 0.223011 -0.034962
v 0.300485 -0.080574 -0.028473
v 0.300485 -0.151315 -0.019903
v 0.300485 0.223011 0.034171
v 0.300485 -0.080574 0.027682
v 0.300485 -0.151315 0.019112
v 0.300485 0.218871 0.034171
v 0.300485 0.218871 -0.034962
v 0.300485 0.134605 -0.033269
v 0.300485 0.134605 0.032478
v 0.300485 -0.242290 0.000950
v 0.300485 -0.242290 -0.001741
v 0.300485 -0.066929 0.027986
v 0.300485 -0.066929 -0.028777
v 0.300485 0.223011 0.030462
v 0.300485 0.223011 -0.029938
v 0.300485 0.033838 0.030232
v 0.300485 0.033838 -0.031023
v 0.300485 0.176738 -0.034116
v 0.300485 0.176738 0.033325
v 2.136266 -0.397048 0.038182
v 0.433422 0.110749 -0.032903
v 2.115230 -0.374366 -0.038971
v 1.528173 -0.086247 -0.038971
v 1.186541 -0.007698 -0.038971
v 0.433422 0.110749 0.032112
v 1.186541 -0.007698 0.038182
v 1.528173 -0.086247 0.038182
v 2.115230 -0.374366 0.038182
v 2.152839 -0.408858 0.038182
v 2.152839 -0.408858 -0.038971
v 2.091056 -0.349772 0.038182
v 2.012004 -0.279876 0.038182
v 1.441942 -0.058216 0.038182
v 0.616536 0.088093 -0.036673
v 1.057499 0.045610 -0.038971
v 1.109786 0.029729 0.038182
v 0.899608 0.056075 -0.035728
v 0.951830 0.059648 0.036736
v -1.012639 0.087483 -0.032903
v -0.871336 0.083927 0.032112
v -1.842956 0.143406 -0.032903
v 0.600736 0.090177 0.032112
v 2.161392 -0.418234 0.038182
v 0.595001 0.090910 0.032112
v 0.880128 0.058278 0.035003
v -2.478374 0.243388 -0.029236
v 0.619592 0.087747 0.035873
v 2.161392 -0.418234 -0.038971
v 1.191839 -0.008609 0.038182
v 2.161392 -0.418234 0.034042
v 2.161392 -0.418234 -0.033365
v 2.136266 -0.397048 -0.038971
v -2.143278 0.184669 -0.032903
v 0.283354 0.119150 -0.032903
v -0.009704 0.084146 -0.032903
v -1.542635 0.114301 -0.032903
v 0.198729 0.099703 -0.032903
v 1.137981 0.018334 -0.038971
v 0.997198 0.058323 -0.038971
v -2.442594 0.233761 -0.032903
v 0.283354 0.119150 0.032112
v -0.009704 0.084146 0.032112
v 0.198729 0.099703 0.032112
v -2.143278 0.191352 0.032386
v -2.442624 0.235775 0.032271
v -1.542635 0.114301 0.032112
v 0.997198 0.058323 0.038182
v 1.137981 0.018334 0.038182
v 1.355711 -0.036776 0.038182
v 1.784991 -0.182461 0.038182
v 1.355711 -0.036776 -0.038971
v 1.784991 -0.182461 -0.038971
v 2.091056 -0.349772 -0.038971
v 2.012004 -0.279876 -0.038971
v 1.441942 -0.058216 -0.038971
v 0.616536 0.088093 0.035883
v -2.744277 0.314938 0.001063
v -2.744277 0.314938 -0.001982
v 1.109786 0.029729 -0.038971
v 1.057499 0.045610 0.038182
v 0.951830 0.059648 -0.037526
v 0.899608 0.056075 0.034938
v -0.871336 0.083927 -0.032903
v -1.012639 0.087483 0.032112
v -1.842956 0.143406 0.032112
v -2.748078 0.315833 -0.000463
v 0.600736 0.090177 -0.032903
v 0.595001 0.090910 -0.032903
v 0.880128 0.058278 -0.035793
v -2.478400 0.245183 0.028571
v 0.619592 0.087747 -0.036663
v 1.191839 -0.008609 -0.038971
v 0.241041 0.109426 0.032112
v 0.241041 0.109426 -0.032903
v -1.993117 0.161603 0.032112
v -1.993117 0.161603 -0.032903
v -2.127028 0.177830 0.032112
v -2.127028 0.177830 -0.032903
v -2.158873 0.188453 0.032386
v -2.158870 0.182611 -0.032903
v 0.300485 0.118191 0.032112
v 0.300485 0.118191 -0.032903
vt 0.045573 0.348494
vt 0.038798 0.347816
vt 0.046281 0.242254
vt 0.052107 0.242837
vt 0.193842 0.396807
vt 0.195232 0.405154
vt 0.181902 0.406447
vt 0.180113 0.398140
vt 0.285569 0.016670
vt 0.285569 0.032539
vt 0.284449 0.032539
vt 0.284449 0.016670
vt 0.163329 0.817855
vt 0.161433 0.818101
vt 0.158527 0.758160
vt 0.161582 0.757787
vt 0.210379 0.870297
vt 0.209779 0.873617
vt 0.200939 0.874393
vt 0.201427 0.871084
vt 0.276892 0.000146
vt 0.276442 0.001895
vt 0.276371 0.001894
vt 0.276855 0.000000
vt 0.216634 0.444920
vt 0.229766 0.616438
vt 0.214373 0.617877
vt 0.200269 0.446457
vt 0.311938 0.097541
vt 0.312896 0.097452
vt 0.307155 0.151273
vt 0.307105 0.151278
vt 0.208816 0.876826
vt 0.191283 0.935210
vt 0.185610 0.935750
vt 0.200140 0.877590
vt 0.192254 0.385043
vt 0.178137 0.386416
vt 0.176678 0.359896
vt 0.190716 0.358531
vt 0.165335 0.881030
vt 0.164718 0.938088
vt 0.164608 0.938101
vt 0.165052 0.881059
vt 0.154514 0.652182
vt 0.161976 0.757746
vt 0.154042 0.652230
vt 0.050457 0.054893
vt 0.048464 0.054667
vt 0.044088 0.000778
vt 0.044264 0.000790
vt 0.047644 0.182147
vt 0.045886 0.242214
vt 0.042851 0.241844
vt 0.045768 0.181906
vt 0.181247 0.936202
vt 0.193442 0.878215
vt 0.118636 0.392395
vt 0.117814 0.392478
vt 0.116696 0.365924
vt 0.117550 0.365838
vt 0.212436 0.403532
vt 0.187798 0.942785
vt 0.188173 0.942749
vt 0.161936 0.999076
vt 0.161903 0.999078
vt 0.161288 0.651502
vt 0.167803 0.757162
vt 0.156063 0.818804
vt 0.155597 0.818864
vt 0.152126 0.758970
vt 0.152621 0.758906
vt 0.118389 0.436025
vt 0.121577 0.454533
vt 0.120744 0.454634
vt 0.117945 0.437798
vt 0.300651 0.097455
vt 0.301730 0.097554
vt 0.306565 0.151278
vt 0.306508 0.151273
vt 0.313661 0.033152
vt 0.312405 0.033252
vt 0.312395 0.030116
vt 0.313661 0.030016
vt 0.194112 0.875028
vt 0.194514 0.871728
vt 0.002839 0.738291
vt 0.003169 0.747418
vt 0.001103 0.747210
vt 0.000881 0.738093
vt 0.285569 0.221561
vt 0.286346 0.230767
vt 0.285359 0.230767
vt 0.284449 0.221561
vt 0.306791 0.097930
vt 0.306810 0.097931
vt 0.306848 0.151272
vt 0.306846 0.151272
vt 0.125592 0.412104
vt 0.133900 0.453076
vt 0.133451 0.453121
vt 0.124957 0.412168
vt 0.151552 0.624136
vt 0.148405 0.624522
vt 0.128916 0.453655
vt 0.131536 0.162394
vt 0.129425 0.162626
vt 0.133324 0.145264
vt 0.135431 0.145013
vt 0.270923 0.034244
vt 0.269920 0.034242
vt 0.272230 0.020158
vt 0.272901 0.020159
vt 0.165277 0.874644
vt 0.165368 0.877895
vt 0.165077 0.877924
vt 0.164982 0.874674
vt 0.211559 0.395133
vt 0.122313 0.420985
vt 0.152032 0.624088
vt 0.270161 0.073119
vt 0.269042 0.073118
vt 0.269043 0.072197
vt 0.270163 0.072199
vt 0.121308 0.224093
vt 0.118977 0.224329
vt 0.120207 0.214464
vt 0.122708 0.214211
vt 0.122184 0.403961
vt 0.121458 0.404034
vt 0.190529 0.003332
vt 0.191085 0.000000
vt 0.200327 0.004648
vt 0.199139 0.006724
vt 0.150875 0.075711
vt 0.152780 0.076411
vt 0.122886 0.213130
vt 0.120391 0.213382
vt 0.126249 0.179916
vt 0.128395 0.179699
vt 0.285569 0.143946
vt 0.285569 0.161252
vt 0.284449 0.161252
vt 0.284449 0.143946
vt 0.206352 0.271278
vt 0.188917 0.271927
vt 0.188914 0.271126
vt 0.206350 0.271118
vt 0.151006 0.652603
vt 0.159579 0.881829
vt 0.159157 0.881884
vt 0.159067 0.878759
vt 0.159504 0.878702
vt 0.230438 0.644713
vt 0.227399 0.751343
vt 0.214430 0.752536
vt 0.215400 0.646118
vt 0.175648 0.005812
vt 0.174423 0.003402
vt 0.179499 0.000259
vt 0.180656 0.002413
vt 0.114673 0.355266
vt 0.099674 0.353867
vt 0.098720 0.247452
vt 0.111650 0.248640
vt 0.187592 0.447684
vt 0.118956 0.252573
vt 0.116891 0.252782
vt 0.117668 0.240608
vt 0.119913 0.240381
vt 0.210470 0.383318
vt 0.208830 0.356817
vt 0.128942 0.228965
vt 0.120800 0.229780
vt 0.129954 0.223218
vt 0.073124 0.728050
vt 0.073121 0.728851
vt 0.062896 0.734502
vt 0.062613 0.732608
vt 0.009824 0.587891
vt 0.009189 0.587826
vt 0.017694 0.546874
vt 0.018143 0.546919
vt 0.006413 0.596034
vt 0.005687 0.595961
vt 0.038325 0.347768
vt 0.035295 0.347397
vt 0.049601 0.125359
vt 0.049307 0.125329
vt 0.049402 0.122079
vt 0.049694 0.122109
vt 0.164040 0.945350
vt 0.164138 0.945338
vt 0.159827 0.999223
vt 0.039858 0.181136
vt 0.036379 0.241029
vt 0.036340 0.241024
vt 0.039822 0.181131
vt 0.305597 0.097852
vt 0.306771 0.151276
vt 0.002126 0.562327
vt 0.002092 0.562191
vt 0.004894 0.545355
vt 0.004959 0.545363
vt 0.001498 0.567783
vt 0.002541 0.563966
vt 0.004369 0.571182
vt 0.003114 0.575254
vt 0.144390 0.653434
vt 0.144943 0.653364
vt 0.028627 0.346564
vt 0.028584 0.346558
vt 0.004552 0.584480
vt 0.006521 0.579025
vt 0.142226 0.625293
vt 0.141645 0.625367
vt 0.013148 0.546340
vt 0.072061 0.057210
vt 0.067047 0.056735
vt 0.045723 0.000895
vt 0.046162 0.000922
vt 0.043427 0.118118
vt 0.043338 0.121242
vt 0.043303 0.121238
vt 0.043394 0.118113
vt 0.299856 0.033156
vt 0.299856 0.030020
vt 0.301075 0.030114
vt 0.301075 0.033251
vt 0.049660 0.118973
vt 0.049378 0.118945
vt 0.048943 0.061905
vt 0.049053 0.061918
vt 0.035830 0.375861
vt 0.036311 0.375910
vt 0.076475 0.614937
vt 0.074932 0.641448
vt 0.060909 0.640088
vt 0.062373 0.613568
vt 0.025482 0.547655
vt 0.043246 0.376605
vt 0.084444 0.122405
vt 0.077764 0.121783
vt 0.065573 0.063799
vt 0.069917 0.064248
vt 0.307058 0.097915
vt 0.308068 0.097848
vt 0.306901 0.151277
vt 0.085730 0.128910
vt 0.078835 0.128270
vt 0.078434 0.124969
vt 0.085242 0.125601
vt 0.124964 0.454126
vt 0.144586 0.624997
vt 0.078065 0.603173
vt 0.064352 0.601844
vt 0.066143 0.593537
vt 0.079457 0.594826
vt 0.071843 0.552301
vt 0.084504 0.553524
vt 0.010564 0.723474
vt 0.010613 0.728395
vt 0.001219 0.727322
vt 0.001153 0.721559
vt 0.090516 0.728692
vt 0.090514 0.728852
vt 0.096624 0.596441
vt 0.100830 0.555054
vt 0.095745 0.604840
vt 0.032686 0.375478
vt 0.094641 0.129692
vt 0.094042 0.126372
vt 0.178860 0.943666
vt 0.182746 0.943264
vt 0.161463 0.999105
vt 0.161123 0.999128
vt 0.093078 0.123163
vt 0.075546 0.064784
vt 0.098641 0.382107
vt 0.113996 0.383539
vt 0.094654 0.616654
vt 0.093009 0.643156
vt 0.002862 0.607600
vt 0.001771 0.634157
vt 0.000917 0.634071
vt 0.002040 0.607517
vt 0.005518 0.775897
vt 0.006917 0.785779
vt 0.004414 0.785526
vt 0.003186 0.775661
vt 0.000046 0.727203
vt 0.000000 0.721338
vt 0.269976 0.200142
vt 0.269971 0.205832
vt 0.268852 0.205830
vt 0.268857 0.200140
vt 0.004125 0.759610
vt 0.001879 0.759383
vt 0.015740 0.837593
vt 0.019635 0.854973
vt 0.017526 0.854722
vt 0.013629 0.837360
vt 0.059848 0.994162
vt 0.064857 0.997561
vt 0.063700 0.999714
vt 0.058622 0.996572
vt 0.007095 0.786860
vt 0.012601 0.820289
vt 0.010454 0.820072
vt 0.004599 0.786608
vt 0.036980 0.923569
vt 0.035075 0.924270
vt 0.005011 0.770210
vt 0.002751 0.769982
vt 0.118541 0.230008
vt 0.269985 0.285247
vt 0.270047 0.355225
vt 0.268927 0.355223
vt 0.268866 0.285245
vt 0.074735 0.996640
vt 0.083350 0.993247
vt 0.084538 0.995322
vt 0.075291 0.999972
vt 0.285569 0.086193
vt 0.285569 0.106420
vt 0.284449 0.106420
vt 0.284449 0.086193
vt 0.010640 0.748173
vt 0.011752 0.760381
vt 0.296270 0.292215
vt 0.284449 0.292215
vt 0.284449 0.291096
vt 0.296270 0.291096
vt 0.298736 0.248495
vt 0.298736 0.241111
vt 0.299856 0.241111
vt 0.299856 0.248495
vt 0.120348 0.415522
vt 0.285569 0.047915
vt 0.284449 0.047915
vt 0.269975 0.267790
vt 0.268855 0.267788
vt 0.270853 0.068609
vt 0.269850 0.068608
vt 0.269859 0.064192
vt 0.270862 0.064193
vt 0.285569 0.194558
vt 0.285569 0.195607
vt 0.284449 0.195607
vt 0.284449 0.194558
vt 0.270916 0.037663
vt 0.269913 0.037661
vt 0.269968 0.215728
vt 0.268848 0.215726
vt 0.270009 0.168204
vt 0.269997 0.177327
vt 0.268877 0.177325
vt 0.268890 0.168202
vt 0.290379 0.289874
vt 0.293992 0.273392
vt 0.294459 0.273392
vt 0.290411 0.289874
vt 0.298736 0.265409
vt 0.298736 0.259613
vt 0.299856 0.259613
vt 0.299856 0.265409
vt 0.116936 0.278434
vt 0.115784 0.278655
vt 0.115831 0.272789
vt 0.117003 0.272671
vt 0.117346 0.432208
vt 0.118937 0.424743
vt 0.120190 0.428819
vt 0.126347 0.276517
vt 0.126397 0.271596
vt 0.285569 0.127054
vt 0.284449 0.127054
vt 0.013156 0.771024
vt 0.014168 0.776770
vt 0.269968 0.216814
vt 0.269971 0.250423
vt 0.268852 0.250421
vt 0.268848 0.216812
vt 0.270120 0.417045
vt 0.270163 0.428102
vt 0.269043 0.428101
vt 0.269001 0.417044
vt 0.285569 0.056205
vt 0.284449 0.056205
vt 0.054410 0.983256
vt 0.052568 0.985662
vt 0.170211 0.016720
vt 0.168371 0.014314
vt 0.118625 0.261701
vt 0.116667 0.261899
vt 0.206439 0.277927
vt 0.188989 0.286658
vt 0.188956 0.282770
vt 0.206375 0.273444
vt 0.090603 0.722043
vt 0.090539 0.726526
vt 0.073164 0.717208
vt 0.073193 0.713319
vt 0.058784 0.706982
vt 0.058853 0.703793
vt 0.091827 0.727216
vt 0.091894 0.722689
vt 0.207666 0.272753
vt 0.207732 0.277280
vt 0.117335 0.359601
vt 0.116476 0.361111
vt 0.116445 0.357890
vt 0.117323 0.356292
vt 0.174633 0.296188
vt 0.174557 0.293001
vt 0.126288 0.346301
vt 0.126322 0.343045
vt 0.136844 0.178843
vt 0.139734 0.161433
vt 0.021054 0.821143
vt 0.023942 0.838552
vt 0.043754 0.918049
vt 0.060089 0.972398
vt 0.159550 0.081931
vt 0.175885 0.027577
vt 0.184514 0.014337
vt 0.068719 0.985637
vt 0.073510 0.989822
vt 0.080826 0.991356
vt 0.189304 0.010151
vt 0.196616 0.008615
vt 0.086621 0.991008
vt 0.027819 0.856062
vt 0.016885 0.787849
vt 0.285569 0.195607
vt 0.285569 0.200578
vt 0.284449 0.200578
vt 0.284449 0.195607
vt 0.285569 0.210095
vt 0.284449 0.210095
vt 0.269985 0.189520
vt 0.268865 0.189519
vt 0.016751 0.786772
vt 0.011235 0.608440
vt 0.010119 0.634995
vt 0.088045 0.352747
vt 0.088700 0.246496
vt 0.053536 0.119361
vt 0.051290 0.062173
vt 0.063179 0.056336
vt 0.045384 0.000872
vt 0.053634 0.125761
vt 0.054647 0.122604
vt 0.086736 0.380961
vt 0.014511 0.596846
vt 0.017643 0.588675
vt 0.010722 0.739080
vt 0.126423 0.251817
vt 0.127536 0.239609
vt 0.132672 0.212139
vt 0.143612 0.143922
vt 0.202409 0.008962
vt 0.130280 0.403147
vt 0.133409 0.411319
vt 0.132537 0.213216
vt 0.126505 0.260910
vt 0.169309 0.874242
vt 0.170322 0.877399
vt 0.204393 0.753496
vt 0.203755 0.647241
vt 0.141238 0.452339
vt 0.178395 0.267372
vt 0.178679 0.265478
vt 0.127007 0.391554
vt 0.125897 0.364998
vt 0.202452 0.619027
vt 0.169211 0.880642
vt 0.166956 0.937832
vt 0.009157 0.545866
vt 0.028818 0.374999
vt 0.308774 0.027281
vt 0.312378 0.026875
vt 0.308770 0.030519
vt 0.147188 0.653080
vt 0.154634 0.758648
vt 0.308742 0.033652
vt 0.312589 0.090310
vt 0.308225 0.090658
vt 0.117684 0.420667
vt 0.118382 0.410059
vt 0.048366 0.054655
vt 0.002582 0.589936
vt 0.001859 0.579325
vt 0.301096 0.026874
vt 0.304799 0.027279
vt 0.304800 0.030516
vt 0.031426 0.346916
vt 0.038897 0.241351
vt 0.304833 0.033649
vt 0.305439 0.090664
vt 0.301079 0.090325
vt 0.274762 0.009596
vt 0.274406 0.009595
vt 0.178180 0.943743
vt 0.161063 0.999133
vt 0.025878 0.374630
vt 0.025833 0.374625
vt 0.283479 0.157311
vt 0.284305 0.157312
vt 0.284296 0.168223
vt 0.283469 0.168222
vt 0.287313 0.241111
vt 0.286490 0.241111
vt 0.174052 0.224449
vt 0.176555 0.224199
vt 0.172121 0.235093
vt 0.169778 0.235330
vt 0.054012 0.764652
vt 0.056356 0.764889
vt 0.060790 0.775783
vt 0.058286 0.775533
vt 0.286396 0.273392
vt 0.285764 0.273392
vt 0.284449 0.265409
vt 0.285272 0.265409
vt 0.230906 0.616331
vt 0.231552 0.644608
vt 0.200134 0.619260
vt 0.201492 0.647468
vt 0.085781 0.352521
vt 0.084418 0.380728
vt 0.115784 0.355369
vt 0.115133 0.383646
vt 0.158966 0.623391
vt 0.042236 0.181442
vt 0.157959 0.818559
vt 0.168866 0.817301
vt 0.163672 0.817821
vt 0.047987 0.182181
vt 0.053181 0.182700
vt 0.094262 0.186757
vt 0.105126 0.187736
vt 0.085848 0.185963
vt 0.041598 0.151189
vt 0.041562 0.151185
vt 0.209964 0.813234
vt 0.201532 0.814031
vt 0.157784 0.848753
vt 0.157332 0.848812
vt 0.048523 0.152113
vt 0.047226 0.151937
vt 0.220869 0.812249
vt 0.164203 0.847890
vt 0.162886 0.848071
vt 0.045456 0.000099
vt 0.045877 0.000248
vt 0.159522 0.999223
vt 0.159567 0.999227
vt 0.159545 1.000000
vt 0.159500 0.999994
vt 0.045119 0.000074
vt 0.044018 0.000772
vt 0.044007 0.000000
vt 0.044075 0.000003
vt 0.161198 0.999901
vt 0.160861 0.999926
vt 0.159764 0.999227
vt 0.159818 0.999997
vt 0.159749 1.000000
vt 0.161650 0.999741
vt 0.161619 0.999752
vt 0.306822 0.151272
vt 0.306836 0.152044
vt 0.160813 0.999929
vt 0.043822 0.000773
vt 0.043802 0.000000
vt 0.044218 0.000013
vt 0.010498 0.652857
vt 0.010508 0.653691
vt 0.001555 0.640393
vt 0.001573 0.639885
vt 0.126278 0.347136
vt 0.117353 0.360109
vt 0.189018 0.287853
vt 0.174667 0.297248
vt 0.116493 0.361503
vt 0.206478 0.279239
vt 0.000695 0.638884
vt 0.000713 0.638491
vt 0.073222 0.712124
vt 0.058887 0.702734
vt 0.090643 0.720731
vt 0.010551 0.656948
vt 0.001553 0.643703
vt 0.138214 0.331346
vt 0.135203 0.334162
vt 0.135240 0.333001
vt 0.138245 0.330193
vt 0.022433 0.668643
vt 0.022465 0.669797
vt 0.019460 0.666990
vt 0.019423 0.665828
vt 0.044511 0.000809
vt 0.044439 0.000803
vt 0.044360 0.000023
vt 0.044418 0.000027
vt 0.160003 0.999210
vt 0.160178 0.999197
vt 0.160103 0.999977
vt 0.159961 0.999987
vt 0.060281 0.243654
vt 0.057934 0.243420
vt 0.058375 0.183219
vt 0.060471 0.183429
vt 0.175976 0.756343
vt 0.176156 0.816571
vt 0.174060 0.816780
vt 0.173629 0.756578
vt 0.151552 0.451303
vt 0.168689 0.622415
vt 0.165900 0.622695
vt 0.148576 0.451602
vt 0.313760 0.451941
vt 0.313734 0.421768
vt 0.315195 0.421767
vt 0.315222 0.451940
vt 0.316807 0.016265
vt 0.316765 0.057162
vt 0.315303 0.057163
vt 0.315346 0.016266
vt 0.021521 0.740161
vt 0.018605 0.739870
vt 0.020008 0.729468
vt 0.023279 0.729852
vt 0.139062 0.270136
vt 0.135790 0.270521
vt 0.134386 0.260119
vt 0.137301 0.259827
vt 0.019378 0.761152
vt 0.021301 0.771838
vt 0.137084 0.228149
vt 0.135160 0.238837
vt 0.166132 0.945112
vt 0.168125 0.944885
vt 0.174640 0.880098
vt 0.170114 0.937472
vt 0.169195 0.937577
vt 0.173087 0.880253
vt 0.138641 0.390384
vt 0.135379 0.390712
vt 0.134244 0.364159
vt 0.137481 0.363834
vt 0.144329 0.410221
vt 0.141226 0.410533
vt 0.150964 0.160116
vt 0.147932 0.160472
vt 0.151792 0.142831
vt 0.154818 0.142428
vt 0.174957 0.873678
vt 0.173922 0.877042
vt 0.172146 0.877220
vt 0.173342 0.873839
vt 0.133890 0.251062
vt 0.136652 0.250782
vt 0.141798 0.222020
vt 0.138600 0.222343
vt 0.142367 0.212221
vt 0.146002 0.211853
vt 0.141560 0.402013
vt 0.138376 0.402333
vt 0.204454 0.015418
vt 0.202703 0.013899
vt 0.205678 0.011200
vt 0.206470 0.011889
vt 0.166320 0.087450
vt 0.168823 0.089492
vt 0.146078 0.210782
vt 0.142458 0.211149
vt 0.145294 0.177989
vt 0.148418 0.177672
vt 0.195966 0.025346
vt 0.193380 0.022861
vt 0.197951 0.017889
vt 0.200369 0.020051
vt 0.137979 0.238551
vt 0.020873 0.749206
vt 0.018110 0.748927
vt 0.028565 0.589770
vt 0.025461 0.589459
vt 0.032821 0.548391
vt 0.035797 0.548689
vt 0.025792 0.597978
vt 0.022608 0.597659
vt 0.059281 0.126324
vt 0.057666 0.126163
vt 0.056470 0.122782
vt 0.056917 0.122827
vt 0.057803 0.119788
vt 0.057412 0.119749
vt 0.053527 0.062428
vt 0.054046 0.062487
vt 0.022870 0.609607
vt 0.021705 0.636157
vt 0.018468 0.635832
vt 0.019608 0.609280
vt 0.026016 0.777967
vt 0.030221 0.788133
vt 0.026584 0.787766
vt 0.022817 0.777644
vt 0.035177 0.839867
vt 0.039030 0.857554
vt 0.036003 0.857152
vt 0.032144 0.839512
vt 0.080178 0.974625
vt 0.084582 0.979919
vt 0.082163 0.982083
vt 0.077591 0.977111
vt 0.030297 0.789203
vt 0.032633 0.822312
vt 0.029507 0.821996
vt 0.026676 0.788838
vt 0.053034 0.910487
vt 0.050528 0.912528
vt 0.088669 0.984552
vt 0.090685 0.988080
vt 0.089892 0.988770
vt 0.086917 0.986072
vt 0.067868 0.957524
vt 0.065768 0.961540
vt 0.183659 0.042450
vt 0.181560 0.038435
vt 0.269849 0.069000
vt 0.270852 0.069001
vt 0.056296 0.704649
vt 0.056355 0.701459
vt 0.088068 0.992986
vt 0.024314 0.772139
vt 0.139010 0.274049
vt 0.135758 0.274601
vt 0.022199 0.761437
vt 0.023229 0.725939
vt 0.019976 0.725389
vt 0.050181 0.377300
vt 0.052969 0.377579
vt 0.140095 0.227848
vt 0.170786 0.650549
vt 0.168063 0.650822
vt 0.052911 0.055171
vt 0.052449 0.055119
vt 0.055072 0.349446
vt 0.052349 0.349173
vt 0.210172 0.356690
vt 0.207772 0.278601
vt 0.094348 0.643282
vt 0.091934 0.721368
vt 0.135320 0.329799
vt 0.138313 0.326992
vt 0.000674 0.642105
vt 0.046194 0.000924
vt 0.045908 0.000259
vt 0.228360 0.751254
vt 0.221677 0.812176
vt 0.112608 0.248728
vt 0.105931 0.187808
vt 0.290134 0.291002
vt 0.289855 0.289874
vt 0.096001 0.616782
vt 0.102040 0.555167
vt 0.093718 0.123219
vt 0.075964 0.064824
vt 0.095302 0.129750
vt 0.094694 0.126429
vt 0.097055 0.604964
vt 0.097896 0.596560
vt 0.091706 0.728736
vt 0.091704 0.728852
vt 0.072433 0.057245
vt 0.211820 0.383191
vt 0.207644 0.271230
vt 0.207642 0.271117
vt 0.212872 0.395009
vt 0.213711 0.403412
vt 0.217846 0.444806
vt 0.209459 0.876770
vt 0.191703 0.935170
vt 0.211043 0.870239
vt 0.210435 0.873560
vt 0.173987 0.360166
vt 0.172165 0.299589
vt 0.056385 0.700393
vt 0.058218 0.639818
vt 0.022542 0.672999
vt 0.019549 0.670192
vt 0.086749 0.246301
vt 0.062498 0.056259
vt 0.045324 0.000868
vt 0.202442 0.753691
vt 0.177861 0.218370
vt 0.180519 0.218101
vt 0.069368 0.552053
vt 0.060177 0.734182
vt 0.059910 0.732150
vt 0.054330 0.752586
vt 0.052033 0.752354
vt 0.175692 0.267831
vt 0.175959 0.265798
vt 0.064755 0.781880
vt 0.062096 0.781611
vt 0.188178 0.173648
vt 0.183660 0.174105
vt 0.185159 0.156107
vt 0.188667 0.155712
vt 0.072411 0.826330
vt 0.072896 0.844265
vt 0.069388 0.843871
vt 0.067891 0.825873
vt 0.085283 0.885956
vt 0.094242 0.908992
vt 0.091554 0.912235
vt 0.081288 0.887460
vt 0.201054 0.114017
vt 0.197061 0.112514
vt 0.207327 0.087737
vt 0.210013 0.090980
vt 0.225122 0.053378
vt 0.228697 0.055487
vt 0.112929 0.944480
vt 0.109352 0.946590
vt 0.115784 0.953720
vt 0.111208 0.968418
vt 0.108422 0.967414
vt 0.111860 0.955523
vt 0.231552 0.046247
vt 0.227630 0.044445
vt 0.224196 0.032554
vt 0.226981 0.031549
vt 0.101161 0.982270
vt 0.099623 0.980304
vt 0.076305 0.862496
vt 0.073167 0.862098
vt 0.075523 0.792814
vt 0.071133 0.793328
vt 0.075641 0.791763
vt 0.071238 0.792276
vt 0.059661 0.613297
vt 0.076473 0.121654
vt 0.064809 0.063712
vt 0.077493 0.128136
vt 0.077115 0.124838
vt 0.061705 0.601578
vt 0.063563 0.593278
vt 0.056827 0.743692
vt 0.054404 0.743449
vt 0.170094 0.247397
vt 0.167798 0.247630
vt 0.191284 0.207165
vt 0.186896 0.206651
vt 0.192076 0.137480
vt 0.188940 0.137878
vt 0.215402 0.019664
vt 0.216940 0.017699
vt 0.179323 0.406707
vt 0.177467 0.398406
vt 0.187001 0.207703
vt 0.191401 0.208215
vt 0.172600 0.256290
vt 0.170177 0.256533
vt 0.192792 0.875160
vt 0.193171 0.871861
vt 0.185118 0.447932
vt 0.175425 0.386688
vt 0.180483 0.936290
vt 0.192151 0.878344
vt 0.199790 0.814206
vt 0.084106 0.185789
vt 0.045071 0.000071
vt 0.172135 0.298523
vt 0.160621 0.999165
vt 0.160458 0.999953
vt 0.069065 0.350847
vt 0.067299 0.379014
vt 0.183017 0.620977
vt 0.184777 0.649145
vt 0.036695 0.762902
vt 0.039794 0.773685
vt 0.155568 0.226299
vt 0.152469 0.237084
vt 0.173153 0.944314
vt 0.285569 0.003117
vt 0.285569 0.006234
vt 0.284449 0.006234
vt 0.284449 0.003117
vt 0.174601 0.292704
vt 0.172111 0.295015
vt 0.058829 0.707279
vt 0.056338 0.704968
vt 0.206375 0.273419
vt 0.091728 0.727165
vt 0.090539 0.726551
vt 0.022550 0.673613
vt 0.019554 0.670832
vt 0.138321 0.326378
vt 0.135325 0.329159
vt 0.188955 0.282644
vt 0.126330 0.342273
vt 0.117334 0.355388
vt 0.116452 0.356970
vt 0.001563 0.644607
vt 0.000681 0.643025
vt 0.073164 0.717334
vt 0.010558 0.657720
vt 0.270019 0.157293
vt 0.268899 0.157291
vt 0.268908 0.151424
vt 0.270028 0.151426
vt 0.043778 0.000777
vt 0.043757 0.000006
vt 0.159621 0.848514
vt 0.043905 0.151487
vt 0.040298 0.181192
vt 0.042025 0.151244
vt 0.026422 0.374699
vt 0.029145 0.346629
vt 0.005736 0.545456
vt 0.116955 0.434044
vt 0.045583 0.118399
vt 0.045575 0.121533
vt 0.043752 0.121296
vt 0.043826 0.118170
vt 0.036845 0.241089
vt 0.001131 0.566086
vt 0.161294 0.881604
vt 0.161283 0.878470
vt 0.306570 0.097916
vt 0.306537 0.090736
vt 0.306807 0.090754
vt 0.307087 0.090735
vt 0.174839 0.936933
vt 0.306786 0.090753
vt 0.299863 0.090213
vt 0.313668 0.090209
vt 0.172069 0.295334
vt 0.285569 0.011452
vt 0.284449 0.011452
vt 0.092377 0.989967
vt 0.091598 0.990649
vt 0.208161 0.010002
vt 0.207383 0.009320
vt 0.203855 0.006984
vt 0.299856 0.161252
vt 0.299856 0.194558
vt 0.299029 0.194558
vt 0.299029 0.161252
vt 0.284254 0.215747
vt 0.284254 0.216833
vt 0.283428 0.216832
vt 0.283427 0.215746
vt 0.299856 0.011452
vt 0.299856 0.016670
vt 0.299029 0.016670
vt 0.299029 0.011452
vt 0.284314 0.151445
vt 0.283488 0.151444
vt 0.283621 0.073138
vt 0.284448 0.073139
vt 0.279309 0.009603
vt 0.279046 0.009603
vt 0.277287 0.001896
vt 0.277339 0.001896
vt 0.299856 0.003117
vt 0.299856 0.006234
vt 0.299029 0.006234
vt 0.299029 0.003117
vt 0.283653 0.069019
vt 0.282913 0.069018
vt 0.282914 0.068626
vt 0.283654 0.068627
vt 0.284449 0.072218
vt 0.283623 0.072217
vt 0.295166 0.265409
vt 0.295774 0.265409
vt 0.297815 0.241111
vt 0.297207 0.241111
vt 0.298217 0.230767
vt 0.298946 0.230767
vt 0.299856 0.210095
vt 0.299029 0.210095
vt 0.299029 0.200578
vt 0.299856 0.200578
vt 0.284263 0.200162
vt 0.283436 0.200160
vt 0.283445 0.189539
vt 0.284271 0.189540
vt 0.281466 0.020173
vt 0.280971 0.020172
vt 0.284283 0.177346
vt 0.283457 0.177345
vt 0.299856 0.221561
vt 0.299029 0.221561
vt 0.299856 0.195607
vt 0.299029 0.195607
vt 0.299856 0.127054
vt 0.299856 0.143946
vt 0.299029 0.143946
vt 0.299029 0.127054
vt 0.284258 0.250442
vt 0.284261 0.267809
vt 0.283435 0.267808
vt 0.283431 0.250441
vt 0.299856 0.056205
vt 0.299856 0.086193
vt 0.299029 0.086193
vt 0.299029 0.056205
vt 0.284333 0.355245
vt 0.284407 0.417065
vt 0.283580 0.417063
vt 0.283506 0.355243
vt 0.299856 0.047915
vt 0.299029 0.047915
vt 0.284449 0.428122
vt 0.283623 0.428121
vt 0.284449 0.259613
vt 0.284449 0.248495
vt 0.285276 0.248495
vt 0.285276 0.259613
vt 0.299856 0.106420
vt 0.299029 0.106420
vt 0.284449 0.265409
vt 0.285276 0.265409
vt 0.284258 0.205851
vt 0.283431 0.205850
vt 0.283717 0.037680
vt 0.282977 0.037679
vt 0.282984 0.034260
vt 0.283724 0.034261
vt 0.299856 0.195607
vt 0.299029 0.195607
vt 0.282923 0.064209
vt 0.283663 0.064210
vt 0.284272 0.285266
vt 0.283445 0.285265
vt 0.299856 0.032539
vt 0.299029 0.032539
vt 0.284449 0.241111
vt 0.285276 0.241111
vt 0.296270 0.306503
vt 0.284449 0.306503
vt 0.284449 0.305676
vt 0.296270 0.305676
vt 0.289811 0.289874
vt 0.001100 0.565945
vt 0.091805 0.728740
vt 0.091803 0.728852
vt 0.290111 0.291096
vt 0.299029 0.007084
vt 0.285569 0.007084
vt 0.299856 0.007084
vt 0.164684 0.209962
vt 0.164677 0.208900
vt 0.048905 0.791083
vt 0.048911 0.790021
vt 0.210540 0.015432
vt 0.212162 0.013509
vt 0.096379 0.986459
vt 0.094757 0.984537
vt 0.284449 0.007084
vt 0.037946 0.687900
vt 0.037922 0.687421
vt 0.153694 0.312566
vt 0.153718 0.312087
vt 0.056710 0.062790
vt 0.055284 0.055441
vt 0.168944 0.944792
vt 0.155725 0.271216
vt 0.039943 0.728769
vt 0.160250 0.999192
vt 0.160161 0.999973
vt 0.037907 0.684225
vt 0.153688 0.315762
vt 0.154115 0.362163
vt 0.153684 0.316876
vt 0.037904 0.683111
vt 0.038343 0.637825
vt 0.072342 0.244860
vt 0.044882 0.000835
vt 0.188036 0.755135
vt 0.158230 0.220356
vt 0.051094 0.550222
vt 0.040092 0.731825
vt 0.035072 0.750640
vt 0.155875 0.268160
vt 0.042456 0.779628
vt 0.164477 0.176047
vt 0.166546 0.158289
vt 0.050766 0.841691
vt 0.048699 0.823935
vt 0.078661 0.936887
vt 0.065908 0.899994
vt 0.181691 0.099982
vt 0.194443 0.063086
vt 0.209251 0.038120
vt 0.093471 0.961851
vt 0.097670 0.976743
vt 0.097012 0.968803
vt 0.212791 0.031167
vt 0.213450 0.023226
vt 0.054585 0.859625
vt 0.039634 0.611288
vt 0.059809 0.119988
vt 0.067580 0.127150
vt 0.059212 0.123055
vt 0.042156 0.599618
vt 0.044512 0.591368
vt 0.036504 0.741660
vt 0.150844 0.249346
vt 0.170366 0.140355
vt 0.160275 0.408620
vt 0.157921 0.400370
vt 0.152281 0.258326
vt 0.183047 0.876131
vt 0.183257 0.872850
vt 0.166847 0.449767
vt 0.155402 0.388700
vt 0.182619 0.879299
vt 0.186925 0.815493
vt 0.071240 0.184504
vt 0.044716 0.000047
vt 0.299029 0.000000
vt 0.285569 0.000000
vt 0.299856 0.000000
vt 0.284449 0.000000
vt 0.313692 0.361571
vt 0.313668 0.255938
vt 0.315129 0.255936
vt 0.315154 0.361569
vt 0.318351 0.475707
vt 0.318351 0.479017
vt 0.316852 0.479017
vt 0.316852 0.475707
vt 0.313776 0.008134
vt 0.313798 0.000001
vt 0.315260 0.000000
vt 0.315238 0.008132
vt 0.318351 0.229537
vt 0.318351 0.257403
vt 0.316852 0.257403
vt 0.316852 0.229537
vt 0.318351 0.059110
vt 0.318351 0.017380
vt 0.319850 0.017380
vt 0.319850 0.059110
vt 0.318351 0.361610
vt 0.316852 0.361610
vt 0.318351 0.008690
vt 0.318351 0.017380
vt 0.316852 0.017380
vt 0.316852 0.008690
vt 0.318351 0.257403
vt 0.318351 0.229537
vt 0.319850 0.229537
vt 0.319850 0.257403
vt 0.313712 0.057163
vt 0.313754 0.016266
vt 0.315215 0.016265
vt 0.315173 0.057162
vt 0.318351 0.059110
vt 0.316852 0.059110
vt 0.316721 0.255936
vt 0.316746 0.361569
vt 0.315284 0.361571
vt 0.315260 0.255938
vt 0.318351 0.361610
vt 0.319850 0.361610
vt 0.238670 0.258638
vt 0.231862 0.258556
vt 0.231552 0.230348
vt 0.238520 0.230432
vt 0.257170 0.254025
vt 0.250203 0.254113
vt 0.250514 0.225904
vt 0.257320 0.225819
vt 0.235586 0.364391
vt 0.241441 0.364461
vt 0.245653 0.424460
vt 0.240435 0.424398
vt 0.254236 0.120067
vt 0.259082 0.060059
vt 0.264300 0.059995
vt 0.260090 0.119995
vt 0.252468 0.426066
vt 0.259841 0.425974
vt 0.256191 0.467621
vt 0.264045 0.467522
vt 0.264797 0.003283
vt 0.266284 0.000020
vt 0.268116 0.000000
vt 0.268848 0.003234
vt 0.258312 0.476039
vt 0.266447 0.475936
vt 0.237542 0.016837
vt 0.245398 0.016933
vt 0.241192 0.058483
vt 0.233818 0.058393
vt 0.239664 0.008419
vt 0.247801 0.008518
vt 0.246152 0.481171
vt 0.250203 0.481219
vt 0.249471 0.484453
vt 0.247640 0.484434
vt 0.295811 0.273828
vt 0.295774 0.265409
vt 0.297273 0.265433
vt 0.297273 0.273850
vt 0.318351 0.449581
vt 0.318351 0.420286
vt 0.319850 0.420286
vt 0.319850 0.449581
vt 0.316837 0.478848
vt 0.316852 0.482257
vt 0.315390 0.482259
vt 0.315376 0.478849
vt 0.316787 0.421767
vt 0.315325 0.421768
vt 0.316722 0.227858
vt 0.315260 0.227860
vt 0.295774 0.286096
vt 0.295811 0.284301
vt 0.297269 0.284194
vt 0.297269 0.285986
vt 0.318351 0.008690
vt 0.318351 0.000000
vt 0.319850 0.000000
vt 0.319850 0.008690
vt 0.313668 0.227860
vt 0.315130 0.227858
vt 0.316829 0.008132
vt 0.315368 0.008134
vt 0.318351 0.420286
vt 0.316852 0.420286
vt 0.295811 0.284087
vt 0.295774 0.282292
vt 0.297269 0.282402
vt 0.297269 0.284194
vt 0.295774 0.282292
vt 0.295811 0.273873
vt 0.297273 0.273850
vt 0.297273 0.282268
vt 0.316852 0.000000
vt 0.315390 0.000001
vt 0.241787 0.000000
vt 0.250203 0.000103
vt 0.260433 0.484457
vt 0.268848 0.484350
vt 0.318351 0.000000
vt 0.316852 0.000000
vt 0.175611 0.390106
vt 0.155568 0.392120
vt 0.059847 0.609879
vt 0.039801 0.607868
vt 0.000109 0.569698
vt 0.000135 0.569844
vt 0.000454 0.571599
vt 0.115965 0.430291
vt 0.116304 0.428391
vt 0.178325 0.389833
vt 0.062561 0.610151
vt 0.212032 0.386606
vt 0.210682 0.386734
vt 0.096214 0.613367
vt 0.094866 0.613239
vt 0.023020 0.606186
vt 0.019755 0.605858
vt 0.138790 0.393806
vt 0.135525 0.394134
vt 0.127151 0.394976
vt 0.118776 0.395818
vt 0.011378 0.605018
vt 0.003002 0.604177
vt 0.117958 0.395901
vt 0.076673 0.611520
vt 0.002184 0.604095
vt 0.192452 0.388460
vt 0.316813 0.451940
vt 0.315352 0.451941
vt 0.318351 0.475707
vt 0.319850 0.475707
vt 0.248058 0.454463
vt 0.243457 0.454408
vt 0.262103 0.030047
vt 0.266704 0.029991
vt 0.318351 0.449581
vt 0.316852 0.449581
vt 0.196291 0.844683
vt 0.184986 0.845812
vt 0.069305 0.154186
vt 0.080610 0.155314
vt 0.043565 0.124537
vt 0.043149 0.124483
vt 0.045394 0.124774
vt 0.161103 0.875228
vt 0.159318 0.875461
vt 0.197822 0.844530
vt 0.082141 0.155466
vt 0.216056 0.842868
vt 0.215324 0.842933
vt 0.099584 0.157054
vt 0.100313 0.157119
vt 0.058000 0.153059
vt 0.059842 0.153243
vt 0.175522 0.846758
vt 0.173681 0.846942
vt 0.313784 0.478849
vt 0.315245 0.478848
vt 0.313661 0.026768
vt 0.312234 0.000173
vt 0.313668 0.000000
vt 0.299857 0.026772
vt 0.299863 0.000004
vt 0.301271 0.000171
vt 0.158879 0.875518
vt 0.043115 0.124479
vt 0.169100 0.847400
vt 0.164520 0.847858
vt 0.048840 0.152145
vt 0.053420 0.152602
vt 0.089752 0.156179
vt 0.205451 0.843814
vt 0.313798 0.482259
vt 0.315260 0.482257
vt 0.318351 0.479017
vt 0.319850 0.479017
vt 0.304793 0.000599
vt 0.308809 0.000601
vt 0.306428 0.033875
vt 0.306790 0.033926
vt 0.307200 0.033875
vt 0.306820 0.033930
vn -0.0197 -0.7181 0.6957
vn -0.0003 -0.0129 0.9999
vn -0.0008 -0.0145 0.9999
vn -0.0432 -0.7205 0.6921
vn 0.0091 -0.1625 -0.9867
vn 0.0061 -0.1686 -0.9857
vn 0.0048 -0.0770 -0.9970
vn 0.0069 -0.0733 -0.9973
vn 0.5966 -0.8025 0.0000
vn 0.3567 -0.9342 0.0000
vn 0.2640 -0.6915 -0.6724
vn 0.4358 -0.5863 -0.6828
vn 0.0212 0.3296 -0.9439
vn 0.0367 0.6409 -0.7667
vn 0.0252 0.5763 -0.8168
vn 0.0134 0.2852 -0.9584
vn -0.1029 -0.3702 -0.9232
vn -0.1296 -0.3807 -0.9156
vn -0.0995 -0.3155 -0.9437
vn -0.0781 -0.3042 -0.9494
vn 0.1205 0.8505 0.5120
vn 0.2845 0.9587 0.0000
vn 0.1175 0.8468 -0.5187
vn -0.0904 0.9959 -0.0014
vn -0.0018 -0.2177 -0.9760
vn -0.0110 -0.2282 -0.9736
vn -0.0079 -0.1853 -0.9826
vn -0.0001 -0.1766 -0.9843
vn 0.0952 0.8343 -0.5430
vn -0.0105 0.4655 -0.8850
vn -0.1915 0.3197 -0.9280
vn -0.0746 0.6457 -0.7599
vn -0.1669 -0.4164 -0.8937
vn -0.2455 -0.4880 -0.8376
vn -0.2075 -0.4133 -0.8866
vn -0.1272 -0.3463 -0.9295
vn -0.0065 -0.1583 -0.9874
vn -0.0031 -0.0714 -0.9974
vn -0.0040 -0.0709 -0.9975
vn -0.0089 -0.1584 -0.9873
vn -0.0044 -0.0236 -0.9997
vn -0.0598 -0.0345 -0.9976
vn 0.0151 0.4578 -0.8889
vn 0.0519 0.4793 -0.8761
vn -0.0003 -0.0129 -0.9999
vn -0.0008 -0.0145 -0.9999
vn 0.0053 0.2764 -0.9610
vn -0.1222 -0.0747 0.9897
vn -0.1158 -0.0381 0.9925
vn -0.1909 0.3242 0.9265
vn -0.2564 -0.0428 0.9656
vn 0.0212 0.3283 0.9443
vn 0.0134 0.2849 0.9585
vn 0.0252 0.5759 0.8171
vn 0.0368 0.6402 0.7673
vn -0.1236 -0.2073 -0.9704
vn -0.0551 -0.1649 -0.9848
vn -0.0006 -0.0101 -0.9999
vn 0.0406 0.7059 -0.7071
vn 0.0393 0.7056 -0.7075
vn -0.0008 -0.0099 -1.0000
vn 0.0026 -0.2079 -0.9781
vn -0.3070 -0.5160 -0.7997
vn -0.5107 -0.8597 -0.0001
vn -0.5112 -0.8595 0.0000
vn -0.2378 -0.3646 -0.9003
vn -0.0197 -0.7181 -0.6957
vn -0.0432 -0.7205 -0.6921
vn 0.0267 0.6319 -0.7746
vn 0.0418 0.9991 -0.0000
vn 0.0344 0.9994 -0.0000
vn 0.0214 0.6171 -0.7866
vn -0.0595 0.4904 -0.8695
vn -0.0245 0.5220 -0.8526
vn -0.0446 0.9990 -0.0003
vn -0.0824 0.9966 -0.0008
vn -0.0108 0.4656 0.8849
vn 0.0951 0.8350 0.5420
vn -0.0727 0.6501 0.7564
vn 0.0842 0.8103 -0.5799
vn 0.0641 0.7980 -0.5993
vn 0.0403 0.4756 -0.8787
vn -0.0432 -0.1485 -0.9880
vn -0.0331 -0.1409 -0.9895
vn -0.0049 -0.0082 1.0000
vn -0.0020 -0.0021 1.0000
vn 0.1019 0.7041 0.7027
vn 0.1049 0.6933 0.7130
vn -0.0456 -0.9990 0.0000
vn 0.3214 -0.9469 0.0000
vn 0.1366 -0.6535 -0.7445
vn -0.0695 -0.6399 -0.7653
vn 0.1073 0.8853 0.4524
vn 0.1204 0.9927 -0.0112
vn 0.1070 0.9563 -0.2723
vn 0.1218 0.9697 0.2116
vn 0.0023 -0.0115 -0.9999
vn 0.0006 -0.0118 -0.9999
vn -0.0122 0.2327 -0.9725
vn -0.0461 0.1831 -0.9820
vn 0.0003 0.2610 -0.9653
vn -0.0006 0.5238 -0.8519
vn -0.0256 0.4823 -0.8757
vn -0.0000 0.0000 -1.0000
vn 0.2109 0.6795 -0.7027
vn 0.2326 0.6709 -0.7042
vn 0.0669 0.9978 -0.0000
vn 0.0339 0.7042 -0.7092
vn 0.0010 0.8268 -0.5625
vn 0.1252 0.9921 -0.0000
vn -0.0001 -0.0191 -0.9998
vn -0.0023 -0.0191 -0.9998
vn 0.0284 0.4515 -0.8918
vn 0.0038 -0.2012 -0.9796
vn -0.0731 0.4309 -0.8994
vn -0.0001 -0.0121 -0.9999
vn 0.0992 0.9951 0.0000
vn 0.0699 0.7018 -0.7090
vn -0.1084 0.5618 -0.8201
vn 0.1040 0.9946 0.0000
vn 0.1415 0.6982 -0.7018
vn 0.1735 0.6906 -0.7021
vn 0.0030 -0.0104 -0.9999
vn -0.0577 0.1956 -0.9790
vn 0.7154 -0.2390 -0.6566
vn 0.5836 -0.4217 -0.6940
vn 0.2518 0.6644 -0.7037
vn 0.1893 0.6818 -0.7066
vn 0.1938 0.6810 -0.7062
vn -0.2043 -0.9789 0.0000
vn -0.0670 -0.9978 0.0000
vn -0.0464 -0.6916 -0.7208
vn -0.1406 -0.6739 -0.7253
vn -0.0207 -0.2269 -0.9737
vn -0.0165 -0.1783 -0.9838
vn 0.5567 -0.3565 -0.7503
vn 0.6891 -0.2267 -0.6883
vn 0.0102 0.5516 -0.8340
vn 0.0537 0.7001 -0.7120
vn 0.0716 0.9974 0.0016
vn 0.0571 0.9984 0.0001
vn 0.0386 0.6497 -0.7592
vn -0.0242 -0.2423 -0.9699
vn -0.0452 -0.2721 -0.9612
vn -0.0334 -0.2224 -0.9744
vn -0.0178 -0.1971 -0.9802
vn 0.5739 0.4923 -0.6544
vn 0.7445 0.1413 -0.6524
vn -0.0242 -0.2423 0.9699
vn -0.0178 -0.1971 0.9802
vn -0.0334 -0.2224 0.9744
vn -0.0452 -0.2721 0.9612
vn 0.0006 -0.0803 -0.9968
vn -0.0020 -0.0021 -1.0000
vn 0.1019 0.7041 -0.7027
vn 0.1218 0.6986 -0.7050
vn -0.0076 -0.1960 -0.9806
vn -0.0109 -0.1978 -0.9802
vn -0.0165 -0.1783 0.9838
vn 0.5567 -0.3565 0.7503
vn 0.3899 -0.5300 0.7530
vn 0.0011 -0.0796 0.9968
vn 0.0023 -0.0115 0.9999
vn -0.0461 0.1831 0.9820
vn -0.0122 0.2327 0.9725
vn 0.0006 -0.0118 0.9999
vn 0.0030 -0.0104 0.9999
vn -0.0577 0.1956 0.9790
vn 0.0053 0.2763 0.9610
vn 0.0102 0.5514 0.8342
vn -0.0001 -0.0191 0.9998
vn 0.0284 0.4506 0.8923
vn 0.0404 0.4754 0.8788
vn -0.0023 -0.0191 0.9998
vn -0.1154 -0.0381 -0.9926
vn 0.0264 0.6320 0.7745
vn 0.0212 0.6172 0.7865
vn 0.1029 0.8609 0.4983
vn 0.0216 0.6909 0.7226
vn -0.0557 0.4950 0.8671
vn -0.0231 0.5235 0.8517
vn -0.0824 0.4717 0.8779
vn -0.0595 0.4903 0.8695
vn -0.0659 0.4681 0.8812
vn -0.0927 0.4434 0.8915
vn 0.0146 0.9999 -0.0000
vn 0.0092 0.5984 -0.8011
vn 0.0087 0.5984 0.8011
vn -0.1054 0.4013 0.9099
vn -0.0731 0.4308 0.8995
vn -0.0045 0.5607 -0.8280
vn -0.0093 1.0000 -0.0000
vn -0.0256 0.4821 0.8757
vn -0.3073 -0.5159 0.7996
vn -0.2729 -0.4375 0.8568
vn -0.2692 -0.2933 0.9173
vn -0.2384 -0.3643 0.9002
vn 0.0502 0.6982 0.7141
vn 0.0369 0.6496 0.7594
vn 0.0519 0.4790 0.8763
vn 0.0642 0.7990 0.5980
vn 0.0842 0.8109 0.5791
vn -0.0044 -0.0236 0.9997
vn 0.0149 0.4575 0.8891
vn -0.0600 -0.0345 0.9976
vn 0.0003 0.2610 0.9653
vn -0.0001 -0.0121 0.9999
vn -0.0065 -0.1583 0.9874
vn -0.0089 -0.1584 0.9873
vn -0.0040 -0.0709 0.9975
vn -0.0031 -0.0714 0.9974
vn 0.0336 -0.7234 0.6896
vn -0.0048 -0.7178 0.6962
vn -0.1272 -0.3463 0.9295
vn -0.0551 -0.1649 0.9848
vn -0.1238 -0.2072 0.9704
vn -0.2077 -0.4133 0.8866
vn 0.1060 0.8738 -0.4747
vn 0.1030 0.8603 -0.4992
vn 0.0217 0.6924 -0.7212
vn -0.0781 -0.3042 0.9494
vn -0.0331 -0.1409 0.9895
vn -0.0432 -0.1485 0.9880
vn -0.0995 -0.3155 0.9437
vn -0.0259 0.5100 -0.8598
vn -0.0028 0.5509 -0.8346
vn 0.0091 -0.1625 0.9867
vn 0.0069 -0.0733 0.9973
vn 0.0048 -0.0770 0.9970
vn 0.0061 -0.1686 0.9857
vn 0.0006 -0.0803 0.9968
vn -0.0001 -0.1766 0.9843
vn -0.0016 -0.0257 0.9997
vn -0.0089 -0.0251 0.9996
vn -0.0030 -0.0122 0.9999
vn -0.0011 -0.0128 0.9999
vn -0.0207 -0.2269 0.9737
vn 0.6891 -0.2266 0.6883
vn 0.0026 -0.2079 0.9781
vn -0.0018 -0.2177 0.9760
vn 0.0038 -0.2012 0.9796
vn -0.0006 0.5236 0.8520
vn -0.1029 -0.3702 0.9232
vn -0.1296 -0.3807 0.9156
vn -0.1802 -0.2187 -0.9590
vn -0.2725 -0.4375 -0.8569
vn -0.2684 -0.2935 -0.9175
vn -0.2469 -0.1273 -0.9606
vn -0.1669 -0.4164 0.8937
vn -0.2456 -0.4879 0.8376
vn -0.0079 -0.1853 0.9826
vn -0.0110 -0.2282 0.9736
vn -0.0076 -0.1960 0.9806
vn -0.0109 -0.1978 0.9802
vn -0.0006 -0.0101 0.9999
vn -0.0008 -0.0099 1.0000
vn 0.0393 0.7056 0.7075
vn 0.0406 0.7059 0.7071
vn 0.0000 0.0000 1.0000
vn 0.1735 0.6906 0.7021
vn 0.1415 0.6982 0.7018
vn 0.1011 0.7075 0.6995
vn 0.0703 0.7055 0.7052
vn 0.1781 0.9840 0.0000
vn 0.1986 0.9801 0.0000
vn 0.1258 0.6952 -0.7077
vn 0.1218 0.6986 0.7050
vn 0.2326 0.6709 0.7042
vn 0.2109 0.6795 0.7027
vn 0.7445 0.1413 0.6524
vn 0.5739 0.4923 0.6544
vn 0.1938 0.6810 0.7062
vn 0.1893 0.6818 0.7066
vn 0.2518 0.6644 0.7037
vn 0.1258 0.6952 0.7077
vn 0.3276 0.9448 0.0000
vn 0.3543 0.9351 0.0000
vn 0.5836 -0.4217 0.6940
vn 0.7154 -0.2390 0.6566
vn -0.5036 -0.8639 0.0000
vn -0.4512 -0.8924 0.0000
vn -0.3188 -0.6305 -0.7077
vn -0.3494 -0.5994 -0.7201
vn -0.0071 -0.0038 1.0000
vn -0.4447 -0.8957 0.0000
vn -0.7210 -0.6929 0.0000
vn -0.4872 -0.4682 -0.7372
vn -0.3498 -0.7045 -0.6175
vn 0.9485 -0.3169 0.0000
vn 0.8105 -0.5857 0.0000
vn -0.1054 0.4014 -0.9098
vn -0.0986 -0.9951 0.0000
vn -0.0753 -0.7595 -0.6461
vn 0.2965 0.9550 0.0000
vn 0.0538 0.9986 0.0000
vn 0.0380 0.7061 -0.7071
vn 0.0556 0.9985 0.0000
vn 0.0025 -1.0000 0.0000
vn 0.0018 -0.7049 -0.7093
vn 0.0575 0.9983 0.0000
vn 0.2436 0.9699 0.0000
vn 0.1497 0.9887 0.0000
vn 0.1433 0.9897 0.0000
vn 0.1049 0.6933 -0.7130
vn 0.9956 -0.0935 0.0000
vn 0.9398 -0.3418 0.0000
vn 0.7591 0.6510 0.0000
vn 0.9825 0.1865 0.0000
vn -0.0011 -0.0128 -0.9999
vn 0.0703 0.7055 -0.7052
vn 0.1011 0.7075 -0.6995
vn -0.0030 -0.0122 -0.9999
vn -0.0824 0.4719 -0.8778
vn -0.0927 0.4434 -0.8915
vn -0.0659 0.4682 -0.8812
vn -0.0016 -0.0257 -0.9997
vn -0.0089 -0.0251 -0.9996
vn -0.3663 -0.9305 0.0000
vn -0.2511 -0.6379 -0.7280
vn 0.2675 0.9636 0.0000
vn 0.2737 0.9618 0.0000
vn 0.4724 0.8814 0.0000
vn 0.3454 0.6444 -0.6823
vn -0.4725 -0.8813 0.0000
vn -0.3434 -0.6405 -0.6869
vn 0.3454 0.6444 0.6823
vn -0.0049 -0.0082 -1.0000
vn -0.0360 -0.2156 -0.9758
vn -0.0781 -0.1975 -0.9772
vn -0.0595 -0.1942 -0.9792
vn -0.0312 -0.2249 -0.9739
vn -0.0360 -0.2156 0.9758
vn -0.0312 -0.2249 0.9739
vn -0.0595 -0.1942 0.9791
vn -0.0781 -0.1976 0.9772
vn -0.0825 -0.1190 0.9895
vn -0.1096 -0.1456 0.9832
vn -0.0911 -0.9958 0.0000
vn -0.0898 -0.9960 -0.0000
vn -0.1370 -0.1981 -0.9706
vn 0.0271 0.7160 -0.6976
vn -0.1290 -0.1685 -0.9772
vn -0.1096 -0.1456 -0.9833
vn -0.0824 -0.1190 -0.9895
vn -0.1338 -0.1773 -0.9750
vn -0.1344 -0.1790 -0.9746
vn -0.5493 -0.8356 0.0000
vn -0.3759 -0.5719 -0.7291
vn -0.3660 -0.9306 0.0000
vn -0.2489 -0.6329 -0.7331
vn 0.1718 0.9851 0.0000
vn -0.0012 -0.0201 0.9998
vn -0.0017 -0.0199 0.9998
vn -0.0072 -0.0898 0.9959
vn -0.0136 -0.1018 0.9947
vn -0.0087 -0.0504 0.9987
vn -0.0652 -0.0657 0.9957
vn -0.1806 -0.2187 0.9589
vn -0.2479 -0.1273 0.9604
vn 0.0389 -0.6841 0.7284
vn 0.3468 -0.3400 0.8741
vn -0.0031 -0.0842 0.9964
vn 0.1882 -0.6895 0.6994
vn 0.1295 -0.7216 0.6801
vn -0.0151 -0.0150 0.9998
vn -0.0071 -0.0038 -1.0000
vn 0.1882 -0.6895 -0.6994
vn 0.1295 -0.7216 -0.6801
vn -0.0151 -0.0150 -0.9998
vn 0.0389 -0.6841 -0.7284
vn 0.3468 -0.3400 -0.8741
vn -0.0136 -0.1018 -0.9947
vn -0.0072 -0.0898 -0.9959
vn 0.0336 -0.7234 -0.6896
vn 0.0011 -0.0795 -0.9968
vn 0.3899 -0.5300 -0.7530
vn -0.0012 -0.0201 -0.9998
vn -0.0017 -0.0199 -0.9998
vn -0.0031 -0.0842 -0.9964
vn -0.0087 -0.0504 -0.9987
vn -0.0650 -0.0657 -0.9957
vn -0.0259 0.5099 0.8599
vn -0.0028 0.5508 0.8347
vn 0.0322 0.6929 -0.7203
vn 0.0438 0.7732 -0.6327
vn 0.0482 0.7016 -0.7109
vn 0.0098 0.5840 -0.8117
vn 0.0229 0.6082 -0.7935
vn 0.0672 0.7410 -0.6681
vn 0.0908 0.8299 -0.5505
vn 0.0873 0.8228 -0.5616
vn 0.0671 0.8359 -0.5448
vn 0.0010 0.8268 0.5625
vn 0.0671 0.8359 0.5448
vn 0.0439 0.7736 0.6321
vn 0.0323 0.6941 0.7191
vn 0.0481 0.7029 0.7097
vn 0.0098 0.5838 0.8119
vn 0.0229 0.6081 0.7935
vn 0.0670 0.7410 0.6682
vn 0.0872 0.8226 0.5619
vn 0.0907 0.8303 0.5499
vn 0.2295 0.9733 -0.0000
vn -0.1218 -0.0784 -0.9894
vn -0.2315 -0.0462 -0.9717
vn -0.0052 0.5608 0.8280
vn 0.1415 0.9899 0.0000
vn 0.6629 -0.7487 0.0000
vn -0.2489 -0.6329 0.7331
vn -0.3759 -0.5719 0.7291
vn -0.0495 -0.9988 0.0000
vn -0.1018 -0.9948 0.0000
vn -0.0008 -0.0258 -0.9997
vn -0.0019 -0.0275 -0.9996
vn -0.0019 -0.0275 0.9996
vn -0.0008 -0.0258 0.9997
vn -0.0048 -0.7178 -0.6962
vn 0.0301 0.6451 0.7635
vn 0.0301 0.6446 -0.7639
vn -0.0622 -0.7169 -0.6944
vn -0.0013 -0.0163 -0.9999
vn -0.0013 -0.0163 0.9999
vn -0.0622 -0.7169 0.6944
vn -0.0569 -0.2559 0.9650
vn -0.0755 -0.3116 0.9472
vn -0.0240 -0.1182 0.9927
vn 0.0268 0.6406 0.7674
vn -0.0569 -0.2559 -0.9650
vn -0.0240 -0.1182 -0.9927
vn 0.0271 0.6406 -0.7674
vn 0.0249 0.3912 0.9200
vn 0.0409 0.7163 0.6966
vn -0.0755 -0.3116 -0.9472
vn 0.0250 0.3929 -0.9192
vn 0.0408 0.7167 -0.6962
vn -0.9071 -0.4208 -0.0007
vn -0.7035 -0.7107 -0.0002
vn -0.1205 0.9927 0.0029
vn 0.0429 0.9991 0.0048
vn -0.9895 -0.1447 -0.0008
vn -0.4603 0.8878 -0.0026
vn -0.8802 0.4745 -0.0042
vn -0.5129 -0.8584 0.0000
vn 0.0978 0.8757 0.4728
vn -0.9991 -0.0430 -0.0008
vn -0.9995 -0.0300 -0.0008
vn -0.0022 -0.0193 0.9998
vn -0.1339 -0.1774 0.9750
vn -0.1371 -0.1982 0.9705
vn -0.0010 -0.0097 1.0000
vn -0.0022 -0.0193 -0.9998
vn -0.0010 -0.0097 -1.0000
vn -0.0115 -0.1589 -0.9872
vn -0.0051 -0.0708 -0.9975
vn -0.0142 -0.2005 -0.9796
vn 0.0271 0.7160 0.6976
vn 0.0380 0.7061 0.7071
vn -0.0115 -0.1589 0.9872
vn -0.0051 -0.0708 0.9975
vn -0.0142 -0.2005 0.9796
vn -0.1345 -0.1790 0.9746
vn -0.1291 -0.1686 0.9772
vn -0.0028 -0.0240 -0.9997
vn -0.0027 -0.0217 -0.9998
vn -0.1436 -0.1767 -0.9737
vn -0.1294 -0.1216 -0.9841
vn -0.0028 -0.0240 0.9997
vn -0.1294 -0.1216 0.9841
vn -0.1436 -0.1768 0.9737
vn -0.0027 -0.0217 0.9998
vn -0.2488 -0.0447 0.9675
vn -0.2530 -0.0437 0.9665
vn -0.9995 -0.0330 -0.0008
vn -0.9993 -0.0365 -0.0008
vn -0.2555 -0.0428 -0.9659
vn -0.2522 -0.0442 -0.9667
vn -0.0024 -0.0307 0.9995
vn 0.0480 0.6890 0.7232
vn 0.0706 0.6886 0.7217
vn -0.0041 -0.0348 0.9994
vn -0.0024 -0.0307 -0.9995
vn -0.0041 -0.0348 -0.9994
vn 0.0706 0.6886 -0.7217
vn 0.0480 0.6890 -0.7232
vn 0.0008 -0.0246 -0.9997
vn -0.0004 -0.0258 -0.9997
vn 0.0074 0.6950 -0.7189
vn -0.0272 0.6887 -0.7245
vn 0.0774 0.6885 0.7211
vn 0.0717 0.6967 0.7137
vn 0.0782 0.6925 0.7171
vn -0.1057 0.6711 -0.7338
vn -0.0280 0.7088 -0.7048
vn -0.1118 0.7096 -0.6957
vn -0.0377 -0.0180 0.9991
vn -0.0252 -0.0165 0.9995
vn -0.0135 -0.0281 0.9995
vn -0.0191 -0.0308 0.9993
vn -0.0191 -0.0308 -0.9993
vn -0.0135 -0.0281 -0.9995
vn -0.0252 -0.0165 -0.9995
vn -0.0377 -0.0180 -0.9991
vn -0.1218 -0.0747 -0.9897
vn -0.1221 -0.0765 -0.9896
vn -0.0047 -0.0513 -0.9987
vn -0.0671 -0.0695 -0.9953
vn -0.0660 -0.0677 -0.9955
vn -0.0043 -0.0538 -0.9985
vn -0.0012 -0.0223 -0.9998
vn -0.0012 -0.0212 -0.9998
vn -0.0020 -0.0214 -0.9998
vn -0.0020 -0.0229 -0.9997
vn 0.0034 -0.0235 -0.9997
vn -0.0102 -0.0425 -0.9990
vn -0.0069 -0.0433 -0.9990
vn 0.4615 0.2417 -0.8535
vn 0.1757 0.6233 -0.7620
vn -0.0125 -0.0042 -0.9999
vn -0.0190 -0.0045 -0.9998
vn 0.0050 -0.0228 -0.9997
vn -0.1628 0.6796 -0.7153
vn -0.0190 -0.0045 0.9998
vn -0.0125 -0.0042 0.9999
vn 0.0034 -0.0235 0.9997
vn -0.1057 0.6711 0.7338
vn -0.0272 0.6887 0.7245
vn 0.0008 -0.0246 0.9997
vn 0.0050 -0.0228 0.9997
vn -0.1628 0.6796 0.7153
vn -0.0119 -0.0431 0.9990
vn 0.1753 0.6230 0.7623
vn 0.4616 0.2415 0.8536
vn -0.0061 -0.0439 0.9990
vn -0.0022 -0.0545 0.9985
vn -0.0042 -0.0555 0.9984
vn -0.0664 -0.0691 0.9954
vn -0.0675 -0.0727 0.9951
vn -0.0012 -0.0223 0.9998
vn -0.0020 -0.0229 0.9997
vn -0.0020 -0.0214 0.9998
vn -0.0012 -0.0212 0.9998
vn 0.0772 0.9970 0.0000
vn -0.1043 -0.1039 0.9891
vn -0.1135 -0.1095 0.9875
vn 0.5476 -0.4474 0.7071
vn 0.0004 -0.0320 -0.9995
vn -0.0008 -0.0289 -0.9996
vn 0.0004 -0.0320 0.9995
vn -0.0008 -0.0289 0.9996
vn 0.0074 0.6950 0.7189
vn -0.0004 -0.0258 0.9997
vn -0.0011 -0.0275 -0.9996
vn 0.0242 0.6940 -0.7196
vn -0.1226 -0.0775 0.9894
vn -0.1224 -0.0760 0.9896
vn -0.0011 -0.0275 0.9996
vn 0.0242 0.6940 0.7196
vn -0.0540 -0.9985 -0.0000
vn -0.0690 -0.9976 -0.0000
vn -0.1215 -0.1250 -0.9847
vn -0.1249 -0.1196 -0.9849
vn -0.1085 0.5618 0.8201
vn -0.1665 -0.9860 0.0000
vn -0.2385 -0.9711 0.0000
vn 0.6895 -0.2266 0.6879
vn -0.0376 -0.9993 0.0000
vn -0.0115 -0.9999 0.0000
vn -0.3832 -0.9237 0.0000
vn -0.4381 -0.8989 0.0000
vn -0.2761 -0.9611 0.0000
vn -0.3204 -0.9473 0.0000
vn 0.0023 -1.0000 0.0000
vn 0.0015 -1.0000 0.0000
vn -0.0196 -0.2269 0.9737
vn -0.0862 -0.9963 0.0000
vn 0.4619 -0.8869 0.0000
vn -0.0014 -0.0227 -0.9997
vn -0.0018 -0.0234 -0.9997
vn -0.0018 -0.0234 0.9997
vn -0.0014 -0.0227 0.9997
vn -0.1250 -0.1196 0.9849
vn -0.1216 -0.1250 0.9847
vn -0.0035 -0.0307 0.9995
vn -0.1223 -0.0786 0.9894
vn -0.2326 -0.0464 0.9715
vn -0.0035 -0.0307 -0.9995
vn 0.0004 -0.0246 0.9997
vn -0.0408 -0.0308 0.9987
vn 0.0105 -0.0295 0.9995
vn -0.0695 -0.6399 0.7653
vn -0.0428 -0.0045 0.9991
vn 0.0105 -0.0295 -0.9995
vn -0.0408 -0.0308 -0.9987
vn -0.4872 -0.4682 0.7372
vn -0.0464 -0.6916 0.7208
vn -0.1406 -0.6739 0.7253
vn -0.3188 -0.6305 0.7077
vn -0.3494 -0.5994 0.7201
vn -0.3434 -0.6405 0.6869
vn -0.0753 -0.7595 0.6461
vn 0.2640 -0.6915 0.6724
vn 0.4358 -0.5863 0.6828
vn -0.2511 -0.6379 0.7280
vn 0.0018 -0.7049 0.7093
vn -0.3498 -0.7045 0.6175
vn -0.0010 -0.0223 0.9998
vn -0.0128 -0.0519 0.9986
vn -0.0696 -0.0691 0.9952
vn -0.0098 -0.0434 0.9990
vn -0.0110 -0.0452 0.9989
vn 0.0031 -0.0228 0.9997
vn 0.0021 -0.0235 0.9997
vn 0.1366 -0.6535 0.7445
vn -0.0865 -0.0182 0.9961
vn -0.0428 -0.0045 -0.9991
vn 0.0021 -0.0235 -0.9997
vn 0.0031 -0.0228 -0.9997
vn -0.0865 -0.0182 -0.9961
vn -0.0115 -0.0458 -0.9989
vn -0.0090 -0.0437 -0.9990
vn 0.0004 -0.0246 -0.9997
vn -0.0010 -0.0223 -0.9998
vn -0.0698 -0.0695 -0.9951
vn -0.0154 -0.0526 -0.9985
vn -0.0061 -0.0348 -0.9994
vn -0.0061 -0.0348 0.9994
vn -0.1134 -0.1095 -0.9875
vn -0.2397 -0.0459 -0.9698
vn -0.9992 -0.0391 -0.0008
vn -0.0015 -0.0275 0.9996
vn -0.0006 -0.0258 0.9997
vn -0.0006 -0.0258 -0.9997
vn -0.0015 -0.0275 -0.9996
vn -0.1221 -0.0784 -0.9894
vn 0.7744 -0.6327 0.0000
vn 0.7300 -0.6834 0.0000
vn 0.5268 -0.4932 -0.6923
vn 0.5476 -0.4474 -0.7071
vn 0.0021 -0.0758 -0.9971
vn 0.0128 -0.0193 -0.9997
vn 0.0021 -0.0758 0.9971
vn 0.0128 -0.0193 0.9997
vn -0.0208 -0.2266 -0.9738
vn -0.0199 -0.2264 0.9738
vn -0.0208 -0.2266 0.9738
vn 0.0011 -0.0266 0.9996
vn -0.0002 -0.0243 0.9997
vn 0.0011 -0.0266 -0.9996
vn -0.0002 -0.0243 -0.9997
vn -0.0165 -0.1786 -0.9838
vn -0.0011 -0.0214 -0.9998
vn -0.0009 -0.0107 -0.9999
vn -0.0009 -0.0107 0.9999
vn 0.0699 0.7018 0.7090
vn -0.0165 -0.1786 0.9838
vn -0.0011 -0.0214 0.9998
vn 0.0314 0.6752 -0.7369
vn 0.0315 0.6761 0.7361
vn 0.0267 0.6320 0.7745
vn 0.0271 0.6406 0.7674
vn -0.0045 0.5608 0.8280
vn 0.0092 0.5984 0.8011
vn -0.0246 0.5220 0.8526
vn -0.1601 0.9871 -0.0016
vn 0.0385 0.6496 0.7593
vn 0.0535 0.6982 0.7139
vn 0.0214 0.6172 0.7865
vn -0.0780 0.4809 0.8733
vn 0.1064 0.8786 0.4655
vn 0.0822 0.8149 0.5737
vn 0.0988 0.9951 0.0013
vn 0.0824 0.8164 -0.5715
vn -0.0684 -0.0695 -0.9952
vn 0.0804 0.8150 0.5738
vn -0.1043 -0.1039 -0.9891
vn 0.6824 -0.7310 0.0000
vn 0.4825 -0.5169 -0.7071
vn 0.4825 -0.5169 0.7071
vn 0.5268 -0.4932 0.6923
vn 0.2437 0.9699 0.0000
vn 0.1174 0.8468 0.5188
vn 0.0339 0.7042 0.7092
vn 0.0055 -0.0238 0.9997
vn -0.1147 -0.1118 0.9871
vn -0.1147 -0.1118 -0.9871
vn 0.0055 -0.0238 -0.9997
vn -0.0682 -0.0710 0.9951
vn -0.1226 -0.0783 0.9894
vn -0.1224 -0.0784 -0.9894
vn 0.0043 -0.0310 -0.9995
vn 0.0043 -0.0310 0.9995
vn -0.2481 -0.0457 -0.9677
vn -0.1225 -0.1164 0.9856
vn -0.1225 -0.1163 -0.9856
vn -0.0016 -0.0228 -0.9997
vn -0.0023 -0.0237 -0.9997
vn -0.0023 -0.0237 0.9997
vn -0.0016 -0.0228 0.9997
vn -0.0030 -0.0307 0.9995
vn -0.2406 -0.0455 0.9696
vn -0.0030 -0.0307 -0.9995
vn 0.0006 -0.0246 0.9997
vn -0.0304 -0.0309 0.9991
vn -0.0306 -0.0045 0.9995
vn -0.0304 -0.0309 -0.9991
vn -0.0011 -0.0223 0.9998
vn -0.0065 -0.0527 0.9986
vn -0.0100 -0.0431 0.9990
vn -0.0080 -0.0442 0.9990
vn 0.0041 -0.0228 0.9997
vn 0.0027 -0.0235 0.9997
vn -0.0610 -0.0181 0.9980
vn -0.0306 -0.0045 -0.9995
vn 0.0027 -0.0235 -0.9997
vn 0.0041 -0.0228 -0.9997
vn -0.0610 -0.0181 -0.9980
vn -0.0095 -0.0446 -0.9990
vn -0.0087 -0.0432 -0.9990
vn 0.0006 -0.0246 -0.9997
vn -0.0011 -0.0223 -0.9998
vn -0.0106 -0.0518 -0.9986
vn -0.0051 -0.0348 -0.9994
vn -0.0051 -0.0348 0.9994
vn 0.0246 0.7024 0.7114
vn 0.0491 0.7027 0.7098
vn 0.6322 -0.5209 0.5736
vn 0.0402 -0.7483 0.6622
vn -0.3838 0.2812 0.8796
vn -0.6320 0.4950 0.5963
vn -0.1631 0.6819 0.7130
vn -0.0197 -0.7116 0.7023
vn -0.0048 -0.7114 0.7028
vn 0.1223 -0.6817 -0.7213
vn 0.0326 -0.7030 -0.7104
vn -0.0427 -0.7088 0.7041
vn 0.1223 -0.6817 0.7213
vn 0.1874 -0.6879 0.7012
vn -0.0048 -0.7114 -0.7028
vn -0.0197 -0.7116 -0.7023
vn -0.1118 0.7096 0.6957
vn -0.0280 0.7088 0.7048
vn 0.0326 -0.7030 0.7104
vn 0.0491 0.7027 -0.7098
vn 0.0246 0.7024 -0.7114
vn -0.0427 -0.7088 -0.7041
vn 0.0076 0.7032 0.7110
vn 0.0076 0.7032 -0.7110
vn -0.0622 -0.7123 0.6992
vn 0.0717 0.6967 -0.7137
vn -0.0622 -0.7123 -0.6992
vn 0.2026 0.7007 -0.6841
vn 0.6670 0.4118 -0.6209
vn 0.6322 -0.5209 -0.5736
vn 0.0402 -0.7483 -0.6622
vn -0.1631 0.6819 -0.7130
vn 0.1874 -0.6879 -0.7012
vn 0.2026 0.7007 0.6841
vn 0.6670 0.4118 0.6209
vn -0.2111 -0.3019 0.9297
vn -0.5014 -0.6595 0.5600
vn -0.0657 -0.7170 -0.6940
vn -0.0660 -0.7142 -0.6968
vn -0.2111 -0.3019 -0.9297
vn -0.5014 -0.6595 -0.5600
vn -0.3838 0.2812 -0.8796
vn -0.6320 0.4950 -0.5963
vn 0.0010 -0.0224 -0.9997
vn 0.0015 -0.0224 -0.9997
vn 0.0010 -0.0224 0.9997
vn 0.0015 -0.0224 0.9997
vn 0.0017 -0.0693 -0.9976
vn 0.0017 -0.0693 0.9976
vn -0.0178 -0.9998 0.0000
vn -0.0019 -0.1970 -0.9804
vn -0.0019 -0.1970 0.9804
vn 0.0019 -0.0224 0.9997
vn 0.0019 -0.0224 -0.9997
vn 0.0009 -0.0090 -1.0000
vn 0.0009 -0.0090 1.0000
vn 0.0013 -0.1579 0.9875
vn 0.0013 -0.1579 -0.9875
vn 0.0774 0.6885 -0.7211
vn 0.0782 0.6925 -0.7171
vn -0.0660 -0.7142 0.6968
vn -0.0657 -0.7170 0.6940
vn -0.0081 -0.0395 -0.9992
vn -0.0066 -0.0395 -0.9992
vn -0.0066 -0.0395 0.9992
vn -0.0081 -0.0395 0.9992
vn 0.0273 0.6459 0.7629
vn 0.0270 0.6459 0.7629
vn 0.0273 0.6459 -0.7629
vn -0.0307 -0.1305 -0.9910
vn -0.0307 -0.1305 0.9910
vn -0.0962 -0.3461 -0.9333
vn -0.0962 -0.3461 0.9333
vn -0.0051 -0.0395 0.9992
vn -0.0051 -0.0395 -0.9992
vn -0.0015 -0.0184 -0.9998
vn -0.0015 -0.0184 0.9998
vn -0.0729 -0.2838 0.9561
vn -0.0729 -0.2838 -0.9561
usemtl Blade2
s 1
f 752/1/1 226/2/2 138/3/3 734/4/4
f 802/5/5 23/6/6 6/7/7 804/8/8
f 569/9/9 564/10/10 94/11/11 93/12/12
f 238/13/13 246/14/14 159/15/15 12/16/16
f 888/17/17 346/18/18 22/19/19 865/20/20
f 581/21/21 621/22/22 452/23/23 44/24/24
f 344/25/25 360/26/26 209/27/27 24/28/28
f 476/29/29 475/30/30 249/31/31 252/32/32
f 912/33/33 345/34/34 21/35/35 897/36/36
f 925/37/37 924/38/38 1/39/39 16/40/40
f 904/41/41 131/42/42 28/43/43 898/44/44
f 223/45/45 125/46/46 12/16/16 211/47/47
f 761/48/48 473/49/49 250/50/50 745/51/51
f 239/52/52 45/53/53 182/54/54 247/55/55
f 897/36/36 21/35/35 3/56/56 895/57/57
f 930/58/58 923/59/59 9/60/60 121/61/61
f 343/62/62 344/25/25 24/28/28 23/6/6
f 485/63/63 468/64/64 59/65/65 359/66/66
f 716/67/67 724/68/68 125/46/46 223/45/45
f 466/69/69 242/70/70 46/71/71 449/72/72
f 453/73/73 454/74/74 26/75/75 43/76/76
f 469/77/77 472/78/78 253/79/79 250/80/50
f 898/81/44 906/82/80 170/83/81 29/84/82
f 865/20/20 22/19/19 5/85/83 864/86/84
f 204/87/85 140/88/86 66/89/87 188/90/88
f 611/91/89 616/92/90 184/93/91 81/94/92
f 596/95/93 478/96/94 447/97/95 597/98/96
f 126/99/97 122/100/98 33/101/99 32/102/100
f 212/103/101 227/104/102 165/105/103 33/101/99
f 155/106/104 106/107/105 84/108/106 124/109/104
f 609/110/107 35/111/108 160/112/109 612/113/110
f 871/114/111 119/115/112 29/116/82 866/117/113
f 819/118/114 343/62/62 23/6/6 802/5/5
f 32/102/100 33/101/99 165/105/103 162/119/115
f 122/100/98 224/120/116 212/103/101 33/101/99
f 622/121/117 498/122/118 110/123/119 579/124/120
f 128/125/104 82/126/121 14/127/122 129/128/104
f 811/129/123 126/99/97 32/102/100 805/130/124
f 117/131/104 95/132/125 92/133/126 149/134/104
f 124/109/104 84/108/106 90/135/127 148/136/104
f 511/137/104 509/138/128 88/139/129 147/140/104
f 578/141/130 565/142/131 89/143/132 109/144/133
f 444/145/134 433/146/135 19/147/136 348/148/137
f 12/16/16 159/15/15 228/149/138 211/47/47
f 916/150/139 899/151/140 18/152/141 450/153/142
f 361/154/143 341/155/144 20/156/145 210/157/146
f 151/158/104 100/159/147 86/160/148 123/161/104
f 362/162/149 221/163/150 61/164/151 354/165/152
f 23/6/6 24/28/28 7/166/153 6/7/7
f 130/167/154 80/168/155 196/169/156 201/170/104
f 934/171/157 925/37/37 16/40/40 340/172/158
f 747/173/104 202/174/104 128/125/104 726/175/104
f 434/176/159 62/177/160 190/178/161 440/179/162
f 135/180/163 40/181/164 39/182/165 134/183/166
f 810/184/167 806/185/168 40/181/164 135/180/163
f 45/53/53 216/186/169 231/187/170 182/54/54
f 884/188/171 867/189/172 41/190/173 136/191/174
f 475/192/30 474/193/175 249/194/31
f 587/195/176 592/196/177 46/197/71 242/198/70
f 472/78/78 479/199/178 254/200/179 253/79/79
f 594/201/180 43/202/76 26/203/75 593/204/181
f 823/205/182 460/206/183 177/207/184 814/208/185
f 449/72/72 46/71/71 217/209/186 461/210/187
f 592/196/177 595/211/188 217/212/186 46/197/71
f 815/213/189 178/214/190 40/181/164 806/185/168
f 462/215/191 218/216/192 26/75/75 454/74/74
f 40/181/164 178/214/190 175/217/193 39/182/165
f 484/218/194 477/219/195 4/220/196 358/221/197
f 226/2/2 216/186/169 45/53/53 138/3/3
f 917/222/198 591/223/199 18/224/141 899/225/140
f 900/226/200 41/227/173 171/228/201 907/229/202
f 903/230/203 900/231/200 42/232/204 137/233/205
f 134/183/166 39/182/165 215/234/206 225/235/207
f 928/236/208 63/237/209 54/238/210 927/239/211
f 730/240/212 134/183/166 225/235/207 717/241/213
f 902/242/214 901/243/215 52/244/216 60/245/217
f 488/246/218 480/247/219 251/248/220 447/97/95
f 869/249/221 868/250/222 51/251/223 58/252/224
f 164/253/225 165/105/103 227/104/102 230/254/226
f 809/255/227 808/256/228 50/257/229 57/258/230
f 57/258/230 50/257/229 49/259/231 56/260/232
f 759/261/233 750/262/234 203/263/235 439/264/236
f 443/265/237 347/266/238 62/177/160 434/176/159
f 351/267/239 57/258/230 56/260/232 350/268/240
f 818/269/241 809/255/227 57/258/230 351/267/239
f 215/234/206 39/182/165 175/217/193 232/270/242
f 875/271/243 869/249/221 58/252/224 352/272/244
f 470/273/245 471/274/246 127/275/247 166/276/248
f 911/277/249 902/242/214 60/245/217 353/278/250
f 350/268/240 56/260/232 222/279/251 363/280/252
f 933/281/253 355/282/254 63/237/209 928/236/208
f 929/283/255 132/284/256 47/285/257 926/286/258
f 141/287/259 139/288/259 64/289/260 68/290/261
f 439/264/236 203/263/235 187/291/262 438/292/263
f 582/293/264 568/294/265 82/295/121 195/296/266
f 140/88/86 206/297/259 191/298/267 66/89/87
f 154/299/259 142/300/259 70/301/268 107/302/269
f 150/303/259 143/304/259 72/305/270 98/306/271
f 510/307/259 144/308/259 74/309/272 508/310/273
f 142/300/259 145/311/259 76/312/274 70/301/268
f 205/313/259 141/287/259 68/290/261 192/314/275
f 202/174/104 195/315/266 82/126/121 128/125/104
f 604/316/276 566/317/277 90/318/127 84/319/106
f 118/320/259 146/321/259 78/322/278 97/323/279
f 576/324/280 567/325/281 91/326/282 103/327/283
f 735/328/284 748/329/259 206/297/259 140/88/86
f 606/330/285 603/331/286 83/332/287 13/333/288
f 563/334/289 607/335/290 92/336/126 95/337/125
f 812/338/291 805/130/124 32/102/100 162/119/115
f 564/10/10 605/339/292 87/340/293 94/11/11
f 577/341/294 604/316/276 84/319/106 106/342/105
f 618/343/295 329/344/296 9/345/60 570/346/297
f 600/347/298 606/348/285 13/349/288 506/350/299
f 938/351/300 923/352/59 35/111/108 609/110/107
f 568/294/265 571/353/301 14/354/122 82/295/121
f 584/355/302 602/356/303 80/357/155 185/358/304
f 556/359/305 536/360/306 62/361/160 347/362/238
f 573/363/307 608/364/308 86/365/148 100/366/147
f 436/367/309 437/368/310 186/369/311 200/370/312
f 822/371/313 813/372/314 163/373/315 453/73/73
f 758/374/316 436/367/309 200/370/312 714/375/317
f 567/325/281 601/376/318 85/377/319 91/326/282
f 713/378/259 736/379/259 141/287/259 205/313/259
f 599/380/320 610/381/321 88/382/129 509/383/128
f 123/161/104 86/160/148 95/132/125 117/131/104
f 143/304/259 118/320/259 97/323/279 72/305/270
f 608/364/308 563/334/289 95/337/125 86/365/148
f 575/384/322 573/385/307 100/386/147 105/387/323
f 605/339/292 574/388/324 101/389/325 87/340/293
f 153/390/259 150/303/259 98/306/271 104/391/326
f 152/392/104 105/393/323 100/159/147 151/158/104
f 148/136/104 90/135/127 105/393/323 152/392/104
f 145/311/259 153/390/259 104/391/326 76/312/274
f 566/317/277 575/384/322 105/387/323 90/318/127
f 574/388/324 576/324/280 103/327/283 101/389/325
f 610/381/321 577/341/294 106/342/105 88/382/129
f 144/308/259 154/299/259 107/302/269 74/309/272
f 601/376/318 578/141/130 109/144/133 85/377/319
f 147/140/104 88/139/129 106/107/105 155/106/104
f 199/394/327 185/395/304 80/168/155 130/167/154
f 367/396/328 263/397/329 112/398/330 357/399/331
f 368/400/332 356/401/333 115/402/334 266/403/335
f 266/403/335 115/402/334 114/404/336 265/405/337
f 116/406/338 356/401/333 368/400/332 267/407/339
f 367/396/328 357/399/331 116/408/338 267/409/339
f 268/410/340 261/411/341 110/412/119 157/413/342
f 263/397/329 262/414/343 111/415/344 112/398/330
f 755/416/345 268/410/340 157/413/342 711/417/346
f 739/418/104 147/140/104 155/106/104 743/419/104
f 737/420/259 710/421/259 154/299/259 144/308/259
f 738/422/259 709/423/259 153/390/259 145/311/259
f 740/424/104 148/136/104 152/392/104 742/425/104
f 742/425/104 152/392/104 151/158/104 741/426/104
f 709/423/259 708/427/259 150/303/259 153/390/259
f 705/428/259 697/429/259 118/320/259 143/304/259
f 699/430/104 123/161/104 117/131/104 720/431/104
f 697/429/259 706/432/259 146/321/259 118/320/259
f 704/433/259 738/422/259 145/311/259 142/300/259
f 767/434/259 737/420/259 144/308/259 510/307/259
f 708/427/259 705/428/259 143/304/259 150/303/259
f 710/421/259 704/433/259 142/300/259 154/299/259
f 603/435/286 614/436/347 198/437/348 83/438/287
f 583/439/349 611/91/89 81/94/92 197/440/350
f 602/356/303 613/441/351 196/442/156 80/357/155
f 736/379/259 703/443/259 139/288/259 141/287/259
f 942/444/352 702/445/353 132/284/256 929/283/255
f 221/163/150 220/446/354 53/447/355 61/164/151
f 921/448/356 903/230/203 137/233/205 733/449/357
f 477/219/195 481/450/358 17/451/359 4/220/196
f 880/452/360 884/188/171 136/191/174 732/453/361
f 56/260/232 49/259/231 219/454/362 222/279/251
f 828/455/363 810/184/167 135/180/163 731/456/364
f 731/456/364 135/180/163 134/183/166 730/240/212
f 715/457/365 735/328/284 140/88/86 204/87/85
f 727/458/366 130/167/154 201/170/104 712/459/104
f 741/426/104 151/158/104 123/161/104 699/430/104
f 766/460/104 511/137/104 147/140/104 739/418/104
f 700/461/104 124/109/104 148/136/104 740/424/104
f 720/431/104 117/131/104 149/134/104 707/462/104
f 827/463/367 725/464/368 126/99/97 811/129/123
f 726/175/104 128/125/104 129/128/104 701/465/104
f 749/466/369 199/394/327 130/167/154 727/458/366
f 892/467/370 721/468/371 119/115/112 871/114/111
f 743/419/104 155/106/104 124/109/104 700/461/104
f 210/157/146 20/156/145 2/469/372 207/470/373
f 725/464/368 723/471/374 122/100/98 126/99/97
f 433/146/135 435/472/375 183/473/376 19/147/136
f 941/474/377 930/58/58 121/61/61 698/475/378
f 24/28/28 209/27/27 208/476/379 7/166/153
f 920/477/380 728/478/381 131/42/42 904/41/41
f 480/247/219 476/29/29 252/32/32 251/248/220
f 175/217/193 176/479/382 233/480/383 232/270/242
f 872/481/384 885/482/385 170/83/81 169/483/386
f 163/373/315 162/119/115 165/105/103 164/253/225
f 229/484/387 228/149/138 159/15/15 158/485/388
f 905/486/389 906/82/80 168/487/390 167/488/391
f 812/338/291 813/372/314 161/489/392 160/490/109
f 473/49/49 469/491/77 250/50/50
f 178/214/190 177/207/184 176/479/382 175/217/193
f 814/208/185 815/213/189 180/492/393 179/493/394
f 873/494/395 886/495/396 172/496/397 171/228/201
f 231/187/170 234/497/398 181/498/399 182/54/54
f 907/229/202 908/499/400 174/500/401 173/501/402
f 580/502/403 612/113/110 160/112/109 161/503/392
f 487/504/404 470/273/245 166/276/248 397/505/405
f 586/506/406 593/204/181 26/203/75 218/507/192
f 582/293/264 195/296/266 196/442/156 613/441/351
f 583/439/349 197/440/350 198/437/348 614/436/347
f 550/508/407 187/509/262 188/510/88 551/511/302
f 585/512/408 183/513/376 184/93/91 616/92/90
f 200/370/312 186/369/311 185/395/304 199/394/327
f 398/514/104 198/515/348 197/516/350 422/517/104
f 204/87/85 188/90/88 187/291/262 203/263/235
f 399/518/259 194/519/409 193/520/410 423/521/259
f 714/375/317 200/370/312 199/394/327 749/466/369
f 195/315/266 202/174/104 201/170/104 196/169/156
f 715/457/365 204/87/85 203/263/235 750/262/234
f 191/298/267 206/297/259 205/313/259 192/314/275
f 572/522/306 19/523/136 183/524/376 585/525/408
f 208/476/379 209/27/27 210/157/146 207/470/373
f 360/26/26 213/526/411 214/527/412 361/154/143
f 220/446/354 221/163/150 222/279/251 219/454/362
f 402/528/413 208/476/379 207/470/373 426/529/414
f 403/530/415 220/446/354 219/454/362 427/531/416
f 362/162/149 214/532/412 213/533/411 363/280/252
f 212/103/101 224/120/116 223/45/45 211/47/47
f 216/186/169 226/2/2 225/235/207 215/234/206
f 228/149/138 229/484/387 230/254/226 227/104/102
f 232/270/242 233/480/383 234/497/398 231/187/170
f 461/210/187 217/209/186 218/216/192 462/215/191
f 211/47/47 228/149/138 227/104/102 212/103/101
f 215/234/206 232/270/242 231/187/170 216/186/169
f 586/506/406 218/507/192 217/212/186 595/211/188
f 723/471/374 751/534/417 224/120/116 122/100/98
f 182/54/54 181/498/399 248/535/418 247/55/55
f 158/485/388 159/15/15 246/14/14 245/536/419
f 724/68/68 718/537/420 244/538/421 125/46/46
f 734/4/4 138/3/3 243/539/422 753/540/423
f 354/165/152 61/164/151 241/541/424 364/542/425
f 61/164/151 53/447/355 240/543/426 241/541/424
f 855/544/427 587/195/176 242/198/70 839/545/70
f 138/3/3 45/53/53 239/52/52 243/539/422
f 125/46/46 244/538/421 238/13/13 12/16/16
f 20/156/145 237/546/428 236/547/429 2/469/372
f 853/548/430 839/549/70 242/70/70 466/69/69
f 836/550/431 239/52/52 247/55/55 842/551/432
f 341/155/144 365/552/433 237/546/428 20/156/145
f 835/553/434 845/554/435 246/14/14 238/13/13
f 358/221/197 4/220/196 257/555/436 366/556/437
f 447/557/95 251/558/220 256/559/438 467/560/439
f 4/220/196 17/451/359 258/561/440 257/555/436
f 250/50/50 253/562/79 260/563/441 259/564/442
f 166/276/248 127/275/247 257/565/436 258/566/440
f 252/567/32 249/194/31 259/568/442 260/569/441
f 359/66/66 59/65/65 255/570/443 366/571/437
f 448/572/444 597/98/96 447/97/95 467/573/439
f 251/558/220 252/567/32 260/569/441 256/559/438
f 397/505/405 166/276/248 258/566/440 405/574/445
f 253/562/79 254/575/179 256/576/438 260/563/441
f 745/51/51 250/50/50 259/564/442 754/577/446
f 757/578/447 719/579/448 269/580/449 337/581/450
f 756/582/451 335/583/452 268/410/340 755/416/345
f 331/584/453 330/585/454 262/414/343 263/397/329
f 335/583/452 329/586/296 261/411/341 268/410/340
f 370/587/455 331/584/453 263/397/329 367/396/328
f 337/581/450 269/580/449 264/588/456 332/589/457
f 334/590/458 266/403/335 265/405/337 333/591/459
f 369/592/460 368/400/332 266/403/335 334/590/458
f 719/579/448 744/593/461 156/594/462 269/580/449
f 1011/595/463 338/596/464 328/597/465 1010/598/466
f 967/599/467 965/600/468 327/601/469 339/602/470
f 1000/603/471 310/604/472 326/605/473 1009/606/474
f 746/607/475 311/608/476 326/609/473 754/610/446
f 989/611/477 284/612/478 325/613/479 1008/614/480
f 979/615/481 964/616/482 324/617/483 274/618/484
f 978/619/485 1006/620/486 320/621/487 273/622/488
f 848/623/489 325/624/479 795/625/490 861/626/491
f 275/627/492 273/628/488 775/629/493 779/630/494
f 961/631/495 318/632/496 319/633/497 1005/634/498
f 960/635/499 316/636/500 317/637/501 1004/638/502
f 748/329/259 314/639/259 315/640/259 713/378/259
f 747/173/104 312/641/104 313/642/104 712/459/104
f 760/643/503 482/644/504 311/608/476 746/607/475
f 1023/645/505 983/646/506 278/647/507 909/648/508
f 1025/649/509 931/650/510 296/651/511 944/652/512
f 980/653/513 978/619/485 273/622/488 275/654/492
f 998/655/104 293/656/104 298/657/104 946/658/104
f 1021/659/514 976/660/515 271/661/516 887/662/517
f 1004/638/502 317/637/501 277/663/518 982/664/519
f 981/665/104 276/666/104 299/667/104 947/668/104
f 1017/669/520 980/653/513 275/654/492 816/670/521
f 975/671/104 270/672/104 305/673/104 953/674/104
f 946/658/104 298/657/104 290/675/104 995/676/104
f 1015/677/104 512/678/104 289/679/104 994/680/104
f 996/681/104 291/682/104 297/683/104 945/684/104
f 982/664/519 277/663/518 313/642/104 958/685/104
f 961/631/495 990/686/522 285/687/523 318/632/496
f 986/688/524 281/689/525 280/690/526 985/691/527
f 1016/692/528 817/693/529 281/689/525 986/688/524
f 1020/694/530 874/695/531 282/696/532 987/697/533
f 1022/698/534 910/699/535 283/700/536 988/701/537
f 1024/702/538 948/703/539 300/704/540 932/705/541
f 991/706/259 949/707/259 301/708/259 286/709/259
f 956/710/259 950/711/259 302/712/259 308/713/259
f 954/714/259 951/715/259 303/716/259 306/717/259
f 972/718/259 992/719/259 287/720/259 513/721/259
f 950/711/259 993/722/259 288/723/259 302/712/259
f 943/724/259 952/725/259 304/726/259 295/727/259
f 945/684/104 297/683/104 270/672/104 975/671/104
f 951/715/259 943/724/259 295/727/259 303/716/259
f 955/728/259 954/714/259 306/717/259 307/729/259
f 997/730/104 292/731/104 291/682/104 996/681/104
f 995/676/104 290/675/104 292/731/104 997/730/104
f 993/722/259 955/728/259 307/729/259 288/723/259
f 992/719/259 956/710/259 308/713/259 287/720/259
f 994/680/104 289/679/104 293/656/104 998/655/104
f 579/124/120 110/123/119 261/732/341 617/733/542
f 265/405/337 114/404/336 395/734/543 429/735/544
f 706/432/259 764/736/545 78/322/278 146/321/259
f 959/737/259 991/706/259 286/709/259 315/640/259
f 1012/738/546 441/739/547 316/636/500 960/635/499
f 990/686/522 1003/740/259 314/639/259 285/687/523
f 968/741/548 1005/634/498 319/633/497 442/742/549
f 985/691/527 280/690/526 323/743/550 963/744/551
f 1002/745/104 312/641/104 276/666/104 981/665/104
f 962/746/552 979/615/481 274/618/484 321/747/553
f 1013/748/554 483/749/555 310/604/472 1000/603/471
f 1007/750/556 322/751/557 284/612/478 989/611/477
f 948/703/539 967/599/467 339/602/470 300/704/540
f 944/652/512 296/651/511 338/596/464 1011/595/463
f 355/282/254 369/592/460 334/590/458 63/237/209
f 63/237/209 334/590/458 333/591/459 54/238/210
f 132/284/256 337/581/450 332/589/457 47/285/257
f 340/172/158 16/40/40 331/584/453 370/587/455
f 121/61/61 9/60/60 329/586/296 335/583/452
f 16/40/40 1/39/39 330/585/454 331/584/453
f 698/475/378 121/61/61 335/583/452 756/582/451
f 702/445/353 757/578/447 337/581/450 132/284/256
f 617/733/542 261/732/341 329/344/296 618/343/295
f 10/752/558 340/172/158 370/587/455 336/753/559
f 10/754/558 336/755/559 369/592/460 355/282/254
f 1010/598/466 328/597/465 309/756/560 957/757/561
f 269/580/449 156/594/462 113/758/562 264/588/456
f 336/755/559 267/407/339 368/400/332 369/592/460
f 336/753/559 370/587/455 367/396/328 267/409/339
f 127/275/247 359/66/66 366/571/437 257/565/436
f 59/759/65 358/221/197 366/556/437 255/760/443
f 11/761/563 235/762/564 365/552/433 341/155/144
f 11/763/563 354/165/152 364/542/425 235/764/564
f 221/163/150 362/162/149 363/280/252 222/279/251
f 209/27/27 360/26/26 361/154/143 210/157/146
f 588/765/565 619/766/305 556/359/305 347/362/238
f 922/767/566 10/754/558 355/282/254 933/281/253
f 34/768/567 350/268/240 363/280/252 213/533/411
f 896/769/568 911/277/249 353/278/250 27/770/569
f 883/771/570 875/271/243 352/272/244 30/772/571
f 803/773/572 818/269/241 351/267/239 31/774/573
f 31/774/573 351/267/239 350/268/240 34/768/567
f 589/775/574 588/776/565 347/266/238 443/265/237
f 468/777/64 484/218/194 358/221/197 59/759/65
f 922/778/566 934/171/157 340/172/158 10/752/558
f 214/532/412 362/162/149 354/165/152 11/763/563
f 214/527/412 11/761/563 341/155/144 361/154/143
f 432/779/575 444/145/134 348/148/137 37/780/576
f 803/781/572 31/782/573 343/62/62 819/118/114
f 471/274/246 485/63/63 359/66/66 127/275/247
f 31/782/573 34/783/567 344/25/25 343/62/62
f 896/784/568 27/785/569 345/34/34 912/33/33
f 34/783/567 213/526/411 360/26/26 344/25/25
f 883/786/570 30/787/571 346/18/18 888/17/17
f 1/39/39 408/788/577 431/789/578 330/585/454
f 54/238/210 333/591/459 430/790/579 412/791/580
f 965/600/468 999/792/581 294/793/582 327/601/469
f 220/446/354 403/530/415 385/794/583 53/447/355
f 481/450/358 486/795/584 396/796/585 17/451/359
f 207/470/373 2/469/372 375/797/586 426/529/414
f 198/515/348 398/514/104 377/798/104 83/799/287
f 49/259/231 381/800/587 427/531/416 219/454/362
f 440/179/162 190/178/161 401/801/588 445/802/589
f 67/803/590 194/519/409 399/518/259 386/804/591
f 435/472/375 446/805/592 424/806/593 183/473/376
f 193/520/410 69/807/594 387/808/259 423/521/259
f 89/809/132 390/810/104 394/811/104 109/812/133
f 75/813/595 108/814/596 420/815/259 388/816/259
f 77/817/597 102/818/598 419/819/259 389/820/259
f 91/821/282 391/822/104 393/823/104 103/824/283
f 103/824/283 393/823/104 392/825/104 101/826/325
f 102/818/598 99/827/599 418/828/259 419/819/259
f 73/829/600 96/830/601 407/831/259 415/832/259
f 87/833/293 409/834/104 371/835/104 94/836/11
f 96/830/601 79/837/602 416/838/259 407/831/259
f 71/839/603 77/817/597 389/820/259 414/840/259
f 507/841/604 75/813/595 388/816/259 514/842/259
f 99/827/599 73/829/600 415/832/259 418/828/259
f 108/814/596 71/839/603 414/840/259 420/815/259
f 69/807/594 65/843/605 413/844/259 387/808/259
f 927/239/211 54/238/210 412/791/580 935/845/606
f 901/243/215 913/846/607 384/847/608 52/244/216
f 868/250/222 876/848/609 383/849/610 51/251/223
f 808/256/228 820/850/611 382/851/612 50/257/229
f 50/257/229 382/851/612 381/800/587 49/259/231
f 189/852/613 67/803/590 386/804/591 425/853/614
f 81/854/92 378/855/615 422/517/104 197/516/350
f 101/826/325 392/825/104 409/834/104 87/833/293
f 506/856/299 515/857/104 390/810/104 89/809/132
f 85/858/319 410/859/104 391/822/104 91/821/282
f 94/836/11 371/835/104 417/860/104 93/861/12
f 804/8/8 6/7/7 376/862/616 821/863/617
f 83/799/287 377/798/104 411/864/104 13/865/288
f 184/866/91 400/867/618 378/855/615 81/854/92
f 864/86/84 5/85/83 372/868/619 889/869/620
f 109/812/133 394/811/104 410/859/104 85/858/319
f 6/7/7 7/166/153 374/870/621 376/862/616
f 924/38/38 936/871/622 408/788/577 1/39/39
f 895/57/57 3/56/56 379/872/623 914/873/624
f 183/473/376 424/806/593 400/867/618 184/866/91
f 189/852/613 425/853/614 401/801/588 190/178/161
f 7/166/153 208/476/379 402/528/413 374/870/621
f 2/469/372 236/547/429 428/874/625 375/797/586
f 53/447/355 385/794/583 404/875/626 240/543/426
f 17/451/359 396/796/585 405/876/445 258/561/440
f 333/591/459 265/405/337 429/735/544 430/790/579
f 330/585/454 431/789/578 406/877/627 262/414/343
f 675/878/628 397/505/405 405/574/445 683/879/629
f 681/880/630 403/530/415 427/531/416 644/881/631
f 680/882/632 402/528/413 426/529/414 643/883/633
f 677/884/259 399/518/259 423/521/259 640/885/259
f 676/886/104 398/514/104 422/517/104 639/887/104
f 688/888/634 487/504/404 397/505/405 675/878/628
f 769/889/635 623/890/636 505/891/637 765/892/638
f 492/893/639 503/894/640 446/805/592 435/472/375
f 493/895/641 440/179/162 445/802/589 496/896/642
f 116/408/338 502/897/643 444/145/134 432/779/575
f 598/898/644 589/775/574 443/265/237 495/899/645
f 970/900/646 968/741/548 442/742/549 494/901/647
f 1014/902/648 501/903/649 441/739/547 1012/738/546
f 490/904/650 492/893/639 435/472/375 433/146/135
f 763/905/651 497/906/652 436/367/309 758/374/316
f 497/906/652 498/907/118 437/368/310 436/367/309
f 500/908/653 439/264/236 438/292/263 499/909/654
f 495/899/645 443/265/237 434/176/159 491/910/655
f 762/911/656 759/261/233 439/264/236 500/908/653
f 491/910/655 434/176/159 440/179/162 493/895/641
f 502/897/643 490/904/650 433/146/135 444/145/134
f 615/912/407 186/913/311 437/914/310 620/915/117
f 254/575/179 448/916/444 467/917/439 256/576/438
f 841/918/657 853/548/430 466/69/69 245/536/419
f 846/919/658 248/535/418 465/920/659 854/921/660
f 233/480/383 463/922/661 464/923/662 234/497/398
f 229/484/387 461/210/187 462/215/191 230/254/226
f 233/480/383 176/479/382 459/924/663 463/922/661
f 807/925/664 822/371/313 453/73/73 43/76/76
f 478/96/94 488/246/218 447/97/95
f 908/926/400 172/927/397 457/928/665 915/929/666
f 230/254/226 462/215/191 454/74/74 164/253/225
f 181/498/399 234/497/398 464/923/662 458/930/667
f 158/485/388 449/72/72 461/210/187 229/484/387
f 824/931/668 594/201/180 460/206/183 823/205/182
f 177/207/184 460/206/183 459/924/663 176/479/382
f 248/535/418 181/498/399 458/930/667 465/920/659
f 905/932/389 916/150/139 450/153/142 169/933/386
f 479/199/178 489/934/669 448/572/444 254/200/179
f 163/373/315 164/253/225 454/74/74 453/73/73
f 245/536/419 466/69/69 449/72/72 158/485/388
f 580/502/403 161/503/392 452/23/23 621/22/22
f 174/500/401 455/935/670 489/934/669 479/199/178
f 15/936/671 456/937/672 488/246/218 478/96/94
f 657/938/673 379/872/623 487/504/404 688/888/634
f 52/244/216 384/847/608 486/795/584 481/450/358
f 21/35/35 345/34/34 485/63/63 471/274/246
f 27/770/569 353/278/250 484/218/194 468/777/64
f 988/701/537 283/700/536 483/749/555 1013/748/554
f 728/478/381 278/647/507 482/644/504 760/643/503
f 379/872/623 3/56/56 470/273/245 487/504/404
f 137/233/205 42/232/204 469/491/77 473/49/49
f 167/488/391 168/487/390 476/29/29 480/247/219
f 60/245/217 52/244/216 481/450/358 477/219/195
f 3/56/56 21/35/35 471/274/246 470/273/245
f 456/937/672 167/488/391 480/247/219 488/246/218
f 353/278/250 60/245/217 477/219/195 484/218/194
f 173/501/402 174/500/401 479/199/178 472/78/78
f 28/43/43 131/42/42 474/193/175 475/192/30
f 590/939/674 15/936/671 478/96/94 596/95/93
f 42/940/204 173/501/402 472/78/78 469/77/77
f 345/34/34 27/785/569 468/64/64 485/63/63
f 733/449/357 137/233/205 473/49/49 761/48/48
f 168/487/390 28/941/43 475/30/30 476/29/29
f 406/877/627 421/942/675 111/415/344 262/414/343
f 357/399/331 112/398/330 490/904/650 502/897/643
f 115/402/334 491/910/655 493/895/641 114/404/336
f 744/593/461 762/911/656 500/908/653 156/594/462
f 356/401/333 495/899/645 491/910/655 115/402/334
f 156/594/462 500/908/653 499/909/654 113/758/562
f 157/413/342 110/412/119 498/907/118 497/906/652
f 711/417/346 157/413/342 497/906/652 763/905/651
f 112/398/330 111/415/344 492/893/639 490/904/650
f 957/757/561 309/756/560 501/903/649 1014/902/648
f 999/792/581 970/900/646 494/901/647 294/793/582
f 116/406/338 598/898/644 495/899/645 356/401/333
f 116/408/338 357/399/331 502/897/643
f 114/404/336 493/895/641 496/896/642 395/734/543
f 111/415/344 421/942/675 503/894/640 492/893/639
f 620/915/117 437/914/310 498/122/118 622/121/117
f 696/943/676 569/9/9 93/12/12 692/944/677
f 966/945/678 504/946/679 304/726/259 952/725/259
f 971/947/677 953/674/104 305/673/104 505/948/637
f 707/462/104 149/134/104 92/133/126 765/949/638
f 13/865/288 411/864/104 515/857/104 506/856/299
f 65/843/605 507/841/604 514/842/259 413/844/259
f 949/707/259 972/718/259 513/721/259 301/708/259
f 947/668/104 299/667/104 512/678/104 1015/677/104
f 701/465/104 129/128/104 511/137/104 766/460/104
f 703/443/259 767/434/259 510/307/259 139/288/259
f 571/353/301 599/380/320 509/383/128 14/354/122
f 565/142/131 600/347/298 506/350/299 89/143/132
f 139/288/259 510/307/259 508/310/273 64/289/260
f 129/128/104 14/127/122 509/138/128 511/137/104
f 75/950/595 507/951/604 562/952/298 518/953/131
f 64/954/260 508/955/273 561/956/320 534/957/680
f 647/958/678 79/959/602 528/960/9 695/961/676
f 438/962/263 557/963/117 559/964/117 499/965/654
f 179/966/394 544/967/403 558/968/22 451/969/681
f 187/509/262 550/508/407 557/963/117 438/962/263
f 764/970/545 504/971/679 560/972/636 768/973/635
f 264/974/456 554/975/542 555/976/295 332/977/457
f 113/978/562 543/979/120 554/975/542 264/974/456
f 62/361/160 536/360/306 552/980/408 190/981/161
f 190/982/161 552/983/408 553/984/90 189/985/613
f 615/912/407 550/508/407 551/511/302 584/355/302
f 194/986/409 548/987/349 549/988/347 193/989/410
f 192/990/275 546/991/264 547/992/351 191/993/267
f 179/966/394 180/994/393 545/995/110 544/967/403
f 66/996/87 191/993/267 547/992/351 520/997/303
f 194/986/409 67/998/590 535/999/89 548/987/349
f 69/1000/594 193/989/410 549/988/347 521/1001/286
f 71/1002/603 108/1003/596 542/1004/130 519/1005/318
f 74/1006/272 107/1007/269 541/1008/294 532/1009/321
f 99/1010/599 102/1011/598 540/1012/280 538/1013/324
f 76/1014/274 104/1015/326 539/1016/322 522/1017/277
f 73/1018/600 99/1010/599 538/1013/324 525/1019/292
f 104/1015/326 98/1020/271 537/1021/307 539/1016/322
f 72/1022/270 97/1023/279 516/1024/289 530/1025/308
f 508/955/273 74/1006/272 532/1009/321 561/956/320
f 77/1026/597 71/1002/603 519/1005/318 524/1027/281
f 98/1028/271 72/1022/270 530/1025/308 537/1029/307
f 619/766/305 572/522/306 536/360/306 556/359/305
f 188/510/88 66/996/87 520/997/303 551/511/302
f 68/1030/261 64/954/260 534/957/680 526/1031/265
f 926/1032/258 937/1033/300 531/1034/107 38/1035/682
f 507/951/604 65/1036/605 527/1037/285 562/952/298
f 332/977/457 555/976/295 533/1038/297 47/1039/257
f 107/1007/269 70/1040/268 523/1041/276 541/1008/294
f 96/1042/601 73/1018/600 525/1019/292 517/1043/10
f 97/1023/279 78/1044/278 529/1045/290 516/1024/289
f 65/1046/605 69/1047/594 521/1048/286 527/1049/285
f 102/1011/598 77/1026/597 524/1027/281 540/1012/280
f 70/1040/268 76/1014/274 522/1017/277 523/1041/276
f 192/990/275 68/1030/261 526/1031/265 546/991/264
f 108/1003/596 75/950/595 518/953/131 542/1004/130
f 499/965/654 559/964/117 543/979/120 113/978/562
f 38/1035/682 531/1034/107 545/995/110 180/994/393
f 67/998/590 189/985/613 553/984/90 535/999/89
f 79/959/602 96/1042/601 517/1043/10 528/960/9
f 348/1050/137 19/523/136 572/522/306 619/766/305
f 186/913/311 615/912/407 584/355/302 185/358/304
f 518/953/131 562/952/298 600/347/298 565/142/131
f 534/957/680 561/956/320 599/380/320 571/353/301
f 695/961/676 528/960/9 569/9/9 696/943/676
f 557/963/117 620/915/117 622/121/117 559/964/117
f 455/935/670 590/939/674 596/95/93 489/934/669
f 544/967/403 580/502/403 621/22/22 558/968/22
f 807/1051/664 43/202/76 594/201/180 824/931/668
f 550/508/407 615/912/407 620/915/117 557/963/117
f 116/406/338 432/1052/575 589/775/574 598/898/644
f 768/973/635 560/972/636 623/890/636 769/889/635
f 432/1052/575 37/1053/576 588/776/565 589/775/574
f 37/1054/576 348/1050/137 619/766/305 588/765/565
f 554/975/542 617/733/542 618/343/295 555/976/295
f 543/979/120 579/124/120 617/733/542 554/975/542
f 854/921/660 465/920/659 587/195/176 855/544/427
f 463/922/661 586/506/406 595/211/188 464/923/662
f 536/360/306 572/522/306 585/525/408 552/980/408
f 552/983/408 585/512/408 616/92/90 553/984/90
f 548/987/349 583/439/349 614/436/347 549/988/347
f 546/991/264 582/293/264 613/441/351 547/992/351
f 463/922/661 459/924/663 593/204/181 586/506/406
f 544/967/403 545/995/110 612/113/110 580/502/403
f 520/997/303 547/992/351 613/441/351 602/356/303
f 548/987/349 535/999/89 611/91/89 583/439/349
f 521/1001/286 549/988/347 614/436/347 603/435/286
f 519/1005/318 542/1004/130 578/141/130 601/376/318
f 532/1009/321 541/1008/294 577/341/294 610/381/321
f 538/1013/324 540/1012/280 576/324/280 574/388/324
f 522/1017/277 539/1016/322 575/384/322 566/317/277
f 525/1019/292 538/1013/324 574/388/324 605/339/292
f 539/1016/322 537/1021/307 573/385/307 575/384/322
f 530/1025/308 516/1024/289 563/334/289 608/364/308
f 561/956/320 532/1009/321 610/381/321 599/380/320
f 524/1027/281 519/1005/318 601/376/318 567/325/281
f 537/1029/307 530/1025/308 608/364/308 573/363/307
f 551/511/302 520/997/303 602/356/303 584/355/302
f 526/1031/265 534/957/680 571/353/301 568/294/265
f 937/1033/300 938/351/300 609/110/107 531/1034/107
f 562/952/298 527/1037/285 606/348/285 600/347/298
f 555/976/295 618/343/295 570/346/297 533/1038/297
f 541/1008/294 523/1041/276 604/316/276 577/341/294
f 517/1043/10 525/1019/292 605/339/292 564/10/10
f 516/1024/289 529/1045/290 607/335/290 563/334/289
f 527/1049/285 521/1048/286 603/331/286 606/330/285
f 540/1012/280 524/1027/281 567/325/281 576/324/280
f 523/1041/276 522/1017/277 566/317/277 604/316/276
f 546/991/264 526/1031/265 568/294/265 582/293/264
f 915/929/666 457/928/665 591/223/199 917/222/198
f 458/930/667 464/923/662 595/211/188 592/196/177
f 460/206/183 594/201/180 593/204/181 459/924/663
f 465/920/659 458/930/667 592/196/177 587/195/176
f 542/1004/130 518/953/131 565/142/131 578/141/130
f 559/964/117 622/121/117 579/124/120 543/979/120
f 531/1034/107 609/110/107 612/113/110 545/995/110
f 489/934/669 596/95/93 597/98/96 448/572/444
f 535/999/89 553/984/90 616/92/90 611/91/89
f 451/969/681 558/968/22 621/22/22 581/21/21
f 528/960/9 517/1043/10 564/10/10 569/9/9
f 973/1055/676 695/961/676 696/943/676 974/1056/676
f 966/1057/678 647/958/678 695/961/676 973/1055/676
f 411/864/104 628/1058/104 694/1059/104 515/857/104
f 413/844/259 514/842/259 693/1060/259 630/1061/259
f 93/861/12 417/860/104 634/1062/104 692/1063/677
f 79/837/602 647/1064/678 633/1065/259 416/838/259
f 974/1056/676 696/943/676 692/944/677 971/1066/677
f 395/734/543 496/896/642 691/1067/683 673/1068/684
f 421/942/675 638/1069/685 690/1070/686 503/894/640
f 384/847/608 662/1071/687 689/1072/688 486/795/584
f 983/646/506 657/938/673 688/888/634 969/1073/689
f 503/894/640 690/1070/686 687/1074/690 446/805/592
f 496/896/642 445/802/589 686/1075/691 691/1067/683
f 969/1073/689 688/888/634 675/878/628 1001/1076/692
f 1002/745/104 676/886/104 639/887/104 958/685/104
f 1003/740/259 677/884/259 640/885/259 959/737/259
f 1006/620/486 680/882/632 643/883/633 962/746/552
f 1007/750/556 681/880/630 644/881/631 963/744/551
f 1001/1076/692 675/878/628 683/879/629 1009/1077/474
f 429/735/544 395/734/543 673/1068/684 646/1078/693
f 406/877/627 684/1079/694 638/1069/685 421/942/675
f 408/788/577 625/1080/695 685/1081/696 431/789/578
f 412/791/580 430/790/579 648/1082/697 629/1083/698
f 403/530/415 681/880/630 663/1084/699 385/794/583
f 486/795/584 689/1072/688 674/1085/700 396/796/585
f 426/529/414 375/797/586 653/1086/701 643/883/633
f 398/514/104 676/886/104 655/1087/104 377/798/104
f 381/800/587 659/1088/702 644/881/631 427/531/416
f 445/802/589 401/801/588 679/1089/703 686/1075/691
f 386/804/591 399/518/259 677/884/259 664/1090/704
f 446/805/592 687/1074/690 641/1091/705 424/806/593
f 423/521/259 387/808/259 665/1092/259 640/885/259
f 390/810/104 668/1093/104 672/1094/104 394/811/104
f 388/816/259 420/815/259 637/1095/259 666/1096/259
f 389/820/259 419/819/259 636/1097/259 667/1098/259
f 391/822/104 669/1099/104 671/1100/104 393/823/104
f 393/823/104 671/1100/104 670/1101/104 392/825/104
f 419/819/259 418/828/259 635/1102/259 636/1097/259
f 415/832/259 407/831/259 624/1103/259 632/1104/259
f 409/834/104 626/1105/104 649/1106/104 371/835/104
f 407/831/259 416/838/259 633/1065/259 624/1103/259
f 414/840/259 389/820/259 667/1098/259 631/1107/259
f 514/842/259 388/816/259 666/1096/259 693/1060/259
f 418/828/259 415/832/259 632/1104/259 635/1102/259
f 420/815/259 414/840/259 631/1107/259 637/1095/259
f 387/808/259 413/844/259 630/1061/259 665/1092/259
f 935/845/606 412/791/580 629/1083/698 939/1108/706
f 913/846/607 918/1109/707 662/1071/687 384/847/608
f 876/848/609 879/1110/708 661/1111/709 383/849/610
f 820/850/611 825/1112/710 660/1113/711 382/851/612
f 382/851/612 660/1113/711 659/1088/702 381/800/587
f 425/853/614 386/804/591 664/1090/704 642/1114/712
f 378/855/615 656/1115/713 639/887/104 422/517/104
f 392/825/104 670/1101/104 626/1105/104 409/834/104
f 515/857/104 694/1059/104 668/1093/104 390/810/104
f 410/859/104 627/1116/104 669/1099/104 391/822/104
f 371/835/104 649/1106/104 634/1062/104 417/860/104
f 821/863/617 376/862/616 654/1117/714 826/1118/715
f 377/798/104 655/1087/104 628/1058/104 411/864/104
f 400/867/618 678/1119/716 656/1115/713 378/855/615
f 889/869/620 372/868/619 650/1120/717 891/1121/718
f 394/811/104 672/1094/104 627/1116/104 410/859/104
f 376/862/616 374/870/621 652/1122/719 654/1117/714
f 936/871/622 940/1123/720 625/1080/695 408/788/577
f 914/873/624 379/872/623 657/938/673 919/1124/721
f 424/806/593 641/1091/705 678/1119/716 400/867/618
f 425/853/614 642/1114/712 679/1089/703 401/801/588
f 374/870/621 402/528/413 680/882/632 652/1122/719
f 375/797/586 428/874/625 645/1125/722 653/1086/701
f 385/794/583 663/1084/699 682/1126/723 404/875/626
f 396/796/585 674/1085/700 683/1127/629 405/876/445
f 430/790/579 429/735/544 646/1078/693 648/1082/697
f 431/789/578 685/1081/696 684/1079/694 406/877/627
f 529/1128/290 768/973/635 769/889/635 607/1129/290
f 78/1130/278 764/970/545 768/973/635 529/1128/290
f 301/708/259 513/721/259 767/434/259 703/443/259
f 299/667/104 701/465/104 766/460/104 512/678/104
f 305/673/104 707/462/104 765/949/638 505/948/637
f 309/756/560 711/417/346 763/905/651 501/903/649
f 294/793/582 494/901/647 762/911/656 744/593/461
f 283/700/536 733/449/357 761/48/48 483/749/555
f 131/42/42 728/478/381 760/643/503 474/193/175
f 494/901/647 442/742/549 759/261/233 762/911/656
f 501/903/649 763/905/651 758/374/316 441/739/547
f 607/1129/290 769/889/635 765/892/638 92/1131/126
f 300/704/540 339/602/470 757/578/447 702/445/353
f 296/651/511 698/475/378 756/582/451 338/596/464
f 304/726/259 504/946/679 764/736/545 706/432/259
f 474/193/175 760/643/503 746/607/475 249/194/31
f 202/174/104 747/173/104 712/459/104 201/170/104
f 206/297/259 748/329/259 713/378/259 205/313/259
f 224/120/116 751/534/417 716/67/67 223/45/45
f 226/2/2 752/1/1 717/241/213 225/235/207
f 249/194/31 746/607/475 754/610/446 259/568/442
f 327/601/469 294/793/582 744/593/461 719/579/448
f 338/596/464 756/582/451 755/416/345 328/597/465
f 339/602/470 327/601/469 719/579/448 757/578/447
f 310/604/472 745/51/51 754/577/446 326/605/473
f 284/1132/478 322/1133/557 793/1134/724 789/1135/725
f 880/1136/360 732/1137/361 786/1138/726 882/1139/727
f 817/1140/529 279/1141/728 781/1142/729 830/1143/730
f 318/632/496 715/457/365 750/262/234 319/633/497
f 316/636/500 714/375/317 749/466/369 317/637/501
f 909/648/508 278/647/507 728/478/381 920/477/380
f 931/650/510 941/474/377 698/475/378 296/651/511
f 717/1144/213 752/1145/1 792/1146/731 800/1147/732
f 293/656/104 743/419/104 700/461/104 298/657/104
f 723/1148/374 725/1149/368 778/1150/733 774/1151/734
f 317/637/501 749/466/369 727/458/366 277/663/518
f 276/666/104 726/175/104 701/465/104 299/667/104
f 752/1145/1 734/1152/4 788/1153/735 792/1146/731
f 270/672/104 720/431/104 707/462/104 305/673/104
f 298/657/104 700/461/104 740/424/104 290/675/104
f 512/678/104 766/460/104 739/418/104 289/679/104
f 291/682/104 741/426/104 699/430/104 297/683/104
f 277/663/518 727/458/366 712/459/104 313/642/104
f 318/632/496 285/687/523 735/328/284 715/457/365
f 828/1154/363 731/1155/364 784/1156/736 832/1157/737
f 716/1158/67 751/1159/417 790/1160/738 799/1161/739
f 280/1162/526 281/1163/525 785/1164/740 783/1165/741
f 910/699/535 921/448/356 733/449/357 283/700/536
f 932/705/541 300/704/540 702/445/353 942/444/352
f 286/709/259 301/708/259 703/443/259 736/379/259
f 308/713/259 302/712/259 704/433/259 710/421/259
f 306/717/259 303/716/259 705/428/259 708/427/259
f 513/721/259 287/720/259 737/420/259 767/434/259
f 302/712/259 288/723/259 738/422/259 704/433/259
f 295/727/259 304/726/259 706/432/259 697/429/259
f 297/683/104 699/430/104 720/431/104 270/672/104
f 303/716/259 295/727/259 697/429/259 705/428/259
f 307/729/259 306/717/259 708/427/259 709/423/259
f 292/731/104 742/425/104 741/426/104 291/682/104
f 290/675/104 740/424/104 742/425/104 292/731/104
f 288/723/259 307/729/259 709/423/259 738/422/259
f 287/720/259 308/713/259 710/421/259 737/420/259
f 289/679/104 739/418/104 743/419/104 293/656/104
f 328/597/465 755/416/345 711/417/346 309/756/560
f 315/640/259 286/709/259 736/379/259 713/378/259
f 441/739/547 758/374/316 714/375/317 316/636/500
f 285/687/523 314/639/259 748/329/259 735/328/284
f 442/742/549 319/633/497 750/262/234 759/261/233
f 731/1155/364 730/1166/212 782/1167/742 784/1156/736
f 312/641/104 747/173/104 726/175/104 276/666/104
f 321/1168/553 274/1169/484 777/1170/743 798/1171/744
f 483/749/555 761/48/48 745/51/51 310/604/472
f 724/1172/68 716/1158/67 799/1161/739 776/1173/745
f 792/1174/731 793/1175/724 797/1176/746 800/1177/732
f 790/1178/738 791/1179/747 798/1180/744 799/1181/739
f 789/1182/725 788/1183/735 794/1184/748 795/1185/490
f 777/1186/743 796/1187/749 801/1188/750 776/1189/745
f 775/1190/493 791/1179/747 790/1178/738 774/1191/734
f 779/1192/494 775/1190/493 774/1191/734 778/1193/733
f 893/1194/751 771/1195/752 770/1196/753 894/1197/754
f 829/1198/755 779/1192/494 778/1193/733 831/1199/756
f 785/1200/740 784/1201/736 782/1202/742 783/1203/741
f 830/1204/730 832/1205/737 784/1201/736 785/1200/740
f 881/1206/757 882/1207/727 786/1208/726 787/1209/758
f 783/1203/741 782/1202/742 800/1177/732 797/1176/746
f 798/1180/744 777/1186/743 776/1189/745 799/1181/739
f 793/1175/724 792/1174/731 788/1183/735 789/1182/725
f 279/1210/728 729/1211/759 780/1212/760 781/1213/729
f 858/1214/761 718/1215/420 801/1216/750 862/1217/762
f 325/624/479 284/1132/478 789/1135/725 795/625/490
f 887/1218/517 271/1219/516 771/1220/752 893/1221/751
f 274/1169/484 324/1222/483 796/1223/749 777/1170/743
f 273/628/488 320/1224/487 791/1225/747 775/629/493
f 732/1226/361 282/1227/532 787/1228/758 786/1229/726
f 827/1230/367 722/1231/763 772/1232/764 831/1233/756
f 322/1133/557 323/1234/550 797/1235/746 793/1134/724
f 816/1236/521 275/627/492 779/630/494 829/1237/755
f 320/1224/487 321/1168/553 798/1171/744 791/1225/747
f 734/1152/4 753/1238/423 794/1239/748 788/1153/735
f 271/1240/516 721/1241/371 770/1242/753 771/1243/752
f 718/1215/420 724/1172/68 776/1173/745 801/1216/750
f 722/1244/763 272/1245/765 773/1246/766 772/1247/764
f 751/1159/417 723/1148/374 774/1151/734 790/1160/738
f 730/1166/212 717/1144/213 800/1147/732 782/1167/742
f 323/1234/550 280/1162/526 783/1165/741 797/1235/746
f 272/1248/765 816/1236/521 829/1237/755 773/1249/766
f 725/1149/368 827/1230/367 831/1233/756 778/1150/733
f 781/1250/729 780/1251/760 832/1205/737 830/1204/730
f 773/1252/766 829/1198/755 831/1199/756 772/1253/764
f 729/1254/759 828/1154/363 832/1157/737 780/1255/760
f 281/1163/525 817/1140/529 830/1143/730 785/1164/740
f 373/1256/767 821/863/617 826/1118/715 651/1257/768
f 380/1258/769 658/1259/770 825/1112/710 820/850/611
f 44/1260/24 807/1051/664 824/931/668 581/1261/21
f 581/1261/21 824/931/668 823/205/182 451/1262/681
f 44/1263/24 452/1264/23 822/371/313 807/925/664
f 8/1265/771 804/8/8 821/863/617 373/1256/767
f 48/1266/772 380/1258/769 820/850/611 808/256/228
f 36/1267/773 803/781/572 819/118/114 342/1268/774
f 36/1269/773 349/1270/775 818/269/241 803/773/572
f 984/1271/776 279/1272/728 817/693/529 1016/692/528
f 977/1273/777 1017/669/520 816/670/521 272/1274/765
f 177/207/184 178/214/190 815/213/189 814/208/185
f 162/119/115 163/373/315 813/372/314 812/338/291
f 722/1275/763 827/463/367 811/129/123 120/1276/778
f 729/1277/759 133/1278/779 810/184/167 828/455/363
f 452/1264/23 161/489/392 813/372/314 822/371/313
f 160/490/109 35/1279/108 805/130/124 812/338/291
f 349/1270/775 55/1280/780 809/255/227 818/269/241
f 55/1280/780 48/1266/772 808/256/228 809/255/227
f 180/492/393 815/213/189 806/185/168 38/1281/682
f 451/1262/681 823/205/182 814/208/185 179/493/394
f 133/1278/779 38/1281/682 806/185/168 810/184/167
f 120/1276/778 811/129/123 805/130/124 35/1279/108
f 342/1268/774 819/118/114 802/5/5 25/1282/781
f 25/1282/781 802/5/5 804/8/8 8/1265/771
f 324/1222/483 847/1283/782 860/1284/783 796/1223/749
f 892/1285/370 858/1214/761 862/1217/762 894/1286/754
f 795/1185/490 794/1184/748 863/1287/784 861/1288/491
f 796/1187/749 860/1289/783 862/1290/762 801/1188/750
f 753/1238/423 859/1291/785 863/1292/784 794/1239/748
f 428/874/625 852/1293/786 857/1294/787 645/1125/722
f 404/875/626 682/1126/723 856/1295/788 851/1296/789
f 877/1297/790 854/921/660 855/544/427 878/1298/791
f 886/1299/396 846/919/658 854/921/660 877/1297/790
f 872/1300/384 890/1301/792 853/548/430 841/918/657
f 236/547/429 833/1302/793 852/1293/786 428/874/625
f 240/543/426 404/875/626 851/1296/789 837/1303/794
f 235/762/564 843/1304/570 850/1305/795 365/552/433
f 235/764/564 364/542/425 849/1306/796 843/1307/570
f 1008/614/480 325/613/479 848/1308/489 1018/1309/797
f 964/616/482 1019/1310/798 847/1311/782 324/617/483
f 874/1312/531 848/623/489 861/626/491 881/1313/757
f 866/1314/113 885/482/385 845/1315/435 835/1316/434
f 867/1317/172 836/1318/431 842/1319/432 873/494/395
f 890/1301/792 870/1320/70 839/549/70 853/548/430
f 878/1298/791 855/544/427 839/545/70 870/1321/70
f 247/55/55 248/535/418 846/919/658 842/551/432
f 245/536/419 246/14/14 845/554/435 841/918/657
f 718/537/420 858/1322/761 840/1323/799 244/538/421
f 753/540/423 243/539/422 844/1324/800 859/1325/785
f 364/542/425 241/541/424 838/1326/801 849/1306/796
f 241/541/424 240/543/426 837/1303/794 838/1326/801
f 243/539/422 239/52/52 836/550/431 844/1324/800
f 244/538/421 840/1323/799 835/553/434 238/13/13
f 237/546/428 834/1327/802 833/1302/793 236/547/429
f 365/552/433 850/1305/795 834/1327/802 237/546/428
f 591/223/199 878/1298/791 870/1321/70 18/224/141
f 450/153/142 18/152/141 870/1320/70 890/1301/792
f 41/227/173 867/1317/172 873/494/395 171/228/201
f 29/84/82 170/83/81 885/482/385 866/1314/113
f 282/1328/532 874/1312/531 881/1313/757 787/1329/758
f 169/933/386 450/153/142 890/1301/792 872/1300/384
f 172/927/397 886/1299/396 877/1297/790 457/928/665
f 457/928/665 877/1297/790 878/1298/791 591/223/199
f 721/1330/371 892/1285/370 894/1286/754 770/1331/753
f 847/1283/782 887/1218/517 893/1221/751 860/1284/783
f 861/1288/491 863/1287/784 882/1207/727 881/1206/757
f 860/1289/783 893/1194/751 894/1197/754 862/1290/762
f 859/1291/785 880/1136/360 882/1139/727 863/1292/784
f 852/1293/786 889/869/620 891/1121/718 857/1294/787
f 851/1296/789 856/1295/788 879/1110/708 876/848/609
f 833/1302/793 864/86/84 889/869/620 852/1293/786
f 837/1303/794 851/1296/789 876/848/609 868/250/222
f 843/1304/570 883/786/570 888/17/17 850/1305/795
f 843/1307/570 849/1306/796 875/271/243 883/771/570
f 1018/1309/797 848/1308/489 874/695/531 1020/694/530
f 1019/1310/798 1021/659/514 887/662/517 847/1311/782
f 842/1319/432 846/1332/658 886/495/396 873/494/395
f 841/1333/657 845/1315/435 885/482/385 872/481/384
f 858/1322/761 892/467/370 871/114/111 840/1323/799
f 859/1325/785 844/1324/800 884/188/171 880/452/360
f 849/1306/796 838/1326/801 869/249/221 875/271/243
f 838/1326/801 837/1303/794 868/250/222 869/249/221
f 844/1324/800 836/550/431 867/189/172 884/188/171
f 840/1323/799 871/114/111 866/117/113 835/553/434
f 834/1327/802 865/20/20 864/86/84 833/1302/793
f 850/1305/795 888/17/17 865/20/20 834/1327/802
f 282/696/532 732/453/361 921/448/356 910/699/535
f 271/661/516 909/648/508 920/477/380 721/468/371
f 372/868/619 914/873/624 919/1124/721 650/1120/717
f 383/849/610 661/1111/709 918/1109/707 913/846/607
f 455/935/670 915/1334/666 917/1335/198 590/939/674
f 167/488/391 456/937/672 916/1336/139 905/486/389
f 174/500/401 908/499/400 915/1334/666 455/935/670
f 5/85/83 895/57/57 914/873/624 372/868/619
f 51/251/223 383/849/610 913/846/607 901/243/215
f 30/787/571 896/784/568 912/33/33 346/18/18
f 30/772/571 352/272/244 911/277/249 896/769/568
f 987/697/533 282/696/532 910/699/535 1022/698/534
f 976/660/515 1023/645/505 909/648/508 271/661/516
f 171/228/201 172/496/397 908/499/400 907/229/202
f 169/483/386 170/83/81 906/82/80 905/486/389
f 721/468/371 920/477/380 904/41/41 119/115/112
f 732/453/361 136/191/174 903/230/203 921/448/356
f 352/272/244 58/252/224 902/242/214 911/277/249
f 58/252/224 51/251/223 901/243/215 902/242/214
f 136/191/174 41/190/173 900/231/200 903/230/203
f 42/940/204 900/226/200 907/229/202 173/501/402
f 590/939/674 917/1335/198 899/1337/140 15/936/671
f 456/937/672 15/936/671 899/1337/140 916/1336/139
f 28/941/43 168/487/390 906/82/80 898/81/44
f 22/19/19 897/36/36 895/57/57 5/85/83
f 119/115/112 904/41/41 898/44/44 29/116/82
f 346/18/18 912/33/33 897/36/36 22/19/19
f 279/1272/728 932/705/541 942/444/352 729/1277/759
f 272/1274/765 722/1275/763 941/474/377 931/650/510
f 373/1256/767 651/1257/768 940/1123/720 936/871/622
f 380/1258/769 935/845/606 939/1108/706 658/1259/770
f 533/1038/297 570/346/297 938/351/300 937/1033/300
f 47/1039/257 533/1038/297 937/1033/300 926/1032/258
f 8/1265/771 373/1256/767 936/871/622 924/38/38
f 48/1266/772 927/239/211 935/845/606 380/1258/769
f 36/1267/773 342/1268/774 934/171/157 922/778/566
f 36/1269/773 922/767/566 933/281/253 349/1270/775
f 984/1271/776 1024/702/538 932/705/541 279/1272/728
f 977/1273/777 272/1274/765 931/650/510 1025/649/509
f 722/1275/763 120/1276/778 930/58/58 941/474/377
f 729/1277/759 942/444/352 929/283/255 133/1278/779
f 570/346/297 9/345/60 923/352/59 938/351/300
f 133/1278/779 929/283/255 926/286/258 38/1281/682
f 349/1270/775 933/281/253 928/236/208 55/1280/780
f 55/1280/780 928/236/208 927/239/211 48/1266/772
f 342/1268/774 25/1282/781 925/37/37 934/171/157
f 120/1276/778 35/1279/108 923/59/59 930/58/58
f 25/1282/781 8/1265/771 924/38/38 925/37/37
f 651/1257/768 977/1273/777 1025/649/509 940/1123/720
f 658/1259/770 939/1108/706 1024/702/538 984/1271/776
f 650/1120/717 919/1124/721 1023/645/505 976/660/515
f 661/1111/709 987/697/533 1022/698/534 918/1109/707
f 857/1294/787 891/1121/718 1021/659/514 1019/1310/798
f 856/1295/788 1018/1309/797 1020/694/530 879/1110/708
f 645/1125/722 857/1294/787 1019/1310/798 964/616/482
f 682/1126/723 1008/614/480 1018/1309/797 856/1295/788
f 651/1257/768 826/1118/715 1017/669/520 977/1273/777
f 658/1259/770 984/1271/776 1016/692/528 825/1112/710
f 311/608/476 1001/1076/692 1009/1077/474 326/609/473
f 322/751/557 1007/750/556 963/744/551 323/743/550
f 320/621/487 1006/620/486 962/746/552 321/747/553
f 314/639/259 1003/740/259 959/737/259 315/640/259
f 312/641/104 1002/745/104 958/685/104 313/642/104
f 482/644/504 969/1073/689 1001/1076/692 311/608/476
f 278/647/507 983/646/506 969/1073/689 482/644/504
f 623/890/636 974/1056/676 971/1066/677 505/891/637
f 504/971/679 966/1057/678 973/1055/676 560/972/636
f 560/972/636 973/1055/676 974/1056/676 623/890/636
f 628/1058/104 947/668/104 1015/677/104 694/1059/104
f 630/1061/259 693/1060/259 972/718/259 949/707/259
f 692/1063/677 634/1062/104 953/674/104 971/947/677
f 647/1064/678 966/945/678 952/725/259 633/1065/259
f 673/1068/684 691/1067/683 970/900/646 999/792/581
f 638/1069/685 957/757/561 1014/902/648 690/1070/686
f 662/1071/687 988/701/537 1013/748/554 689/1072/688
f 690/1070/686 1014/902/648 1012/738/546 687/1074/690
f 691/1067/683 686/1075/691 968/741/548 970/900/646
f 646/1078/693 673/1068/684 999/792/581 965/600/468
f 684/1079/694 1010/598/466 957/757/561 638/1069/685
f 625/1080/695 944/652/512 1011/595/463 685/1081/696
f 629/1083/698 648/1082/697 967/599/467 948/703/539
f 681/880/630 1007/750/556 989/611/477 663/1084/699
f 689/1072/688 1013/748/554 1000/603/471 674/1085/700
f 643/883/633 653/1086/701 979/615/481 962/746/552
f 676/886/104 1002/745/104 981/665/104 655/1087/104
f 659/1088/702 985/691/527 963/744/551 644/881/631
f 686/1075/691 679/1089/703 1005/634/498 968/741/548
f 664/1090/704 677/884/259 1003/740/259 990/686/522
f 687/1074/690 1012/738/546 960/635/499 641/1091/705
f 640/885/259 665/1092/259 991/706/259 959/737/259
f 668/1093/104 994/680/104 998/655/104 672/1094/104
f 666/1096/259 637/1095/259 956/710/259 992/719/259
f 667/1098/259 636/1097/259 955/728/259 993/722/259
f 669/1099/104 995/676/104 997/730/104 671/1100/104
f 671/1100/104 997/730/104 996/681/104 670/1101/104
f 636/1097/259 635/1102/259 954/714/259 955/728/259
f 632/1104/259 624/1103/259 943/724/259 951/715/259
f 626/1105/104 945/684/104 975/671/104 649/1106/104
f 624/1103/259 633/1065/259 952/725/259 943/724/259
f 631/1107/259 667/1098/259 993/722/259 950/711/259
f 693/1060/259 666/1096/259 992/719/259 972/718/259
f 635/1102/259 632/1104/259 951/715/259 954/714/259
f 637/1095/259 631/1107/259 950/711/259 956/710/259
f 665/1092/259 630/1061/259 949/707/259 991/706/259
f 939/1108/706 629/1083/698 948/703/539 1024/702/538
f 918/1109/707 1022/698/534 988/701/537 662/1071/687
f 879/1110/708 1020/694/530 987/697/533 661/1111/709
f 825/1112/710 1016/692/528 986/688/524 660/1113/711
f 660/1113/711 986/688/524 985/691/527 659/1088/702
f 642/1114/712 664/1090/704 990/686/522 961/631/495
f 656/1115/713 982/664/519 958/685/104 639/887/104
f 670/1101/104 996/681/104 945/684/104 626/1105/104
f 694/1059/104 1015/677/104 994/680/104 668/1093/104
f 627/1116/104 946/658/104 995/676/104 669/1099/104
f 649/1106/104 975/671/104 953/674/104 634/1062/104
f 826/1118/715 654/1117/714 980/653/513 1017/669/520
f 655/1087/104 981/665/104 947/668/104 628/1058/104
f 678/1119/716 1004/638/502 982/664/519 656/1115/713
f 891/1121/718 650/1120/717 976/660/515 1021/659/514
f 672/1094/104 998/655/104 946/658/104 627/1116/104
f 654/1117/714 652/1122/719 978/619/485 980/653/513
f 940/1123/720 1025/649/509 944/652/512 625/1080/695
f 919/1124/721 657/938/673 983/646/506 1023/645/505
f 641/1091/705 960/635/499 1004/638/502 678/1119/716
f 642/1114/712 961/631/495 1005/634/498 679/1089/703
f 652/1122/719 680/882/632 1006/620/486 978/619/485
f 653/1086/701 645/1125/722 964/616/482 979/615/481
f 663/1084/699 989/611/477 1008/614/480 682/1126/723
f 674/1085/700 1000/603/471 1009/606/474 683/1127/629
f 648/1082/697 646/1078/693 965/600/468 967/599/467
f 685/1081/696 1011/595/463 1010/598/466 684/1079/694
