# Blender v3.3.1 OBJ File: ''
# www.blender.org
mtllib 1.2Grip.mtl
o Grip.009_Plane.019
v 0.917110 0.032548 0.107710
v 0.921697 0.160763 0.077102
v 1.200251 -0.183612 0.107446
v 1.212917 0.105763 0.077102
v 1.132476 0.096846 0.107402
v 1.000319 -0.027651 0.107710
v 0.996236 0.125126 0.107402
v 1.081380 -0.101333 0.107710
v 1.075266 0.108994 0.107402
v 1.136618 -0.159509 0.107710
v 1.544024 -0.232143 0.107402
v 1.554861 0.004177 0.077102
v 1.350280 0.039987 0.107402
v 1.354951 -0.191175 0.107402
v 1.938166 -0.458232 0.107402
v 2.152268 -0.224702 0.077102
v 1.924577 -0.162098 0.107402
v 1.814218 -0.367959 0.107402
v 2.033565 -0.479109 0.107226
v 2.209187 -0.301618 0.107226
v 0.800830 0.110100 0.107291
v 0.834916 0.151739 0.107226
v 0.920093 0.101482 0.107754
v 1.213603 -0.046931 0.107754
v 0.999948 0.067198 0.107754
v 1.080131 0.025322 0.107754
v 1.137710 -0.009499 0.107754
v 1.546955 -0.122741 0.107754
v 1.992423 -0.407345 0.077122
v 1.355698 -0.068815 0.107754
v 1.862591 -0.268965 0.077122
v 2.078399 -0.468685 0.107226
v 0.817245 0.137609 0.107402
v 2.201246 -0.280903 0.107402
v 2.003036 -0.480762 0.107402
v 2.053597 -0.456355 0.107402
v 1.794967 -0.404362 0.037919
v 1.536422 -0.272293 0.037919
v 1.189956 -0.230036 0.037919
v 1.141758 -0.166918 0.037919
v 2.154783 -0.222310 0.037919
v 2.218153 -0.321112 0.037919
v 0.922029 0.164399 0.037919
v 0.999670 0.151191 0.037919
v 1.213782 0.109309 0.037919
v 1.355711 0.069697 0.037919
v 2.054670 -0.490174 0.037919
v 1.922406 -0.490489 0.037919
v 1.087088 -0.106528 0.037919
v 0.997581 -0.024918 0.037919
v 1.355711 -0.235241 0.037919
v 0.777140 0.116394 0.037919
v 0.827525 0.175766 0.037919
v 1.556002 0.007644 0.037919
v 1.078709 0.137120 0.037919
v 1.937835 -0.134794 0.037919
v 0.923577 0.028467 0.037919
v 1.136168 0.126756 0.037919
v 2.081977 -0.469932 0.037939
v 0.798412 0.153873 0.037919
v 2.001072 -0.506140 0.037919
v 2.217535 -0.278816 0.037919
v 0.921363 0.124022 0.107754
v 1.213650 0.012814 0.107754
v 1.550204 -0.072994 0.107754
v 2.109104 -0.276497 0.077122
v 2.203957 -0.335187 0.107226
v 0.825940 0.144848 0.107402
v 0.999727 0.099126 0.107754
v 1.079467 0.068036 0.107754
v 1.137013 0.042663 0.107754
v 1.355534 -0.015878 0.107754
v 1.887443 -0.202200 0.107501
v 2.184521 -0.313699 0.077118
v 0.810060 0.163197 0.037919
v 2.206037 -0.338625 0.037939
v 1.992424 -0.407340 0.038037
v 1.862601 -0.268975 0.038037
v 2.054407 -0.455942 0.038017
v 2.109109 -0.276499 0.038037
v 1.899977 -0.211559 0.038037
v 2.184522 -0.313693 0.038017
v 1.135476 0.123174 0.077102
v 1.209025 0.078081 0.107402
v 0.997774 -0.025236 0.079430
v 0.922947 0.028750 0.079430
v 0.920160 0.139460 0.107402
v 0.999042 0.147597 0.077102
v 1.086702 -0.106299 0.079430
v 1.078064 0.133529 0.077102
v 1.141545 -0.166795 0.079430
v 1.190813 -0.228233 0.074019
v 1.354724 0.066184 0.077102
v 1.549037 -0.021212 0.107402
v 1.936274 -0.138105 0.077102
v 2.134578 -0.243011 0.107402
v 1.537550 -0.268818 0.077102
v 1.355570 -0.231506 0.077102
v 1.923338 -0.486881 0.077102
v 1.796770 -0.401158 0.077102
v 2.205991 -0.338591 0.077105
v 2.216929 -0.317826 0.077102
v 2.215409 -0.278295 0.077102
v 1.999927 -0.502871 0.077102
v 0.812365 0.160368 0.077102
v 0.828699 0.172077 0.077102
v 1.899973 -0.211548 0.077122
v 1.851197 -0.264230 0.107501
v 2.051032 -0.488590 0.077102
v 2.081908 -0.469911 0.077105
v 0.779258 0.115627 0.074019
v 0.801163 0.151399 0.077102
v 2.054410 -0.455945 0.077118
v 1.991548 -0.408183 0.107402
v 2.185049 -0.312773 0.107402
v 2.109889 -0.275419 0.107402
v 0.921220 0.132288 0.107754
v 1.212242 0.042088 0.107754
v 1.550402 -0.049377 0.107754
v 2.117216 -0.265779 0.107754
v 2.212268 -0.338748 0.077102
v 0.818782 0.165344 0.077102
v 2.189864 -0.303522 0.107754
v 0.816881 0.168488 0.037919
v 0.998650 0.112091 0.107754
v 1.078104 0.087223 0.107754
v 1.135539 0.067347 0.107754
v 1.353938 0.009464 0.107754
v 1.910771 -0.187915 0.107754
v 2.212651 -0.339697 0.037919
v 2.207140 -0.328247 0.107402
v 0.830109 0.148182 0.107402
v 1.000047 0.040934 0.107754
v 1.080499 -0.009724 0.107754
v 1.137586 -0.051281 0.107754
v 1.355509 -0.108550 0.107754
v 1.845831 -0.302784 0.107754
v 0.919201 0.082502 0.107754
v 1.210325 -0.090741 0.107754
v 1.545632 -0.158713 0.107754
v 1.978270 -0.420576 0.107754
v 2.080595 -0.475735 0.077102
v 0.794509 0.141940 0.077102
v 2.040980 -0.462369 0.107754
v 2.081739 -0.476056 0.037919
v 0.791656 0.144192 0.037919
v 2.069039 -0.472248 0.107402
v 0.811213 0.129228 0.107402
v 1.725849 -0.357487 0.077102
v 1.820917 -0.094451 0.077102
v 1.776497 -0.216671 0.107754
v 1.822182 -0.091029 0.037919
v 1.724041 -0.360658 0.037919
v 1.793915 -0.168726 0.107754
v 1.741307 -0.322943 0.107402
v 1.811796 -0.119281 0.107402
v 1.802119 -0.146104 0.107754
v 1.764678 -0.251552 0.107754
v 0.849736 0.171120 0.077102
v 0.808169 0.097081 0.079430
v 0.839207 0.130031 0.107754
v 0.807887 0.097249 0.037919
v 0.849048 0.174897 0.037919
v 0.846094 0.140636 0.107754
v 0.852628 0.149654 0.107402
v 0.822823 0.089296 0.107710
v 0.849207 0.144970 0.107754
v 0.834417 0.119350 0.107754
v 1.173827 0.115791 0.077102
v 1.175345 -0.214265 0.079430
v 1.174893 -0.035732 0.107754
v 1.174630 0.119352 0.037919
v 1.175633 -0.214671 0.037919
v 1.174772 0.023594 0.107754
v 1.170246 0.088136 0.107402
v 1.160975 -0.190816 0.107710
v 1.173369 0.052575 0.107754
v 1.171934 -0.079937 0.107754
v 1.132651 0.108554 0.101681
v 1.209388 0.091289 0.101681
v 1.000313 -0.029378 0.101681
v 0.916379 0.031625 0.101681
v 0.920342 0.145921 0.101681
v 0.996481 0.132927 0.101681
v 1.081483 -0.103548 0.101681
v 1.075432 0.118873 0.101681
v 1.137236 -0.163109 0.101681
v 1.201451 -0.208270 0.101681
v 1.350698 0.051848 0.101681
v 1.550204 -0.009973 0.101681
v 1.929905 -0.151620 0.101681
v 2.142001 -0.234463 0.101681
v 1.542156 -0.254639 0.101681
v 1.354998 -0.216260 0.101681
v 1.927141 -0.472155 0.101681
v 1.804131 -0.388083 0.101681
v 2.211935 -0.304410 0.101681
v 2.205806 -0.338444 0.101681
v 2.206733 -0.276168 0.101681
v 1.995253 -0.489530 0.101681
v 0.821774 0.148821 0.101681
v 0.833494 0.157017 0.101681
v 1.899960 -0.211503 0.101681
v 1.862551 -0.268923 0.101681
v 2.081626 -0.469828 0.101681
v 2.036182 -0.482124 0.101681
v 0.795505 0.111272 0.101681
v 0.812390 0.141300 0.101681
v 1.992421 -0.407363 0.101681
v 2.054422 -0.455957 0.101681
v 2.184513 -0.313725 0.101681
v 2.109086 -0.276488 0.101681
v 0.826537 0.152515 0.101681
v 2.210714 -0.334858 0.101681
v 0.806154 0.132752 0.101681
v 2.075923 -0.474426 0.101681
v 1.815754 -0.108419 0.101681
v 1.733229 -0.344545 0.101681
v 0.819373 0.090418 0.101681
v 0.852543 0.155705 0.101681
v 1.163920 -0.198151 0.101681
v 1.170551 0.101260 0.101681
v 0.920661 0.135884 0.107710
v 1.210549 0.060608 0.107710
v 1.185475 0.113206 0.077102
v 0.961048 0.001779 0.079430
v 0.960448 0.154392 0.077102
v 1.042503 -0.065653 0.079430
v 1.000168 0.010497 0.107754
v 1.039709 0.140357 0.077102
v 1.114902 -0.136976 0.079430
v 1.080889 -0.050378 0.107754
v 1.109544 0.127908 0.077102
v 1.160794 -0.193612 0.079430
v 1.137155 -0.099307 0.107754
v 1.549659 -0.034907 0.107710
v 1.443122 0.040709 0.077102
v 2.126124 -0.254069 0.107710
v 2.043611 -0.179048 0.077102
v 1.442390 -0.242371 0.077102
v 1.355221 -0.150421 0.107710
v 1.856641 -0.444375 0.077102
v 1.829823 -0.335804 0.107710
v 2.214729 -0.330877 0.077102
v 2.217508 -0.299303 0.077102
v 1.969130 -0.503997 0.077102
v 0.823504 0.168886 0.077102
v 1.795192 -0.403961 0.058508
v 1.189849 -0.229873 0.058028
v 2.154469 -0.222609 0.058508
v 0.921988 0.163945 0.058508
v 1.213674 0.108866 0.058508
v 2.054216 -0.489976 0.058508
v 1.087088 -0.106528 0.058841
v 0.777344 0.116271 0.058028
v 0.923577 0.028467 0.058841
v 1.136082 0.126309 0.058508
v 0.919684 0.093767 0.107754
v 1.212872 -0.065862 0.107754
v 0.999879 0.083398 0.107754
v 1.079844 0.046916 0.107754
v 1.137424 0.016793 0.107754
v 1.546125 -0.138410 0.107754
v 1.988580 -0.410953 0.107710
v 1.355687 -0.042209 0.107754
v 1.850587 -0.221869 0.077122
v 2.085174 -0.472830 0.077102
v 0.797962 0.147956 0.077102
v 2.081968 -0.469929 0.058518
v 0.798756 0.153564 0.058508
v 2.033435 -0.442280 0.077121
v 1.923361 -0.340919 0.077122
v 1.443100 -0.088985 0.107754
v 1.111909 0.006868 0.107754
v 1.041182 0.046378 0.107754
v 0.960816 0.085112 0.107754
v 1.159332 -0.024428 0.107754
v 2.203776 -0.256189 0.077102
v 2.027199 -0.496395 0.077102
v 2.070608 -0.464278 0.077112
v 2.050777 -0.457700 0.107710
v 2.000928 -0.505732 0.058508
v 2.217269 -0.278750 0.058508
v 2.195691 -0.291838 0.107710
v 1.536563 -0.271858 0.058508
v 1.141758 -0.166918 0.058841
v 2.218000 -0.320702 0.058508
v 0.999591 0.150741 0.058508
v 1.355587 0.069258 0.058508
v 1.922523 -0.490038 0.058508
v 0.997581 -0.024918 0.058841
v 1.355693 -0.234774 0.058508
v 0.827671 0.175305 0.058508
v 1.555860 0.007210 0.058508
v 1.078629 0.136671 0.058508
v 1.937639 -0.135208 0.058508
v 2.219196 -0.301686 0.037919
v 1.969011 -0.507610 0.037919
v 0.821972 0.172313 0.037919
v 2.071769 -0.482026 0.037919
v 0.961078 0.001781 0.037919
v 1.110204 0.131496 0.037919
v 2.045696 -0.176004 0.037919
v 1.186310 0.116760 0.037919
v 1.855162 -0.447788 0.037919
v 1.114959 -0.137004 0.037919
v 1.040347 0.143949 0.037919
v 1.444186 0.044199 0.037919
v 0.795122 0.150328 0.037919
v 1.441738 -0.245961 0.037919
v 1.042523 -0.065641 0.037919
v 2.029999 -0.498896 0.037919
v 0.961021 0.157994 0.037919
v 2.206255 -0.255009 0.037919
v 1.160976 -0.193856 0.037919
v 1.270470 -0.227568 0.076742
v 1.273614 0.088858 0.077102
v 1.274415 -0.055424 0.107754
v 1.271126 -0.231307 0.037919
v 1.274531 0.092389 0.037919
v 0.834489 0.172970 0.077102
v 0.858496 0.067239 0.079430
v 0.821969 0.135896 0.107710
v 0.784186 0.111300 0.037919
v 0.881424 0.170397 0.037919
v 0.920761 0.112967 0.107754
v 1.213766 -0.016957 0.107754
v 1.548618 -0.097763 0.107754
v 0.806706 0.155944 0.077102
v 0.999399 0.107292 0.107754
v 1.078996 0.079466 0.107754
v 1.136502 0.056975 0.107754
v 1.355070 -0.001247 0.107754
v 1.904770 -0.195981 0.107728
v 0.804165 0.158590 0.037919
v 2.210346 -0.342157 0.037921
v 2.163969 -0.299853 0.077121
v 0.810348 0.162844 0.058508
v 2.206032 -0.338621 0.058518
v 0.830264 0.143817 0.107710
v 2.197183 -0.327609 0.077112
v 1.274370 0.001092 0.107754
v 2.004358 -0.238560 0.077122
v 1.443296 -0.038130 0.107754
v 1.111135 0.054553 0.107754
v 1.040746 0.083574 0.107754
v 0.960864 0.112578 0.107754
v 1.158909 0.031816 0.107754
v 1.850594 -0.221881 0.038037
v 2.033432 -0.442275 0.038035
v 1.923367 -0.340922 0.038037
v 2.163972 -0.299850 0.038035
v 2.004361 -0.238567 0.038037
v 1.899976 -0.211557 0.058570
v 2.109108 -0.276499 0.058570
v 1.862600 -0.268974 0.058570
v 1.992424 -0.407341 0.058570
v 2.054407 -0.455943 0.058559
v 2.184522 -0.313693 0.058559
v 2.197190 -0.327608 0.037978
v 2.070614 -0.464280 0.037978
v 1.642147 -0.314544 0.077102
v 1.880880 -0.117282 0.077102
v 1.672077 -0.172308 0.107754
v 1.882200 -0.113880 0.037919
v 1.640625 -0.317860 0.037919
v 1.682387 -0.123567 0.107754
v 1.181726 0.085309 0.107402
v 0.960676 0.003197 0.107710
v 0.957866 0.132686 0.107402
v 1.041922 -0.064062 0.107710
v 1.036894 0.116880 0.107402
v 1.113236 -0.133649 0.107710
v 1.106704 0.102425 0.107402
v 1.152042 -0.178573 0.107710
v 1.438246 0.015005 0.107402
v 2.028538 -0.201260 0.107402
v 1.445455 -0.204071 0.107402
v 1.873497 -0.413157 0.107402
v 2.208473 -0.313869 0.107372
v 2.206792 -0.292110 0.107372
v 1.979519 -0.478051 0.107402
v 0.832676 0.150174 0.107372
v 1.845793 -0.219077 0.107423
v 2.078225 -0.470179 0.107372
v 0.814561 0.134658 0.107402
v 2.032580 -0.442880 0.107402
v 1.921294 -0.341622 0.107413
v 2.186722 -0.267756 0.107402
v 2.020571 -0.480113 0.107372
v 2.069435 -0.464358 0.107372
v 1.267131 -0.184576 0.107402
v 1.269485 0.061874 0.107402
v 0.838690 0.151549 0.107372
v 0.866005 0.063847 0.107710
v 0.821603 0.141324 0.107402
v 2.164674 -0.298857 0.107402
v 2.197224 -0.326399 0.107372
v 2.003788 -0.236284 0.107413
v 1.653343 -0.279153 0.107402
v 1.870829 -0.141916 0.107402
v 1.132025 0.103966 0.106159
v 1.211179 0.098634 0.091875
v 1.000323 -0.029378 0.106203
v 0.916234 0.031734 0.092207
v 0.920030 0.141941 0.106159
v 0.997781 0.140372 0.091875
v 1.081422 -0.103617 0.106203
v 1.076768 0.126311 0.091875
v 1.136754 -0.162453 0.106203
v 1.199154 -0.201718 0.106167
v 1.349785 0.047301 0.106159
v 1.552567 -0.002792 0.091875
v 1.927877 -0.155819 0.106159
v 2.147212 -0.229509 0.091875
v 1.543374 -0.248796 0.106159
v 1.355289 -0.223997 0.091875
v 1.929332 -0.467267 0.106159
v 1.800396 -0.394718 0.091875
v 2.210482 -0.301266 0.106137
v 2.205899 -0.338522 0.091875
v 2.204193 -0.276306 0.106159
v 1.995227 -0.485583 0.106159
v 0.824306 0.145857 0.106159
v 0.831061 0.164660 0.091875
v 1.898618 -0.210502 0.106170
v 1.862572 -0.268944 0.091877
v 2.081017 -0.469614 0.106137
v 2.043718 -0.485405 0.091875
v 0.798732 0.109665 0.106144
v 0.806692 0.146425 0.091875
v 1.992311 -0.407469 0.106159
v 2.054416 -0.455951 0.091877
v 2.184579 -0.313610 0.106159
v 2.109095 -0.276493 0.091877
v 0.921509 0.129540 0.107754
v 1.213239 0.029522 0.107754
v 1.550741 -0.059285 0.107754
v 2.112020 -0.272615 0.107710
v 2.210191 -0.341951 0.077102
v 0.815767 0.163007 0.077102
v 2.186456 -0.310182 0.107710
v 0.813640 0.165974 0.037919
v 0.997380 0.118724 0.107710
v 1.076614 0.098379 0.107710
v 1.133931 0.082504 0.107710
v 1.352012 0.025154 0.107710
v 1.917868 -0.174655 0.107710
v 2.215492 -0.333291 0.037919
v 2.205921 -0.335369 0.107372
v 0.828350 0.146783 0.107402
v 0.822601 0.159026 0.091875
v 2.211499 -0.336838 0.091875
v 0.817119 0.168095 0.058508
v 0.834190 0.147342 0.107710
v 2.171214 -0.289616 0.107754
v 2.212604 -0.339579 0.058508
v 1.272885 0.028492 0.107754
v 1.686563 -0.100497 0.107754
v 2.200304 -0.317155 0.107710
v 2.012436 -0.225642 0.107754
v 1.441831 -0.013936 0.107754
v 1.109685 0.076615 0.107754
v 1.039525 0.099578 0.107754
v 0.959978 0.123056 0.107754
v 1.157463 0.058935 0.107754
v 0.999986 0.056426 0.107754
v 1.080296 0.010964 0.107754
v 1.137775 -0.026794 0.107754
v 1.355656 -0.085794 0.107754
v 1.853377 -0.284273 0.107728
v 0.918275 0.060333 0.107754
v 1.205258 -0.136868 0.107718
v 1.544850 -0.195919 0.107710
v 1.957919 -0.439599 0.107710
v 2.069071 -0.481202 0.077102
v 0.787969 0.130043 0.076742
v 2.021663 -0.471613 0.107710
v 2.085484 -0.472918 0.037921
v 0.785123 0.131910 0.037919
v 2.050078 -0.475908 0.107372
v 0.805353 0.119073 0.107379
v 0.800244 0.137415 0.091875
v 2.078294 -0.475090 0.091875
v 0.816201 0.127048 0.107710
v 1.665591 -0.207472 0.107754
v 2.019366 -0.451567 0.107754
v 1.157838 -0.067854 0.107754
v 0.960757 0.062435 0.107754
v 1.041399 0.015813 0.107754
v 1.112314 -0.032055 0.107754
v 1.443623 -0.126555 0.107754
v 1.909828 -0.360712 0.107754
v 2.057412 -0.468364 0.107710
v 2.081596 -0.476015 0.058508
v 0.792013 0.143910 0.058508
v 1.272573 -0.097475 0.107754
v 1.765339 -0.379162 0.077102
v 1.698184 -0.047989 0.077102
v 1.823888 -0.238680 0.107728
v 1.699396 -0.044547 0.037919
v 1.763429 -0.382283 0.037919
v 1.846056 -0.189565 0.107728
v 1.782642 -0.345083 0.107402
v 1.690669 -0.073068 0.107402
v 1.858503 -0.168390 0.107754
v 1.811321 -0.274486 0.107754
v 1.752858 -0.287732 0.107710
v 1.798705 -0.155554 0.107754
v 1.818374 -0.101330 0.091875
v 1.729484 -0.351113 0.091875
v 1.785226 -0.192587 0.107754
v 1.771174 -0.231820 0.107754
v 1.822024 -0.091456 0.058508
v 1.724267 -0.360261 0.058508
v 1.807088 -0.132327 0.107710
v 0.881600 0.166691 0.077102
v 0.784737 0.111007 0.078631
v 0.875588 0.117548 0.107754
v 0.858384 0.067311 0.037919
v 0.833528 0.176764 0.037919
v 0.879630 0.133749 0.107754
v 0.882269 0.145390 0.107402
v 0.802951 0.102307 0.107637
v 0.881101 0.139813 0.107754
v 0.872775 0.103028 0.107754
v 0.829282 0.106007 0.107754
v 0.847951 0.143337 0.107754
v 0.814408 0.093370 0.092207
v 0.851118 0.163528 0.091875
v 0.837075 0.126037 0.107754
v 0.851000 0.147274 0.107710
v 0.807887 0.097249 0.058841
v 0.849134 0.174425 0.058508
v 0.842667 0.135458 0.107754
v 1.157650 0.118956 0.077102
v 1.182909 -0.224791 0.078631
v 1.186213 -0.041898 0.107754
v 1.158398 0.122527 0.037919
v 1.183211 -0.225433 0.037919
v 1.186250 0.018778 0.107754
v 1.154358 0.091869 0.107402
v 1.169462 -0.194399 0.107670
v 1.184867 0.048582 0.107754
v 1.182554 -0.086337 0.107754
v 1.167060 -0.129128 0.107754
v 1.174339 0.040153 0.107754
v 1.168983 -0.205292 0.092207
v 1.172214 0.108634 0.091875
v 1.174963 -0.005947 0.107754
v 1.174258 -0.054680 0.107754
v 1.174529 0.118907 0.058508
v 1.175633 -0.214671 0.058841
v 1.171726 0.070871 0.107710
v 1.134085 0.115974 0.091875
v 1.208589 0.086544 0.106159
v 1.000037 -0.028954 0.092207
v 0.916888 0.031374 0.106203
v 0.921030 0.153453 0.091875
v 0.995903 0.128817 0.106159
v 1.082115 -0.103720 0.092207
v 1.074849 0.114505 0.106159
v 1.138454 -0.164544 0.092207
v 1.204437 -0.217192 0.091571
v 1.352741 0.059124 0.091875
v 1.549062 -0.014402 0.106159
v 1.933137 -0.144761 0.091875
v 2.138879 -0.237618 0.106159
v 1.539819 -0.261835 0.091875
v 1.354870 -0.209866 0.106159
v 1.925211 -0.479628 0.091875
v 1.806965 -0.382772 0.106159
v 2.214469 -0.311220 0.091875
v 2.205456 -0.337848 0.106137
v 2.211136 -0.277247 0.091875
v 1.997625 -0.496301 0.091875
v 0.816999 0.154681 0.091875
v 0.834693 0.153115 0.106137
v 1.899967 -0.211526 0.091877
v 1.861328 -0.268403 0.106170
v 2.081769 -0.469870 0.091875
v 2.032781 -0.480330 0.106137
v 0.789124 0.114718 0.091571
v 0.815396 0.138680 0.106159
v 1.992422 -0.407353 0.091877
v 2.054322 -0.456009 0.106159
v 2.184517 -0.313712 0.091877
v 2.109182 -0.276353 0.106159
v 0.828641 0.149231 0.106159
v 2.209949 -0.333179 0.106159
v 0.809275 0.130348 0.106159
v 2.074064 -0.473874 0.106159
v 1.814156 -0.112762 0.106159
v 1.735816 -0.339078 0.106159
v 0.821742 0.089009 0.106203
v 0.853154 0.151654 0.106159
v 1.161504 -0.194743 0.106203
v 1.169813 0.096513 0.106159
v 1.154596 0.104380 0.101681
v 1.172649 -0.205199 0.101681
v 0.838412 0.157480 0.101681
v 0.863930 0.063955 0.101681
v 1.773134 -0.366424 0.101681
v 1.693233 -0.062036 0.101681
v 2.083910 -0.472471 0.101681
v 0.800171 0.122173 0.101681
v 2.211624 -0.321011 0.101681
v 0.824450 0.150896 0.101681
v 1.875491 -0.131165 0.101681
v 1.648360 -0.301013 0.101681
v 2.004344 -0.238531 0.101681
v 2.197155 -0.327610 0.101681
v 2.163955 -0.299866 0.101681
v 0.817075 0.145147 0.101681
v 0.798497 0.103569 0.101681
v 0.882317 0.151562 0.101681
v 1.269873 0.074442 0.101681
v 1.267587 -0.211052 0.101681
v 2.070582 -0.464270 0.101681
v 2.015771 -0.486186 0.101681
v 2.193656 -0.261004 0.101681
v 1.923335 -0.340909 0.101681
v 2.033445 -0.442302 0.101681
v 0.809556 0.138273 0.101681
v 2.058058 -0.477836 0.101681
v 1.850557 -0.221817 0.101681
v 0.829755 0.154898 0.101681
v 1.969618 -0.489248 0.101681
v 2.210620 -0.289578 0.101681
v 2.209568 -0.341097 0.101681
v 1.862679 -0.430442 0.101681
v 1.445052 -0.227718 0.101681
v 2.035099 -0.191473 0.101681
v 1.438782 0.026461 0.101681
v 1.153787 -0.184036 0.101681
v 1.106855 0.113262 0.101681
v 1.113394 -0.136257 0.101681
v 1.037102 0.125696 0.101681
v 1.041981 -0.066016 0.101681
v 0.958111 0.139688 0.101681
v 0.960546 0.001719 0.101681
v 1.182069 0.098701 0.101681
v 1.183214 0.067482 0.107710
v 0.958866 0.127926 0.107710
v 1.038142 0.108420 0.107710
v 1.108120 0.089862 0.107710
v 1.439941 0.000935 0.107710
v 2.020705 -0.213117 0.107710
v 1.274499 -0.027043 0.107754
v 2.203645 -0.304101 0.107668
v 1.274003 -0.073466 0.107754
v 1.864842 -0.154793 0.107710
v 1.183193 -0.225407 0.058695
v 2.205945 -0.255156 0.058508
v 0.960949 0.157544 0.058508
v 1.271095 0.045661 0.107710
v 2.029649 -0.498584 0.058508
v 1.042522 -0.065641 0.058841
v 1.441820 -0.245513 0.058508
v 0.785454 0.131673 0.058418
v 1.444053 0.043763 0.058508
v 0.826129 0.139959 0.107710
v 1.040268 0.143500 0.058508
v 1.763668 -0.381893 0.058508
v 1.274416 0.091948 0.058508
v 0.833648 0.176290 0.058508
v 1.114959 -0.137004 0.058841
v 1.855347 -0.447362 0.058508
v 1.158305 0.122081 0.058508
v 2.045435 -0.176384 0.058508
v 1.110121 0.131048 0.058508
v 2.215396 -0.332989 0.058508
v 0.961078 0.001781 0.058841
v 2.085445 -0.472907 0.058509
v 0.804483 0.158259 0.058508
v 0.858383 0.067311 0.058841
v 2.066975 -0.465331 0.107668
v 1.699245 -0.044977 0.058508
v 1.270991 -0.230873 0.058418
v 1.918989 -0.346886 0.107713
v 1.443150 -0.105171 0.107754
v 1.112099 -0.009106 0.107754
v 1.041279 0.033852 0.107754
v 0.960779 0.075815 0.107754
v 1.185404 -0.061111 0.107754
v 2.029626 -0.444822 0.107710
v 1.969026 -0.507159 0.058508
v 2.218985 -0.301388 0.058508
v 2.179163 -0.278342 0.107710
v 0.836566 0.149431 0.107668
v 0.813906 0.165603 0.058508
v 1.819005 -0.254811 0.107749
v 1.443248 -0.063434 0.107754
v 1.111569 0.030942 0.107754
v 1.041008 0.065213 0.107754
v 0.960879 0.099078 0.107754
v 1.186379 -0.011461 0.107754
v 2.004361 -0.238566 0.058570
v 1.850593 -0.221880 0.058570
v 1.923366 -0.340922 0.058570
v 2.033432 -0.442275 0.058568
v 2.163972 -0.299850 0.058568
v 2.197189 -0.327608 0.058539
v 2.070613 -0.464280 0.058539
v 1.833035 -0.212844 0.107715
v 0.819405 0.132734 0.107710
v 1.183797 0.106063 0.091875
v 0.960511 0.001743 0.092207
v 0.959297 0.147150 0.091875
v 1.042115 -0.065897 0.092207
v 1.038425 0.133136 0.091875
v 1.113786 -0.136431 0.092207
v 1.108220 0.120695 0.091875
v 1.156811 -0.188257 0.092207
v 1.440985 0.033692 0.091875
v 2.039418 -0.185168 0.091875
v 1.443701 -0.235154 0.091875
v 1.859615 -0.437513 0.091875
v 2.209881 -0.341536 0.091875
v 2.214116 -0.294513 0.091875
v 1.969371 -0.496733 0.091875
v 0.826582 0.161997 0.091875
v 1.850572 -0.221843 0.091877
v 2.063647 -0.479544 0.091875
v 0.803672 0.143187 0.091875
v 2.033439 -0.442291 0.091877
v 1.923348 -0.340914 0.091877
v 2.198792 -0.258560 0.091875
v 2.021571 -0.491367 0.091875
v 2.070595 -0.464274 0.091876
v 1.269888 -0.219339 0.091785
v 1.271772 0.081758 0.091875
v 0.881953 0.159240 0.091875
v 0.792499 0.107043 0.092062
v 0.811813 0.150627 0.091875
v 2.163962 -0.299860 0.091877
v 2.197169 -0.327611 0.091876
v 2.004351 -0.238546 0.091877
v 1.645207 -0.307880 0.091875
v 1.878226 -0.124119 0.091875
v 0.820044 0.157042 0.091875
v 2.213197 -0.326022 0.091875
v 0.822163 0.171885 0.058508
v 0.832549 0.145904 0.107710
v 2.166577 -0.296181 0.107710
v 2.210326 -0.342131 0.058509
v 1.273938 0.016811 0.107754
v 1.853861 -0.177515 0.107749
v 2.198250 -0.324206 0.107668
v 2.007173 -0.232975 0.107713
v 1.442930 -0.024110 0.107754
v 1.110623 0.067491 0.107754
v 1.040347 0.093334 0.107754
v 0.960628 0.119417 0.107754
v 1.185840 0.035767 0.107754
v 0.794152 0.126297 0.091785
v 2.084551 -0.472653 0.091875
v 0.810140 0.115803 0.107704
v 1.796807 -0.310264 0.107710
v 1.999120 -0.464913 0.107710
v 1.176648 -0.134926 0.107747
v 0.960722 0.036147 0.107754
v 1.041631 -0.019634 0.107754
v 1.112722 -0.077140 0.107754
v 1.444574 -0.165834 0.107710
v 1.891412 -0.387257 0.107710
v 2.038440 -0.474285 0.107668
v 2.071432 -0.481923 0.058508
v 0.795477 0.150032 0.058508
v 1.269764 -0.141613 0.107710
v 1.659415 -0.243794 0.107710
v 1.685041 -0.110154 0.107754
v 1.695745 -0.054907 0.091875
v 1.769178 -0.372889 0.091875
v 1.677260 -0.147835 0.107754
v 1.669021 -0.187645 0.107754
v 1.882035 -0.114306 0.058508
v 1.640815 -0.317445 0.058508
v 1.688650 -0.086407 0.107710
v 0.869777 0.085637 0.107754
v 0.880623 0.137739 0.107754
v 0.861166 0.065572 0.092207
v 0.836421 0.165341 0.091875
v 0.874329 0.111819 0.107754
v 0.881711 0.142582 0.107710
v 0.784221 0.111279 0.058695
v 0.881446 0.169934 0.058508
v 0.877633 0.125819 0.107754
v 1.155260 -0.116980 0.107754
v 1.158433 0.047402 0.107754
v 1.178103 -0.213885 0.092062
v 1.156146 0.111777 0.091875
v 1.159216 0.003861 0.107754
v 1.159060 -0.042720 0.107754
v 1.186205 0.116316 0.058508
v 1.160976 -0.193856 0.058841
v 1.155831 0.075871 0.107710
v 1.153914 0.099701 0.106159
v 1.169824 -0.200598 0.106196
v 0.839292 0.153428 0.106154
v 0.865359 0.063134 0.106203
v 1.775988 -0.361034 0.106159
v 1.691854 -0.066418 0.106159
v 2.082921 -0.472108 0.106154
v 0.803333 0.120070 0.106154
v 2.210572 -0.318054 0.106154
v 0.826794 0.147794 0.106159
v 1.873756 -0.135476 0.106159
v 1.650311 -0.295389 0.106159
v 2.004086 -0.238166 0.106162
v 2.197128 -0.327409 0.106154
v 2.164042 -0.299743 0.106159
v 0.819858 0.142361 0.106159
v 0.801392 0.101928 0.106190
v 0.882465 0.147557 0.106159
v 1.269024 0.069790 0.106159
v 1.266337 -0.204287 0.106159
v 2.070388 -0.464260 0.106154
v 2.013892 -0.483249 0.106154
v 2.190626 -0.262877 0.106159
v 1.922948 -0.340886 0.106162
v 2.033338 -0.442379 0.106159
v 0.812660 0.135752 0.106159
v 2.054783 -0.476863 0.106154
v 1.849866 -0.221409 0.106165
v 0.831446 0.151312 0.106154
v 1.970960 -0.484696 0.106159
v 2.208661 -0.287790 0.106154
v 2.208990 -0.340172 0.106154
v 1.865322 -0.425304 0.106159
v 1.445671 -0.221630 0.106159
v 2.032459 -0.195352 0.106159
v 1.437787 0.021984 0.106159
v 1.152368 -0.182029 0.106203
v 1.106261 0.108777 0.106159
v 1.113293 -0.136219 0.106203
v 1.036519 0.121461 0.106159
v 1.041947 -0.066059 0.106203
v 0.957581 0.135670 0.106159
v 0.960643 0.001709 0.106203
v 1.181298 0.093927 0.106159
v 0.917110 0.032548 -0.108503
v 0.921697 0.160763 -0.077895
v 1.200251 -0.183612 -0.108240
v 1.212917 0.105763 -0.077895
v 1.132476 0.096846 -0.108195
v 1.000319 -0.027651 -0.108503
v 0.996236 0.125126 -0.108195
v 1.081380 -0.101333 -0.108503
v 1.075266 0.108994 -0.108195
v 1.136618 -0.159509 -0.108503
v 1.544024 -0.232143 -0.108195
v 1.554861 0.004177 -0.077895
v 1.350280 0.039987 -0.108195
v 1.354951 -0.191175 -0.108195
v 1.938166 -0.458232 -0.108196
v 2.152268 -0.224702 -0.077895
v 1.924577 -0.162098 -0.108196
v 1.814218 -0.367959 -0.108196
v 2.033565 -0.479109 -0.108020
v 2.209187 -0.301618 -0.108020
v 0.800830 0.110100 -0.108084
v 0.834916 0.151739 -0.108020
v 0.920093 0.101482 -0.108547
v 1.213603 -0.046931 -0.108547
v 0.999948 0.067198 -0.108547
v 1.080131 0.025322 -0.108547
v 1.137710 -0.009499 -0.108547
v 1.546955 -0.122741 -0.108547
v 1.992423 -0.407345 -0.077915
v 1.355698 -0.068815 -0.108547
v 1.862591 -0.268965 -0.077915
v 2.078399 -0.468685 -0.108020
v 0.817245 0.137609 -0.108195
v 2.201246 -0.280903 -0.108196
v 2.003036 -0.480762 -0.108196
v 2.053597 -0.456355 -0.108196
v 1.794967 -0.404362 -0.038712
v 1.536422 -0.272293 -0.038712
v 1.189956 -0.230036 -0.038712
v 1.141758 -0.166918 -0.038712
v 2.154783 -0.222310 -0.038712
v 2.218153 -0.321112 -0.038712
v 0.922029 0.164399 -0.038712
v 0.999670 0.151191 -0.038712
v 1.213782 0.109309 -0.038712
v 1.355711 0.069697 -0.038712
v 2.054670 -0.490174 -0.038712
v 1.922406 -0.490489 -0.038712
v 1.087088 -0.106528 -0.038712
v 0.997581 -0.024918 -0.038712
v 1.355711 -0.235241 -0.038712
v 0.777140 0.116394 -0.038712
v 0.827525 0.175766 -0.038712
v 1.556002 0.007644 -0.038712
v 1.078709 0.137120 -0.038712
v 1.937835 -0.134794 -0.038712
v 0.923577 0.028467 -0.038712
v 1.136168 0.126756 -0.038712
v 2.081977 -0.469932 -0.038732
v 0.798412 0.153873 -0.038712
v 2.001072 -0.506140 -0.038712
v 2.217535 -0.278816 -0.038712
v 0.921363 0.124022 -0.108547
v 1.213650 0.012814 -0.108547
v 1.550204 -0.072994 -0.108547
v 2.109104 -0.276497 -0.077915
v 2.203957 -0.335187 -0.108020
v 0.825940 0.144848 -0.108195
v 0.999727 0.099126 -0.108547
v 1.079467 0.068036 -0.108547
v 1.137013 0.042663 -0.108547
v 1.355534 -0.015878 -0.108547
v 1.887443 -0.202200 -0.108294
v 2.184521 -0.313699 -0.077912
v 0.810060 0.163197 -0.038712
v 2.206037 -0.338625 -0.038732
v 1.992424 -0.407340 -0.038830
v 1.862601 -0.268975 -0.038830
v 2.054407 -0.455942 -0.038811
v 2.109109 -0.276499 -0.038830
v 1.899977 -0.211559 -0.038830
v 2.184522 -0.313693 -0.038811
v 1.135476 0.123174 -0.077895
v 1.209025 0.078081 -0.108195
v 0.997774 -0.025236 -0.080223
v 0.922947 0.028750 -0.080223
v 0.920160 0.139460 -0.108195
v 0.999042 0.147597 -0.077895
v 1.086702 -0.106299 -0.080223
v 1.078064 0.133529 -0.077895
v 1.141545 -0.166795 -0.080223
v 1.190813 -0.228233 -0.074812
v 1.354724 0.066184 -0.077895
v 1.549037 -0.021212 -0.108195
v 1.936274 -0.138105 -0.077895
v 2.134578 -0.243011 -0.108196
v 1.537550 -0.268818 -0.077895
v 1.355570 -0.231506 -0.077895
v 1.923338 -0.486881 -0.077895
v 1.796770 -0.401158 -0.077895
v 2.205991 -0.338591 -0.077898
v 2.216929 -0.317826 -0.077895
v 2.215409 -0.278295 -0.077895
v 1.999927 -0.502871 -0.077895
v 0.812365 0.160368 -0.077895
v 0.828699 0.172077 -0.077895
v 1.899973 -0.211548 -0.077915
v 1.851197 -0.264230 -0.108294
v 2.051032 -0.488590 -0.077895
v 2.081908 -0.469911 -0.077898
v 0.779258 0.115627 -0.074812
v 0.801163 0.151399 -0.077895
v 2.054410 -0.455945 -0.077912
v 1.991548 -0.408183 -0.108196
v 2.185049 -0.312773 -0.108196
v 2.109889 -0.275419 -0.108195
v 0.921220 0.132288 -0.108547
v 1.212242 0.042088 -0.108547
v 1.550402 -0.049377 -0.108547
v 2.117216 -0.265779 -0.108547
v 2.212268 -0.338748 -0.077895
v 0.818782 0.165344 -0.077895
v 2.189864 -0.303522 -0.108547
v 0.816881 0.168488 -0.038712
v 0.998650 0.112091 -0.108547
v 1.078104 0.087223 -0.108547
v 1.135539 0.067347 -0.108547
v 1.353938 0.009464 -0.108547
v 1.910771 -0.187915 -0.108547
v 2.212651 -0.339697 -0.038712
v 2.207140 -0.328247 -0.108196
v 0.830109 0.148182 -0.108195
v 1.000047 0.040934 -0.108547
v 1.080499 -0.009724 -0.108547
v 1.137586 -0.051281 -0.108547
v 1.355509 -0.108550 -0.108547
v 1.845831 -0.302784 -0.108547
v 0.919201 0.082502 -0.108547
v 1.210325 -0.090741 -0.108547
v 1.545632 -0.158713 -0.108547
v 1.978270 -0.420576 -0.108547
v 2.080595 -0.475735 -0.077895
v 0.794509 0.141940 -0.077895
v 2.040980 -0.462369 -0.108547
v 2.081739 -0.476056 -0.038712
v 0.791656 0.144192 -0.038712
v 2.069039 -0.472248 -0.108196
v 0.811213 0.129228 -0.108195
v 1.725849 -0.357487 -0.077895
v 1.820917 -0.094451 -0.077895
v 1.776497 -0.216671 -0.108547
v 1.822182 -0.091029 -0.038712
v 1.724041 -0.360658 -0.038712
v 1.793915 -0.168726 -0.108547
v 1.741307 -0.322943 -0.108196
v 1.811796 -0.119281 -0.108195
v 1.802119 -0.146104 -0.108547
v 1.764678 -0.251552 -0.108547
v 0.849736 0.171120 -0.077895
v 0.808169 0.097081 -0.080223
v 0.839207 0.130031 -0.108547
v 0.807887 0.097249 -0.038712
v 0.849048 0.174897 -0.038712
v 0.846094 0.140636 -0.108547
v 0.852628 0.149654 -0.108195
v 0.822823 0.089296 -0.108503
v 0.849207 0.144970 -0.108547
v 0.834417 0.119350 -0.108547
v 1.173827 0.115791 -0.077895
v 1.175345 -0.214265 -0.080223
v 1.174893 -0.035732 -0.108547
v 1.174630 0.119352 -0.038712
v 1.175633 -0.214671 -0.038712
v 1.174772 0.023594 -0.108547
v 1.170246 0.088136 -0.108195
v 1.160975 -0.190816 -0.108503
v 1.173369 0.052575 -0.108547
v 1.171934 -0.079937 -0.108547
v 1.132651 0.108554 -0.102475
v 1.209388 0.091289 -0.102475
v 1.000313 -0.029378 -0.102475
v 0.916379 0.031625 -0.102475
v 0.920342 0.145921 -0.102475
v 0.996481 0.132927 -0.102475
v 1.081483 -0.103548 -0.102475
v 1.075432 0.118873 -0.102475
v 1.137236 -0.163109 -0.102475
v 1.201451 -0.208270 -0.102475
v 1.350698 0.051848 -0.102475
v 1.550204 -0.009973 -0.102475
v 1.929905 -0.151620 -0.102475
v 2.142001 -0.234463 -0.102475
v 1.542156 -0.254639 -0.102475
v 1.354998 -0.216260 -0.102475
v 1.927141 -0.472155 -0.102475
v 1.804131 -0.388083 -0.102475
v 2.211935 -0.304410 -0.102475
v 2.205806 -0.338444 -0.102475
v 2.206733 -0.276168 -0.102475
v 1.995253 -0.489530 -0.102475
v 0.821774 0.148821 -0.102475
v 0.833494 0.157017 -0.102475
v 1.899960 -0.211503 -0.102475
v 1.862551 -0.268923 -0.102475
v 2.081626 -0.469828 -0.102475
v 2.036182 -0.482124 -0.102475
v 0.795505 0.111272 -0.102475
v 0.812390 0.141300 -0.102475
v 1.992421 -0.407363 -0.102475
v 2.054422 -0.455957 -0.102475
v 2.184513 -0.313725 -0.102475
v 2.109086 -0.276488 -0.102475
v 0.826537 0.152515 -0.102475
v 2.210714 -0.334858 -0.102475
v 0.806154 0.132752 -0.102475
v 2.075923 -0.474426 -0.102475
v 1.815754 -0.108419 -0.102475
v 1.733229 -0.344545 -0.102475
v 0.819373 0.090418 -0.102475
v 0.852543 0.155705 -0.102475
v 1.163920 -0.198151 -0.102475
v 1.170551 0.101260 -0.102475
v 0.920661 0.135884 -0.108503
v 1.210549 0.060608 -0.108503
v 1.185475 0.113206 -0.077895
v 0.961048 0.001779 -0.080223
v 0.960448 0.154392 -0.077895
v 1.042503 -0.065653 -0.080223
v 1.000168 0.010497 -0.108547
v 1.039709 0.140357 -0.077895
v 1.114902 -0.136976 -0.080223
v 1.080889 -0.050378 -0.108547
v 1.109544 0.127908 -0.077895
v 1.160794 -0.193612 -0.080223
v 1.137155 -0.099307 -0.108547
v 1.549659 -0.034907 -0.108503
v 1.443122 0.040709 -0.077895
v 2.126124 -0.254069 -0.108503
v 2.043611 -0.179048 -0.077895
v 1.442390 -0.242371 -0.077895
v 1.355221 -0.150421 -0.108503
v 1.856641 -0.444375 -0.077895
v 1.829823 -0.335804 -0.108503
v 2.214729 -0.330877 -0.077895
v 2.217508 -0.299303 -0.077895
v 1.969130 -0.503997 -0.077895
v 0.823504 0.168886 -0.077895
v 1.795192 -0.403961 -0.059301
v 1.189849 -0.229873 -0.058821
v 2.154469 -0.222609 -0.059301
v 0.921988 0.163945 -0.059301
v 1.213674 0.108866 -0.059301
v 2.054216 -0.489976 -0.059301
v 1.087088 -0.106528 -0.059634
v 0.777344 0.116271 -0.058821
v 0.923577 0.028467 -0.059634
v 1.136082 0.126309 -0.059301
v 0.919684 0.093767 -0.108547
v 1.212872 -0.065862 -0.108547
v 0.999879 0.083398 -0.108547
v 1.079844 0.046916 -0.108547
v 1.137424 0.016793 -0.108547
v 1.546125 -0.138410 -0.108547
v 1.988580 -0.410953 -0.108503
v 1.355687 -0.042209 -0.108547
v 1.850587 -0.221869 -0.077915
v 2.085174 -0.472830 -0.077896
v 0.797962 0.147956 -0.077895
v 2.081968 -0.469929 -0.059312
v 0.798756 0.153564 -0.059301
v 2.033435 -0.442280 -0.077914
v 1.923361 -0.340919 -0.077915
v 1.443100 -0.088985 -0.108547
v 1.111909 0.006868 -0.108547
v 1.041182 0.046378 -0.108547
v 0.960816 0.085112 -0.108547
v 1.159332 -0.024428 -0.108547
v 2.203776 -0.256189 -0.077895
v 2.027199 -0.496395 -0.077895
v 2.070608 -0.464278 -0.077905
v 2.050777 -0.457700 -0.108503
v 2.000928 -0.505732 -0.059301
v 2.217269 -0.278750 -0.059301
v 2.195691 -0.291838 -0.108503
v 1.536563 -0.271858 -0.059301
v 1.141758 -0.166918 -0.059634
v 2.218000 -0.320702 -0.059301
v 0.999591 0.150741 -0.059301
v 1.355587 0.069258 -0.059301
v 1.922523 -0.490038 -0.059301
v 0.997581 -0.024918 -0.059634
v 1.355693 -0.234774 -0.059301
v 0.827671 0.175305 -0.059301
v 1.555860 0.007210 -0.059301
v 1.078629 0.136671 -0.059301
v 1.937639 -0.135208 -0.059301
v 2.219196 -0.301686 -0.038712
v 1.969011 -0.507610 -0.038712
v 0.821972 0.172313 -0.038712
v 2.071769 -0.482026 -0.038712
v 0.961078 0.001781 -0.038712
v 1.110204 0.131496 -0.038712
v 2.045696 -0.176004 -0.038712
v 1.186310 0.116760 -0.038712
v 1.855162 -0.447788 -0.038712
v 1.114959 -0.137004 -0.038712
v 1.040347 0.143949 -0.038712
v 1.444186 0.044199 -0.038712
v 0.795122 0.150328 -0.038712
v 1.441738 -0.245961 -0.038712
v 1.042523 -0.065641 -0.038712
v 2.029999 -0.498896 -0.038712
v 0.961021 0.157994 -0.038712
v 2.206255 -0.255009 -0.038712
v 1.160976 -0.193856 -0.038712
v 1.270470 -0.227568 -0.077536
v 1.273614 0.088858 -0.077895
v 1.274415 -0.055424 -0.108547
v 1.271126 -0.231307 -0.038712
v 1.274531 0.092389 -0.038712
v 0.834489 0.172970 -0.077895
v 0.858496 0.067239 -0.080223
v 0.821969 0.135896 -0.108503
v 0.784186 0.111300 -0.038712
v 0.881424 0.170397 -0.038712
v 0.920761 0.112967 -0.108547
v 1.213766 -0.016957 -0.108547
v 1.548618 -0.097763 -0.108547
v 0.806706 0.155944 -0.077895
v 0.999399 0.107292 -0.108547
v 1.078996 0.079466 -0.108547
v 1.136502 0.056975 -0.108547
v 1.355070 -0.001247 -0.108547
v 1.904770 -0.195981 -0.108521
v 0.804165 0.158590 -0.038712
v 2.210346 -0.342157 -0.038715
v 2.163969 -0.299853 -0.077914
v 0.810348 0.162844 -0.059301
v 2.206032 -0.338621 -0.059312
v 0.830264 0.143817 -0.108503
v 2.197183 -0.327609 -0.077905
v 1.274370 0.001092 -0.108547
v 2.004358 -0.238560 -0.077915
v 1.443296 -0.038130 -0.108547
v 1.111135 0.054553 -0.108547
v 1.040746 0.083574 -0.108547
v 0.960864 0.112578 -0.108547
v 1.158909 0.031816 -0.108547
v 1.850594 -0.221881 -0.038830
v 2.033432 -0.442275 -0.038828
v 1.923367 -0.340922 -0.038830
v 2.163972 -0.299850 -0.038828
v 2.004361 -0.238567 -0.038830
v 1.899976 -0.211557 -0.059363
v 2.109108 -0.276499 -0.059363
v 1.862600 -0.268974 -0.059363
v 1.992424 -0.407341 -0.059363
v 2.054407 -0.455943 -0.059353
v 2.184522 -0.313693 -0.059353
v 2.197190 -0.327608 -0.038771
v 2.070614 -0.464280 -0.038771
v 1.642147 -0.314544 -0.077895
v 1.880880 -0.117282 -0.077895
v 1.672077 -0.172308 -0.108547
v 1.882200 -0.113880 -0.038712
v 1.640625 -0.317860 -0.038712
v 1.682387 -0.123567 -0.108547
v 1.181726 0.085309 -0.108195
v 0.960676 0.003197 -0.108503
v 0.957866 0.132686 -0.108195
v 1.041922 -0.064062 -0.108503
v 1.036894 0.116880 -0.108195
v 1.113236 -0.133649 -0.108503
v 1.106704 0.102425 -0.108195
v 1.152042 -0.178573 -0.108503
v 1.438246 0.015006 -0.108195
v 2.028538 -0.201260 -0.108195
v 1.445455 -0.204071 -0.108196
v 1.873497 -0.413157 -0.108196
v 2.208473 -0.313869 -0.108165
v 2.206792 -0.292110 -0.108165
v 1.979519 -0.478051 -0.108196
v 0.832676 0.150174 -0.108165
v 1.845793 -0.219077 -0.108217
v 2.078225 -0.470179 -0.108165
v 0.814561 0.134658 -0.108195
v 2.032580 -0.442880 -0.108196
v 1.921294 -0.341622 -0.108206
v 2.186722 -0.267756 -0.108195
v 2.020571 -0.480113 -0.108165
v 2.069435 -0.464358 -0.108165
v 1.267131 -0.184576 -0.108195
v 1.269485 0.061874 -0.108195
v 0.838690 0.151549 -0.108165
v 0.866005 0.063847 -0.108503
v 0.821603 0.141324 -0.108195
v 2.164674 -0.298857 -0.108196
v 2.197224 -0.326399 -0.108165
v 2.003788 -0.236284 -0.108206
v 1.653343 -0.279153 -0.108196
v 1.870829 -0.141916 -0.108195
v 1.132025 0.103966 -0.106953
v 1.211179 0.098634 -0.092668
v 1.000323 -0.029378 -0.106997
v 0.916234 0.031734 -0.093001
v 0.920030 0.141941 -0.106953
v 0.997781 0.140372 -0.092668
v 1.081422 -0.103617 -0.106997
v 1.076768 0.126311 -0.092668
v 1.136754 -0.162453 -0.106997
v 1.199154 -0.201718 -0.106960
v 1.349785 0.047301 -0.106953
v 1.552567 -0.002792 -0.092668
v 1.927877 -0.155819 -0.106953
v 2.147212 -0.229509 -0.092668
v 1.543374 -0.248796 -0.106953
v 1.355289 -0.223997 -0.092668
v 1.929332 -0.467267 -0.106953
v 1.800396 -0.394718 -0.092668
v 2.210482 -0.301266 -0.106930
v 2.205899 -0.338522 -0.092669
v 2.204193 -0.276306 -0.106953
v 1.995227 -0.485583 -0.106953
v 0.824306 0.145857 -0.106953
v 0.831061 0.164660 -0.092668
v 1.898618 -0.210502 -0.106963
v 1.862572 -0.268944 -0.092671
v 2.081017 -0.469614 -0.106930
v 2.043718 -0.485405 -0.092668
v 0.798732 0.109665 -0.106937
v 0.806692 0.146425 -0.092668
v 1.992311 -0.407469 -0.106953
v 2.054416 -0.455951 -0.092670
v 2.184579 -0.313610 -0.106953
v 2.109095 -0.276493 -0.092671
v 0.921509 0.129540 -0.108547
v 1.213239 0.029522 -0.108547
v 1.550741 -0.059285 -0.108547
v 2.112020 -0.272615 -0.108503
v 2.210191 -0.341951 -0.077896
v 0.815767 0.163007 -0.077895
v 2.186456 -0.310182 -0.108503
v 0.813640 0.165974 -0.038712
v 0.997380 0.118724 -0.108503
v 1.076614 0.098379 -0.108503
v 1.133931 0.082504 -0.108503
v 1.352012 0.025154 -0.108503
v 1.917868 -0.174655 -0.108503
v 2.215492 -0.333291 -0.038712
v 2.205921 -0.335369 -0.108165
v 0.828350 0.146783 -0.108195
v 0.822601 0.159026 -0.092668
v 2.211499 -0.336838 -0.092668
v 0.817119 0.168095 -0.059301
v 0.834190 0.147342 -0.108503
v 2.171214 -0.289616 -0.108547
v 2.212604 -0.339579 -0.059301
v 1.272885 0.028492 -0.108547
v 1.686563 -0.100497 -0.108547
v 2.200304 -0.317155 -0.108503
v 2.012436 -0.225642 -0.108547
v 1.441831 -0.013936 -0.108547
v 1.109685 0.076615 -0.108547
v 1.039525 0.099578 -0.108547
v 0.959978 0.123056 -0.108547
v 1.157463 0.058935 -0.108547
v 0.999986 0.056426 -0.108547
v 1.080296 0.010964 -0.108547
v 1.137775 -0.026794 -0.108547
v 1.355656 -0.085794 -0.108547
v 1.853377 -0.284273 -0.108521
v 0.918275 0.060333 -0.108547
v 1.205258 -0.136868 -0.108511
v 1.544850 -0.195919 -0.108503
v 1.957919 -0.439599 -0.108503
v 2.069071 -0.481202 -0.077895
v 0.787969 0.130043 -0.077536
v 2.021663 -0.471613 -0.108503
v 2.085484 -0.472918 -0.038715
v 0.785123 0.131910 -0.038712
v 2.050078 -0.475908 -0.108165
v 0.805353 0.119073 -0.108173
v 0.800244 0.137415 -0.092668
v 2.078294 -0.475090 -0.092668
v 0.816201 0.127048 -0.108503
v 1.665591 -0.207472 -0.108547
v 2.019366 -0.451567 -0.108547
v 1.157838 -0.067854 -0.108547
v 0.960757 0.062435 -0.108547
v 1.041399 0.015813 -0.108547
v 1.112314 -0.032055 -0.108547
v 1.443623 -0.126555 -0.108547
v 1.909828 -0.360712 -0.108547
v 2.057412 -0.468364 -0.108503
v 2.081596 -0.476015 -0.059301
v 0.792013 0.143910 -0.059301
v 1.272573 -0.097475 -0.108547
v 1.765339 -0.379162 -0.077895
v 1.698184 -0.047989 -0.077895
v 1.823888 -0.238680 -0.108521
v 1.699396 -0.044547 -0.038712
v 1.763429 -0.382283 -0.038712
v 1.846056 -0.189565 -0.108521
v 1.782642 -0.345083 -0.108196
v 1.690669 -0.073068 -0.108195
v 1.858503 -0.168390 -0.108547
v 1.811321 -0.274486 -0.108547
v 1.752858 -0.287732 -0.108503
v 1.798705 -0.155554 -0.108547
v 1.818374 -0.101330 -0.092668
v 1.729484 -0.351113 -0.092668
v 1.785226 -0.192587 -0.108547
v 1.771174 -0.231820 -0.108547
v 1.822024 -0.091456 -0.059301
v 1.724267 -0.360261 -0.059301
v 1.807088 -0.132327 -0.108503
v 0.881600 0.166691 -0.077895
v 0.784737 0.111007 -0.079424
v 0.875588 0.117548 -0.108547
v 0.858384 0.067311 -0.038712
v 0.833528 0.176764 -0.038712
v 0.879630 0.133749 -0.108547
v 0.882269 0.145390 -0.108195
v 0.802951 0.102307 -0.108430
v 0.881101 0.139813 -0.108547
v 0.872775 0.103028 -0.108547
v 0.829282 0.106007 -0.108547
v 0.847951 0.143337 -0.108547
v 0.814408 0.093370 -0.093001
v 0.851118 0.163528 -0.092668
v 0.837075 0.126037 -0.108547
v 0.851000 0.147274 -0.108503
v 0.807887 0.097249 -0.059634
v 0.849134 0.174425 -0.059301
v 0.842667 0.135458 -0.108547
v 1.157650 0.118956 -0.077895
v 1.182909 -0.224791 -0.079424
v 1.186213 -0.041898 -0.108547
v 1.158398 0.122527 -0.038712
v 1.183211 -0.225433 -0.038712
v 1.186250 0.018778 -0.108547
v 1.154358 0.091869 -0.108195
v 1.169462 -0.194399 -0.108463
v 1.184867 0.048582 -0.108547
v 1.182554 -0.086337 -0.108547
v 1.167060 -0.129128 -0.108547
v 1.174339 0.040153 -0.108547
v 1.168983 -0.205292 -0.093001
v 1.172214 0.108634 -0.092668
v 1.174963 -0.005947 -0.108547
v 1.174258 -0.054680 -0.108547
v 1.174529 0.118907 -0.059301
v 1.175633 -0.214671 -0.059634
v 1.171726 0.070871 -0.108503
v 1.134085 0.115974 -0.092668
v 1.208589 0.086544 -0.106953
v 1.000037 -0.028954 -0.093001
v 0.916888 0.031374 -0.106997
v 0.921030 0.153453 -0.092668
v 0.995903 0.128817 -0.106953
v 1.082115 -0.103720 -0.093001
v 1.074849 0.114505 -0.106953
v 1.138454 -0.164544 -0.093001
v 1.204437 -0.217192 -0.092364
v 1.352741 0.059124 -0.092668
v 1.549062 -0.014402 -0.106953
v 1.933137 -0.144761 -0.092668
v 2.138879 -0.237618 -0.106953
v 1.539819 -0.261835 -0.092668
v 1.354870 -0.209866 -0.106953
v 1.925211 -0.479628 -0.092668
v 1.806965 -0.382772 -0.106953
v 2.214469 -0.311220 -0.092668
v 2.205456 -0.337848 -0.106930
v 2.211136 -0.277247 -0.092668
v 1.997625 -0.496301 -0.092668
v 0.816999 0.154681 -0.092668
v 0.834693 0.153115 -0.106930
v 1.899967 -0.211526 -0.092671
v 1.861328 -0.268403 -0.106963
v 2.081769 -0.469870 -0.092669
v 2.032781 -0.480330 -0.106930
v 0.789124 0.114718 -0.092364
v 0.815396 0.138680 -0.106953
v 1.992422 -0.407353 -0.092671
v 2.054322 -0.456009 -0.106953
v 2.184517 -0.313712 -0.092670
v 2.109182 -0.276353 -0.106953
v 0.828641 0.149231 -0.106953
v 2.209949 -0.333179 -0.106953
v 0.809275 0.130348 -0.106953
v 2.074064 -0.473874 -0.106953
v 1.814156 -0.112762 -0.106953
v 1.735816 -0.339078 -0.106953
v 0.821742 0.089009 -0.106997
v 0.853154 0.151654 -0.106953
v 1.161504 -0.194743 -0.106997
v 1.169813 0.096513 -0.106953
v 1.154596 0.104380 -0.102475
v 1.172649 -0.205199 -0.102475
v 0.838412 0.157480 -0.102475
v 0.863930 0.063955 -0.102475
v 1.773134 -0.366424 -0.102475
v 1.693233 -0.062036 -0.102475
v 2.083910 -0.472471 -0.102475
v 0.800171 0.122173 -0.102475
v 2.211624 -0.321011 -0.102475
v 0.824450 0.150896 -0.102475
v 1.875491 -0.131165 -0.102475
v 1.648360 -0.301013 -0.102475
v 2.004344 -0.238531 -0.102475
v 2.197155 -0.327610 -0.102475
v 2.163955 -0.299866 -0.102475
v 0.817075 0.145147 -0.102475
v 0.798497 0.103569 -0.102475
v 0.882317 0.151562 -0.102475
v 1.269873 0.074442 -0.102475
v 1.267587 -0.211052 -0.102475
v 2.070582 -0.464270 -0.102475
v 2.015771 -0.486186 -0.102475
v 2.193656 -0.261004 -0.102475
v 1.923335 -0.340909 -0.102475
v 2.033445 -0.442302 -0.102475
v 0.809556 0.138273 -0.102475
v 2.058058 -0.477836 -0.102475
v 1.850557 -0.221817 -0.102475
v 0.829755 0.154898 -0.102475
v 1.969618 -0.489248 -0.102475
v 2.210620 -0.289578 -0.102475
v 2.209568 -0.341097 -0.102475
v 1.862679 -0.430442 -0.102475
v 1.445052 -0.227718 -0.102475
v 2.035099 -0.191473 -0.102475
v 1.438782 0.026461 -0.102475
v 1.153787 -0.184036 -0.102475
v 1.106855 0.113262 -0.102475
v 1.113394 -0.136257 -0.102475
v 1.037102 0.125696 -0.102475
v 1.041981 -0.066016 -0.102475
v 0.958111 0.139688 -0.102475
v 0.960546 0.001719 -0.102475
v 1.182069 0.098701 -0.102475
v 1.183214 0.067482 -0.108503
v 0.958866 0.127926 -0.108503
v 1.038142 0.108420 -0.108503
v 1.108120 0.089862 -0.108503
v 1.439941 0.000935 -0.108503
v 2.020705 -0.213117 -0.108503
v 1.274499 -0.027043 -0.108547
v 2.203645 -0.304101 -0.108461
v 1.274003 -0.073466 -0.108547
v 1.864842 -0.154793 -0.108503
v 1.183193 -0.225407 -0.059489
v 2.205945 -0.255156 -0.059301
v 0.960949 0.157544 -0.059301
v 1.271095 0.045661 -0.108503
v 2.029649 -0.498584 -0.059301
v 1.042522 -0.065641 -0.059634
v 1.441820 -0.245513 -0.059301
v 0.785454 0.131673 -0.059211
v 1.444053 0.043763 -0.059301
v 0.826129 0.139959 -0.108503
v 1.040268 0.143500 -0.059301
v 1.763668 -0.381893 -0.059301
v 1.274416 0.091948 -0.059301
v 0.833648 0.176290 -0.059301
v 1.114959 -0.137004 -0.059634
v 1.855347 -0.447362 -0.059301
v 1.158305 0.122081 -0.059301
v 2.045435 -0.176384 -0.059301
v 1.110121 0.131048 -0.059301
v 2.215396 -0.332989 -0.059301
v 0.961078 0.001781 -0.059634
v 2.085445 -0.472907 -0.059303
v 0.804483 0.158259 -0.059301
v 0.858383 0.067311 -0.059634
v 2.066975 -0.465331 -0.108461
v 1.699245 -0.044977 -0.059301
v 1.270991 -0.230873 -0.059212
v 1.918989 -0.346886 -0.108506
v 1.443150 -0.105171 -0.108547
v 1.112099 -0.009106 -0.108547
v 1.041279 0.033852 -0.108547
v 0.960779 0.075815 -0.108547
v 1.185404 -0.061111 -0.108547
v 2.029626 -0.444822 -0.108503
v 1.969026 -0.507159 -0.059301
v 2.218985 -0.301388 -0.059301
v 2.179163 -0.278342 -0.108503
v 0.836566 0.149431 -0.108461
v 0.813906 0.165603 -0.059301
v 1.819005 -0.254811 -0.108543
v 1.443248 -0.063434 -0.108547
v 1.111569 0.030942 -0.108547
v 1.041008 0.065213 -0.108547
v 0.960879 0.099078 -0.108547
v 1.186379 -0.011461 -0.108547
v 2.004361 -0.238566 -0.059363
v 1.850593 -0.221880 -0.059363
v 1.923366 -0.340922 -0.059363
v 2.033432 -0.442275 -0.059362
v 2.163972 -0.299850 -0.059362
v 2.197189 -0.327608 -0.059332
v 2.070613 -0.464280 -0.059332
v 1.833035 -0.212844 -0.108509
v 0.819405 0.132734 -0.108503
v 1.183797 0.106063 -0.092668
v 0.960511 0.001743 -0.093001
v 0.959297 0.147150 -0.092668
v 1.042115 -0.065897 -0.093001
v 1.038425 0.133136 -0.092668
v 1.113786 -0.136431 -0.093001
v 1.108220 0.120695 -0.092668
v 1.156811 -0.188257 -0.093001
v 1.440985 0.033692 -0.092668
v 2.039418 -0.185168 -0.092668
v 1.443701 -0.235154 -0.092668
v 1.859615 -0.437513 -0.092668
v 2.209881 -0.341536 -0.092668
v 2.214116 -0.294513 -0.092668
v 1.969371 -0.496733 -0.092668
v 0.826582 0.161997 -0.092668
v 1.850572 -0.221843 -0.092671
v 2.063647 -0.479544 -0.092668
v 0.803672 0.143187 -0.092668
v 2.033439 -0.442291 -0.092671
v 1.923348 -0.340914 -0.092671
v 2.198792 -0.258560 -0.092668
v 2.021571 -0.491367 -0.092668
v 2.070595 -0.464274 -0.092669
v 1.269888 -0.219339 -0.092578
v 1.271772 0.081758 -0.092668
v 0.881953 0.159240 -0.092668
v 0.792499 0.107043 -0.092855
v 0.811813 0.150627 -0.092668
v 2.163962 -0.299860 -0.092671
v 2.197169 -0.327611 -0.092669
v 2.004351 -0.238546 -0.092671
v 1.645207 -0.307880 -0.092668
v 1.878226 -0.124119 -0.092668
v 0.820044 0.157042 -0.092668
v 2.213197 -0.326022 -0.092668
v 0.822163 0.171885 -0.059301
v 0.832549 0.145904 -0.108503
v 2.166577 -0.296181 -0.108503
v 2.210326 -0.342131 -0.059303
v 1.273938 0.016811 -0.108547
v 1.853861 -0.177515 -0.108543
v 2.198250 -0.324206 -0.108461
v 2.007173 -0.232975 -0.108506
v 1.442930 -0.024110 -0.108547
v 1.110623 0.067491 -0.108547
v 1.040347 0.093334 -0.108547
v 0.960628 0.119417 -0.108547
v 1.185840 0.035767 -0.108547
v 0.794152 0.126297 -0.092578
v 2.084551 -0.472653 -0.092668
v 0.810140 0.115803 -0.108498
v 1.796807 -0.310264 -0.108503
v 1.999120 -0.464913 -0.108503
v 1.176648 -0.134926 -0.108540
v 0.960722 0.036147 -0.108547
v 1.041631 -0.019634 -0.108547
v 1.112722 -0.077140 -0.108547
v 1.444574 -0.165834 -0.108503
v 1.891412 -0.387257 -0.108503
v 2.038440 -0.474285 -0.108461
v 2.071432 -0.481923 -0.059301
v 0.795477 0.150032 -0.059301
v 1.269764 -0.141613 -0.108503
v 1.659415 -0.243794 -0.108503
v 1.685041 -0.110154 -0.108547
v 1.695745 -0.054907 -0.092668
v 1.769178 -0.372889 -0.092668
v 1.677260 -0.147835 -0.108547
v 1.669021 -0.187645 -0.108547
v 1.882035 -0.114306 -0.059301
v 1.640815 -0.317445 -0.059301
v 1.688650 -0.086407 -0.108503
v 0.869777 0.085637 -0.108547
v 0.880623 0.137739 -0.108547
v 0.861166 0.065572 -0.093001
v 0.836421 0.165341 -0.092668
v 0.874329 0.111819 -0.108547
v 0.881711 0.142582 -0.108503
v 0.784221 0.111279 -0.059489
v 0.881446 0.169934 -0.059301
v 0.877633 0.125819 -0.108547
v 1.155260 -0.116980 -0.108547
v 1.158433 0.047402 -0.108547
v 1.178103 -0.213885 -0.092855
v 1.156146 0.111777 -0.092668
v 1.159216 0.003861 -0.108547
v 1.159060 -0.042720 -0.108547
v 1.186205 0.116316 -0.059301
v 1.160976 -0.193856 -0.059634
v 1.155831 0.075871 -0.108503
v 1.153914 0.099701 -0.106953
v 1.169824 -0.200598 -0.106989
v 0.839292 0.153428 -0.106947
v 0.865359 0.063134 -0.106997
v 1.775988 -0.361034 -0.106953
v 1.691854 -0.066418 -0.106953
v 2.082921 -0.472108 -0.106947
v 0.803333 0.120070 -0.106947
v 2.210572 -0.318054 -0.106947
v 0.826794 0.147794 -0.106953
v 1.873756 -0.135476 -0.106953
v 1.650311 -0.295389 -0.106953
v 2.004086 -0.238166 -0.106955
v 2.197128 -0.327409 -0.106947
v 2.164042 -0.299743 -0.106953
v 0.819858 0.142361 -0.106953
v 0.801392 0.101929 -0.106983
v 0.882465 0.147557 -0.106953
v 1.269024 0.069790 -0.106953
v 1.266337 -0.204287 -0.106953
v 2.070388 -0.464260 -0.106947
v 2.013892 -0.483249 -0.106947
v 2.190626 -0.262877 -0.106953
v 1.922948 -0.340886 -0.106955
v 2.033338 -0.442379 -0.106953
v 0.812660 0.135752 -0.106953
v 2.054783 -0.476863 -0.106947
v 1.849866 -0.221409 -0.106958
v 0.831446 0.151312 -0.106947
v 1.970960 -0.484696 -0.106953
v 2.208661 -0.287790 -0.106947
v 2.208990 -0.340172 -0.106947
v 1.865322 -0.425304 -0.106953
v 1.445671 -0.221630 -0.106953
v 2.032459 -0.195352 -0.106953
v 1.437787 0.021984 -0.106953
v 1.152368 -0.182029 -0.106997
v 1.106261 0.108777 -0.106953
v 1.113293 -0.136219 -0.106997
v 1.036519 0.121461 -0.106953
v 1.041947 -0.066059 -0.106997
v 0.957581 0.135670 -0.106953
v 0.960643 0.001709 -0.106997
v 1.181298 0.093927 -0.106953
vt 0.357778 0.270375
vt 0.356251 0.278567
vt 0.345610 0.271211
vt 0.347491 0.263210
vt 0.350957 0.297215
vt 0.340509 0.289938
vt 0.330532 0.283086
vt 0.335458 0.264286
vt 0.337673 0.256462
vt 0.397956 0.099520
vt 0.390088 0.122724
vt 0.387782 0.120442
vt 0.396280 0.097977
vt 0.383040 0.147848
vt 0.379683 0.144826
vt 0.376342 0.141921
vt 0.385431 0.118224
vt 0.394533 0.096439
vt 0.376153 0.175574
vt 0.371461 0.171693
vt 0.370034 0.202324
vt 0.363957 0.197574
vt 0.358070 0.193062
vt 0.366871 0.167989
vt 0.365379 0.224538
vt 0.358061 0.219036
vt 0.361969 0.242983
vt 0.353526 0.236830
vt 0.345431 0.231017
vt 0.351017 0.213828
vt 0.323028 0.394427
vt 0.307065 0.457513
vt 0.298582 0.451074
vt 0.314119 0.387806
vt 0.288423 0.539941
vt 0.279655 0.533668
vt 0.271168 0.527735
vt 0.290394 0.445012
vt 0.305554 0.381569
vt 0.208913 0.811917
vt 0.154775 0.862191
vt 0.144798 0.856974
vt 0.197648 0.806596
vt 0.099005 0.913890
vt 0.090865 0.908820
vt 0.083016 0.903987
vt 0.135204 0.851934
vt 0.186809 0.801406
vt 0.402092 0.328122
vt 0.387712 0.367624
vt 0.371038 0.358131
vt 0.384769 0.318075
vt 0.369597 0.421862
vt 0.353604 0.412952
vt 0.337826 0.404031
vt 0.354566 0.348590
vt 0.367626 0.307941
vt 0.061216 0.950202
vt 0.056551 0.955919
vt 0.053883 0.951161
vt 0.056892 0.945473
vt 0.053640 0.959873
vt 0.052137 0.955021
vt 0.050930 0.950703
vt 0.051249 0.946764
vt 0.052630 0.941063
vt 0.427311 0.341760
vt 0.412437 0.380993
vt 0.398366 0.373485
vt 0.413091 0.334199
vt 0.393589 0.434998
vt 0.379847 0.427506
vt 0.246041 0.740177
vt 0.234038 0.783574
vt 0.222431 0.778134
vt 0.234997 0.734531
vt 0.211235 0.772805
vt 0.224313 0.729031
vt 0.541997 0.371959
vt 0.541897 0.374954
vt 0.528747 0.373819
vt 0.527984 0.365791
vt 0.541797 0.377948
vt 0.528487 0.379248
vt 0.517977 0.378825
vt 0.516138 0.372977
vt 0.514790 0.364987
vt 0.000000 0.952261
vt 0.000153 0.930747
vt 0.018966 0.927893
vt 0.018508 0.947384
vt 0.000306 0.909232
vt 0.039431 0.893372
vt 0.055668 0.894468
vt 0.033565 0.927213
vt 0.031608 0.943661
vt 0.325462 0.117731
vt 0.336098 0.093774
vt 0.349292 0.100339
vt 0.338556 0.125037
vt 0.346734 0.069817
vt 0.361467 0.076307
vt 0.372944 0.083358
vt 0.361566 0.106426
vt 0.351143 0.130631
vt 0.338791 0.338420
vt 0.329064 0.331460
vt 0.319750 0.324903
vt 0.541997 0.920353
vt 0.531630 0.944130
vt 0.519293 0.937202
vt 0.525153 0.917442
vt 0.521263 0.967906
vt 0.511426 0.953666
vt 0.502840 0.944469
vt 0.508374 0.930897
vt 0.512530 0.914475
vt 0.515580 0.185694
vt 0.522228 0.228177
vt 0.507758 0.230503
vt 0.501063 0.188478
vt 0.528876 0.270659
vt 0.514448 0.272364
vt 0.500297 0.274339
vt 0.493519 0.232787
vt 0.486765 0.191004
vt 0.505704 0.484165
vt 0.487828 0.539832
vt 0.474958 0.537715
vt 0.492260 0.481378
vt 0.469951 0.595499
vt 0.463000 0.601735
vt 0.450589 0.601093
vt 0.462099 0.534944
vt 0.479519 0.477706
vt 0.427586 0.000000
vt 0.445663 0.003396
vt 0.442906 0.017112
vt 0.432100 0.015136
vt 0.463740 0.006793
vt 0.456407 0.019607
vt 0.451389 0.030216
vt 0.440304 0.029291
vt 0.432091 0.027949
vt 0.218868 0.487165
vt 0.233175 0.425895
vt 0.246885 0.431791
vt 0.227854 0.511544
vt 0.247483 0.364625
vt 0.262080 0.368676
vt 0.275641 0.372120
vt 0.260349 0.435623
vt 0.240852 0.517276
vt 0.417288 0.061197
vt 0.420585 0.052951
vt 0.423409 0.052392
vt 0.420699 0.061348
vt 0.421421 0.050660
vt 0.424117 0.049942
vt 0.426886 0.049264
vt 0.426314 0.051876
vt 0.424223 0.061552
vt 0.302962 0.175344
vt 0.314212 0.146538
vt 0.327823 0.151734
vt 0.317955 0.177213
vt 0.340644 0.156788
vt 0.330987 0.181781
vt 0.477335 0.757165
vt 0.477611 0.758149
vt 0.465761 0.760755
vt 0.463357 0.735388
vt 0.477886 0.759133
vt 0.474499 0.779848
vt 0.463048 0.784740
vt 0.453590 0.763938
vt 0.450773 0.735751
vt 0.263026 0.304842
vt 0.276617 0.310779
vt 0.278570 0.245059
vt 0.287913 0.266879
vt 0.300710 0.272412
vt 0.289892 0.314855
vt 0.386731 0.013558
vt 0.388766 0.012348
vt 0.395443 0.025022
vt 0.389385 0.032883
vt 0.390800 0.011138
vt 0.398767 0.022670
vt 0.404916 0.033695
vt 0.401999 0.035994
vt 0.396508 0.043798
vt 0.533326 0.298096
vt 0.519193 0.300177
vt 0.537776 0.325532
vt 0.523757 0.327142
vt 0.510014 0.328738
vt 0.505278 0.302193
vt 0.508968 0.816807
vt 0.496121 0.820515
vt 0.540050 0.874481
vt 0.517719 0.865679
vt 0.504546 0.866463
vt 0.483877 0.823516
vt 0.279798 0.241120
vt 0.284718 0.226344
vt 0.298715 0.230335
vt 0.294928 0.241599
vt 0.289637 0.211568
vt 0.303911 0.215297
vt 0.317003 0.219710
vt 0.311849 0.234537
vt 0.308170 0.245399
vt 0.077743 0.827385
vt 0.092408 0.833175
vt 0.155179 0.745538
vt 0.145518 0.776772
vt 0.156441 0.785481
vt 0.106020 0.838378
vt 0.296300 0.193456
vt 0.310197 0.197905
vt 0.323223 0.202491
vt 0.038651 0.997010
vt 0.032402 0.994174
vt 0.038380 0.982340
vt 0.042354 0.984885
vt 0.026154 0.991338
vt 0.032567 0.976126
vt 0.039769 0.966313
vt 0.043780 0.972183
vt 0.046652 0.974993
vt 0.505540 0.122971
vt 0.510560 0.154333
vt 0.496214 0.156902
vt 0.491059 0.125003
vt 0.482096 0.159425
vt 0.477162 0.127701
vt 0.498817 0.981570
vt 0.498028 0.981851
vt 0.493791 0.970159
vt 0.496896 0.968384
vt 0.497239 0.982131
vt 0.489872 0.970240
vt 0.487194 0.960232
vt 0.490415 0.960435
vt 0.492893 0.958501
vt 0.407018 0.004006
vt 0.416018 0.002070
vt 0.418532 0.015954
vt 0.413027 0.017151
vt 0.425017 0.000135
vt 0.424051 0.014828
vt 0.425080 0.027678
vt 0.420776 0.028555
vt 0.416490 0.029503
vt 0.472593 0.012638
vt 0.489067 0.067805
vt 0.477691 0.077153
vt 0.466457 0.039694
vt 0.466206 0.084902
vt 0.457205 0.052054
vt 0.479835 0.933164
vt 0.483840 0.939373
vt 0.482580 0.943563
vt 0.477662 0.938107
vt 0.486264 0.943320
vt 0.485423 0.946915
vt 0.484662 0.947164
vt 0.482192 0.944634
vt 0.477093 0.939570
vt 0.156762 0.742666
vt 0.187815 0.614916
vt 0.202077 0.618199
vt 0.179495 0.710746
vt 0.215376 0.622925
vt 0.193276 0.713651
vt 0.523750 0.431057
vt 0.510602 0.428523
vt 0.498373 0.425414
vt 0.365783 0.812299
vt 0.406880 0.854370
vt 0.395549 0.859404
vt 0.349088 0.815776
vt 0.449570 0.898380
vt 0.443063 0.904333
vt 0.441157 0.906282
vt 0.390971 0.860648
vt 0.330452 0.811493
vt 0.376584 0.496443
vt 0.363249 0.489175
vt 0.363012 0.573621
vt 0.349298 0.567918
vt 0.338486 0.563330
vt 0.353152 0.483753
vt 0.426361 0.237914
vt 0.427914 0.264449
vt 0.415006 0.255772
vt 0.414427 0.230175
vt 0.429756 0.285902
vt 0.416166 0.276859
vt 0.406220 0.270737
vt 0.405756 0.250023
vt 0.406024 0.225022
vt 0.424641 0.172930
vt 0.425181 0.205896
vt 0.414473 0.199355
vt 0.415229 0.167589
vt 0.407083 0.194939
vt 0.408882 0.163908
vt 0.426323 0.114624
vt 0.425001 0.143211
vt 0.416821 0.138918
vt 0.419519 0.111425
vt 0.411436 0.135883
vt 0.415118 0.109159
vt 0.433379 0.315591
vt 0.433304 0.323914
vt 0.419047 0.316217
vt 0.419191 0.307533
vt 0.407950 0.310034
vt 0.408262 0.301310
vt 0.471957 0.922850
vt 0.468280 0.928574
vt 0.467254 0.930375
vt 0.541023 0.897417
vt 0.526027 0.895944
vt 0.513144 0.895483
vt 0.013077 0.971800
vt 0.024939 0.963504
vt 0.035164 0.956366
vt 0.070532 0.940658
vt 0.064337 0.935793
vt 0.058312 0.931223
vt 0.414354 0.061154
vt 0.412780 0.061143
vt 0.416299 0.053863
vt 0.417909 0.053525
vt 0.411174 0.060992
vt 0.414713 0.054037
vt 0.415822 0.052301
vt 0.417187 0.051864
vt 0.418799 0.051389
vt 0.404652 0.004748
vt 0.405835 0.004377
vt 0.410121 0.017880
vt 0.407608 0.018801
vt 0.413945 0.030140
vt 0.411756 0.030887
vt 0.347608 0.750587
vt 0.348093 0.788343
vt 0.329854 0.791452
vt 0.330149 0.752109
vt 0.313467 0.790647
vt 0.315414 0.751257
vt 0.337233 0.475280
vt 0.321065 0.555967
vt 0.303840 0.548538
vt 0.321518 0.466797
vt 0.391685 0.241465
vt 0.393313 0.217344
vt 0.390964 0.261495
vt 0.375980 0.252337
vt 0.377907 0.233021
vt 0.380909 0.209780
vt 0.395963 0.188324
vt 0.399387 0.158350
vt 0.385153 0.181821
vt 0.390196 0.152897
vt 0.403422 0.131256
vt 0.408611 0.105716
vt 0.395697 0.126731
vt 0.402352 0.102362
vt 0.390460 0.299795
vt 0.391133 0.291203
vt 0.373151 0.289463
vt 0.374206 0.281039
vt 0.116448 0.937675
vt 0.174485 0.888628
vt 0.179421 0.901327
vt 0.120330 0.951692
vt 0.236969 0.841693
vt 0.241428 0.853014
vt 0.261792 0.845818
vt 0.184613 0.915090
vt 0.107435 0.984361
vt 0.282890 0.824866
vt 0.282585 0.837345
vt 0.325817 0.840879
vt 0.320965 0.852271
vt 0.303378 0.848878
vt 0.282585 0.847348
vt 0.380303 0.882086
vt 0.374815 0.894339
vt 0.430276 0.924582
vt 0.425777 0.937746
vt 0.434612 0.966557
vt 0.368995 0.907718
vt 0.458203 0.947076
vt 0.453783 0.959147
vt 0.471332 0.954998
vt 0.468754 0.966734
vt 0.466282 0.982786
vt 0.450447 0.974672
vt 0.070518 0.970685
vt 0.084783 0.962749
vt 0.089188 0.975547
vt 0.073382 0.983074
vt 0.092309 0.992181
vt 0.077184 1.000000
vt 0.052401 0.975796
vt 0.060080 0.974094
vt 0.059889 0.985389
vt 0.049312 0.985983
vt 0.059019 0.998948
vt 0.040855 0.997896
vt 0.481761 0.982458
vt 0.480817 0.969395
vt 0.480635 0.958541
vt 0.285161 0.788108
vt 0.290884 0.748648
vt 0.283935 0.797895
vt 0.235130 0.810314
vt 0.256926 0.787324
vt 0.266621 0.745719
vt 0.430388 0.062653
vt 0.426662 0.061838
vt 0.428335 0.051728
vt 0.431365 0.052035
vt 0.428807 0.049017
vt 0.431651 0.049210
vt 0.328006 0.251624
vt 0.325596 0.259398
vt 0.317283 0.256868
vt 0.319714 0.249030
vt 0.320705 0.278280
vt 0.312339 0.275836
vt 0.305717 0.253324
vt 0.472067 0.196641
vt 0.466988 0.161977
vt 0.473367 0.160864
vt 0.478532 0.195264
vt 0.461725 0.127973
vt 0.467644 0.126569
vt 0.389668 0.093401
vt 0.379890 0.115122
vt 0.372253 0.111558
vt 0.382711 0.089315
vt 0.370133 0.138607
vt 0.362207 0.135312
vt 0.484513 0.272787
vt 0.478157 0.235200
vt 0.484700 0.234132
vt 0.491052 0.272078
vt 0.359952 0.164352
vt 0.351888 0.161209
vt 0.350463 0.189076
vt 0.342328 0.186035
vt 0.494650 0.327433
vt 0.490099 0.303758
vt 0.496517 0.302872
vt 0.501008 0.327507
vt 0.342806 0.209548
vt 0.334628 0.206602
vt 0.336676 0.226502
vt 0.328460 0.223665
vt 0.500301 0.354983
vt 0.498085 0.344357
vt 0.504336 0.346516
vt 0.506488 0.359410
vt 0.512795 0.349348
vt 0.296195 0.377223
vt 0.281072 0.440725
vt 0.272360 0.438584
vt 0.287576 0.375092
vt 0.261555 0.523261
vt 0.252819 0.520736
vt 0.176233 0.795901
vt 0.125566 0.846954
vt 0.117504 0.843216
vt 0.167910 0.791427
vt 0.074651 0.899918
vt 0.067009 0.897451
vt 0.430290 0.599210
vt 0.442121 0.530325
vt 0.450536 0.532277
vt 0.438891 0.599979
vt 0.460484 0.470751
vt 0.468424 0.473833
vt 0.486376 0.869236
vt 0.465236 0.828049
vt 0.473060 0.826110
vt 0.493916 0.868049
vt 0.443838 0.790141
vt 0.451970 0.787818
vt 0.051317 0.963834
vt 0.052436 0.965789
vt 0.051129 0.969497
vt 0.049626 0.967993
vt 0.054621 0.965108
vt 0.053932 0.968941
vt 0.048675 0.976092
vt 0.047169 0.939584
vt 0.047346 0.946767
vt 0.042679 0.950629
vt 0.041155 0.941081
vt 0.048463 0.953184
vt 0.045153 0.958516
vt 0.495404 0.910049
vt 0.495142 0.895367
vt 0.502531 0.895378
vt 0.502364 0.911878
vt 0.417656 0.047111
vt 0.415644 0.047806
vt 0.412686 0.041517
vt 0.415270 0.040588
vt 0.413522 0.048778
vt 0.409984 0.042700
vt 0.408403 0.032175
vt 0.232852 0.823092
vt 0.283481 0.805869
vt 0.283233 0.813682
vt 0.234557 0.830698
vt 0.330994 0.822724
vt 0.328849 0.830147
vt 0.488394 0.947263
vt 0.489926 0.940232
vt 0.492727 0.945581
vt 0.490029 0.951488
vt 0.491835 0.930917
vt 0.496181 0.936610
vt 0.497227 0.953511
vt 0.431777 0.044743
vt 0.428752 0.044489
vt 0.428429 0.037663
vt 0.431856 0.038054
vt 0.426677 0.044744
vt 0.426045 0.037920
vt 0.427947 0.027389
vt 0.438557 0.910070
vt 0.465227 0.933631
vt 0.462309 0.938686
vt 0.435166 0.915705
vt 0.475758 0.942391
vt 0.473833 0.947013
vt 0.388082 0.865742
vt 0.384888 0.872293
vt 0.051351 0.928371
vt 0.044355 0.927669
vt 0.493773 0.921060
vt 0.499638 0.925222
vt 0.481721 0.947135
vt 0.481100 0.951240
vt 0.485472 0.949879
vt 0.485960 0.953565
vt 0.479906 0.417746
vt 0.487321 0.421780
vt 0.494595 0.379450
vt 0.501925 0.383577
vt 0.310154 0.320327
vt 0.301670 0.318047
vt 0.407640 0.057768
vt 0.399680 0.073038
vt 0.393909 0.068131
vt 0.403030 0.052123
vt 0.385779 0.060924
vt 0.449652 0.063550
vt 0.446343 0.050287
vt 0.448752 0.044642
vt 0.452840 0.058667
vt 0.442991 0.046795
vt 0.445062 0.040645
vt 0.452492 0.036746
vt 0.423654 0.045465
vt 0.422518 0.038686
vt 0.420692 0.046235
vt 0.419029 0.039511
vt 0.066091 0.957312
vt 0.077817 0.948432
vt 0.080700 0.953844
vt 0.067986 0.962236
vt 0.108504 0.922298
vt 0.111768 0.928299
vt 0.059193 0.962126
vt 0.059715 0.966457
vt 0.167434 0.871551
vt 0.170339 0.878409
vt 0.431041 0.739987
vt 0.428291 0.677019
vt 0.436833 0.676388
vt 0.439438 0.738169
vt 0.448386 0.675587
vt 0.213482 0.723666
vt 0.200256 0.767197
vt 0.191775 0.762552
vt 0.204892 0.719420
vt 0.180276 0.756293
vt 0.418994 0.046697
vt 0.416977 0.040040
vt 0.049952 0.959239
vt 0.047642 0.964335
vt 0.397726 0.007943
vt 0.403266 0.020633
vt 0.415479 0.061147
vt 0.419023 0.053276
vt 0.419915 0.051072
vt 0.105726 0.918335
vt 0.075489 0.944927
vt 0.074033 0.943559
vt 0.103709 0.916899
vt 0.064511 0.954190
vt 0.063579 0.952957
vt 0.039753 0.997453
vt 0.044771 0.985856
vt 0.345433 0.343032
vt 0.358057 0.302053
vt 0.329157 0.398810
vt 0.242416 0.786520
vt 0.253872 0.743452
vt 0.217226 0.814319
vt 0.058637 0.959387
vt 0.058016 0.958482
vt 0.055626 0.962185
vt 0.054640 0.962184
vt 0.164841 0.866094
vt 0.160954 0.865085
vt 0.312951 0.461783
vt 0.294561 0.544032
vt 0.370450 0.228240
vt 0.374301 0.205536
vt 0.367767 0.247110
vt 0.379519 0.178215
vt 0.385534 0.149924
vt 0.391884 0.124312
vt 0.399300 0.100605
vt 0.363472 0.283468
vt 0.364768 0.275156
vt 0.437351 0.045483
vt 0.438295 0.039084
vt 0.487291 0.950270
vt 0.488349 0.953915
vt 0.446983 0.066490
vt 0.437745 0.064361
vt 0.437188 0.052784
vt 0.444185 0.053711
vt 0.436779 0.049754
vt 0.441255 0.050474
vt 0.410365 0.742985
vt 0.413008 0.774336
vt 0.380924 0.781316
vt 0.379328 0.746807
vt 0.424472 0.795726
vt 0.395465 0.803950
vt 0.475517 0.875605
vt 0.487095 0.900827
vt 0.479509 0.911659
vt 0.462615 0.886819
vt 0.489107 0.913803
vt 0.484419 0.923324
vt 0.494699 0.351323
vt 0.493448 0.357166
vt 0.460389 0.338826
vt 0.460623 0.331412
vt 0.479784 0.370224
vt 0.453390 0.355842
vt 0.457245 0.128748
vt 0.462004 0.162212
vt 0.441378 0.151643
vt 0.440002 0.120895
vt 0.466849 0.196706
vt 0.443337 0.183477
vt 0.472800 0.235156
vt 0.446292 0.218871
vt 0.479076 0.272642
vt 0.449746 0.253310
vt 0.484631 0.303444
vt 0.453087 0.281734
vt 0.489151 0.326493
vt 0.456128 0.303891
vt 0.443496 0.462212
vt 0.425085 0.522728
vt 0.401088 0.509776
vt 0.418832 0.448778
vt 0.412740 0.593823
vt 0.388122 0.583891
vt 0.449950 0.834253
vt 0.428629 0.844188
vt 0.489141 0.922608
vt 0.486448 0.930793
vt 0.488929 0.928573
vt 0.487662 0.935577
vt 0.510040 0.974738
vt 0.503311 0.963357
vt 0.426301 0.000067
vt 0.427281 0.014478
vt 0.463213 0.408358
vt 0.438150 0.394821
vt 0.409208 0.675875
vt 0.381548 0.672814
vt 0.353319 0.669556
vt 0.283435 0.654566
vt 0.272442 0.651192
vt 0.265493 0.647511
vt 0.235864 0.630908
vt 0.227180 0.627532
vt 0.434083 0.769402
vt 0.442377 0.767055
vt 0.325106 0.664714
vt 0.304158 0.659731
vt 0.337837 0.667446
vt 0.155970 0.744102
vt 0.167759 0.749691
vt 0.473643 0.676332
vt 0.461029 0.675185
vt 0.255645 0.641541
vt 0.246106 0.635814
vt 0.438733 0.089335
vt 0.451710 0.094069
vt 0.428429 0.085548
vt 0.408066 0.078143
vt 0.410409 0.078999
vt 0.406906 0.077649
vt 0.455316 0.092198
vt 0.459861 0.088952
vt 0.411608 0.050760
vt 0.407642 0.044802
vt 0.423279 0.083641
vt 0.419957 0.082421
vt 0.405395 0.076938
vt 0.403824 0.076155
vt 0.468167 0.009716
vt 0.460277 0.024196
vt 0.366733 0.041687
vt 0.376431 0.052010
vt 0.415093 0.080674
vt 0.492524 0.342083
vt 0.458745 0.320507
vt 0.431751 0.303347
vt 0.374824 0.268921
vt 0.365915 0.263314
vt 0.359441 0.258811
vt 0.500432 0.362291
vt 0.506829 0.367535
vt 0.331614 0.241021
vt 0.323355 0.238316
vt 0.407236 0.288431
vt 0.390911 0.278668
vt 0.417760 0.294671
vt 0.279184 0.243090
vt 0.292648 0.248948
vt 0.539886 0.348745
vt 0.526205 0.348848
vt 0.349953 0.252076
vt 0.340882 0.245727
vt 0.336007 0.242669
vt 0.340986 0.228177
vt 0.332467 0.253245
vt 0.497184 0.359503
vt 0.490231 0.376144
vt 0.497299 0.352893
vt 0.413565 0.053446
vt 0.415211 0.051548
vt 0.409909 0.060322
vt 0.453107 0.093778
vt 0.458972 0.128828
vt 0.448042 0.065853
vt 0.428074 0.770978
vt 0.438140 0.791808
vt 0.425019 0.741090
vt 0.240737 0.632889
vt 0.266316 0.524840
vt 0.218422 0.726070
vt 0.486656 0.948564
vt 0.485203 0.948195
vt 0.487466 0.945256
vt 0.436940 0.048420
vt 0.442061 0.049543
vt 0.431736 0.047838
vt 0.051126 0.956861
vt 0.050052 0.950907
vt 0.052264 0.961849
vt 0.419885 0.049795
vt 0.421421 0.049363
vt 0.418723 0.050145
vt 0.205155 0.769826
vt 0.180964 0.798477
vt 0.422410 0.677128
vt 0.424600 0.598234
vt 0.166006 0.868085
vt 0.106842 0.919517
vt 0.232352 0.818599
vt 0.058858 0.960205
vt 0.054981 0.963329
vt 0.065095 0.955121
vt 0.076359 0.945983
vt 0.424150 0.048614
vt 0.426949 0.047908
vt 0.445141 0.052913
vt 0.402464 0.075296
vt 0.392987 0.095339
vt 0.314706 0.321797
vt 0.325229 0.279839
vt 0.300792 0.378612
vt 0.474982 0.414786
vt 0.455207 0.468436
vt 0.482068 0.945353
vt 0.476712 0.940385
vt 0.490948 0.919642
vt 0.489787 0.928488
vt 0.491933 0.909832
vt 0.054901 0.929089
vt 0.078688 0.901500
vt 0.050119 0.939260
vt 0.389668 0.862450
vt 0.331850 0.818457
vt 0.440232 0.907461
vt 0.466641 0.931374
vt 0.428886 0.047649
vt 0.488537 0.937691
vt 0.283640 0.801668
vt 0.416996 0.050719
vt 0.491257 0.896078
vt 0.482044 0.870539
vt 0.049589 0.945327
vt 0.053186 0.964021
vt 0.460204 0.829639
vt 0.436607 0.528600
vt 0.130003 0.849172
vt 0.285737 0.442119
vt 0.495083 0.343366
vt 0.491644 0.327486
vt 0.347032 0.211237
vt 0.354594 0.190763
vt 0.487059 0.304256
vt 0.481424 0.273334
vt 0.363966 0.166031
vt 0.374000 0.140297
vt 0.475035 0.235721
vt 0.468950 0.197141
vt 0.383555 0.116879
vt 0.463954 0.162515
vt 0.330096 0.261000
vt 0.357778 0.270375
vt 0.347491 0.263210
vt 0.345610 0.271211
vt 0.356251 0.278567
vt 0.340509 0.289938
vt 0.350957 0.297215
vt 0.335458 0.264286
vt 0.330532 0.283086
vt 0.337673 0.256462
vt 0.397956 0.099520
vt 0.396280 0.097977
vt 0.387782 0.120442
vt 0.390088 0.122724
vt 0.379683 0.144826
vt 0.383040 0.147848
vt 0.385431 0.118224
vt 0.376342 0.141921
vt 0.394533 0.096439
vt 0.371461 0.171693
vt 0.376153 0.175574
vt 0.363957 0.197574
vt 0.370034 0.202324
vt 0.366871 0.167989
vt 0.358070 0.193062
vt 0.358061 0.219036
vt 0.365379 0.224538
vt 0.353526 0.236830
vt 0.361969 0.242983
vt 0.351017 0.213828
vt 0.345431 0.231017
vt 0.323028 0.394427
vt 0.314119 0.387806
vt 0.298582 0.451074
vt 0.307065 0.457513
vt 0.279655 0.533668
vt 0.288423 0.539941
vt 0.290394 0.445012
vt 0.271168 0.527735
vt 0.305554 0.381569
vt 0.208913 0.811917
vt 0.197648 0.806596
vt 0.144798 0.856974
vt 0.154775 0.862191
vt 0.090865 0.908820
vt 0.099005 0.913890
vt 0.135204 0.851934
vt 0.083016 0.903987
vt 0.186809 0.801406
vt 0.402092 0.328122
vt 0.384769 0.318075
vt 0.371038 0.358131
vt 0.387712 0.367624
vt 0.353604 0.412952
vt 0.369597 0.421862
vt 0.354566 0.348590
vt 0.337826 0.404031
vt 0.367626 0.307941
vt 0.061216 0.950202
vt 0.056892 0.945473
vt 0.053883 0.951161
vt 0.056551 0.955919
vt 0.052137 0.955021
vt 0.053640 0.959873
vt 0.051249 0.946764
vt 0.050930 0.950703
vt 0.052630 0.941063
vt 0.427311 0.341760
vt 0.413091 0.334199
vt 0.398366 0.373485
vt 0.412437 0.380993
vt 0.379847 0.427506
vt 0.393589 0.434998
vt 0.246041 0.740177
vt 0.234997 0.734531
vt 0.222431 0.778134
vt 0.234038 0.783574
vt 0.211235 0.772805
vt 0.224313 0.729031
vt 0.541997 0.371959
vt 0.527984 0.365791
vt 0.528747 0.373819
vt 0.541897 0.374954
vt 0.528487 0.379248
vt 0.541797 0.377948
vt 0.516138 0.372977
vt 0.517977 0.378825
vt 0.514790 0.364987
vt 0.000000 0.952261
vt 0.018508 0.947384
vt 0.018966 0.927893
vt 0.000153 0.930747
vt 0.039431 0.893372
vt 0.000306 0.909232
vt 0.033565 0.927213
vt 0.055668 0.894468
vt 0.031608 0.943661
vt 0.325462 0.117731
vt 0.338556 0.125037
vt 0.349292 0.100339
vt 0.336098 0.093774
vt 0.361467 0.076307
vt 0.346734 0.069817
vt 0.361566 0.106426
vt 0.372944 0.083358
vt 0.351143 0.130631
vt 0.329064 0.331460
vt 0.338791 0.338420
vt 0.319750 0.324903
vt 0.541997 0.920353
vt 0.525153 0.917442
vt 0.519293 0.937202
vt 0.531630 0.944130
vt 0.511426 0.953666
vt 0.521263 0.967906
vt 0.508374 0.930897
vt 0.502840 0.944469
vt 0.512530 0.914475
vt 0.515580 0.185694
vt 0.501063 0.188478
vt 0.507758 0.230503
vt 0.522228 0.228177
vt 0.514448 0.272364
vt 0.528876 0.270659
vt 0.493519 0.232787
vt 0.500297 0.274339
vt 0.486765 0.191004
vt 0.505704 0.484165
vt 0.492260 0.481378
vt 0.474958 0.537715
vt 0.487828 0.539832
vt 0.463000 0.601735
vt 0.469951 0.595499
vt 0.462099 0.534944
vt 0.450589 0.601093
vt 0.479519 0.477706
vt 0.427586 0.000000
vt 0.432100 0.015136
vt 0.442906 0.017112
vt 0.445663 0.003396
vt 0.456407 0.019607
vt 0.463740 0.006793
vt 0.440304 0.029291
vt 0.451389 0.030216
vt 0.432091 0.027949
vt 0.218868 0.487165
vt 0.227854 0.511544
vt 0.246885 0.431791
vt 0.233175 0.425895
vt 0.262080 0.368676
vt 0.247483 0.364625
vt 0.260349 0.435623
vt 0.275641 0.372120
vt 0.240852 0.517276
vt 0.417288 0.061197
vt 0.420699 0.061348
vt 0.423409 0.052392
vt 0.420585 0.052951
vt 0.424117 0.049942
vt 0.421421 0.050660
vt 0.426314 0.051876
vt 0.426886 0.049264
vt 0.424223 0.061552
vt 0.302962 0.175344
vt 0.317955 0.177213
vt 0.327823 0.151734
vt 0.314212 0.146538
vt 0.340644 0.156788
vt 0.330987 0.181781
vt 0.477335 0.757165
vt 0.463357 0.735388
vt 0.465761 0.760755
vt 0.477611 0.758149
vt 0.474499 0.779848
vt 0.477886 0.759133
vt 0.453590 0.763938
vt 0.463048 0.784740
vt 0.450773 0.735751
vt 0.276617 0.310779
vt 0.263026 0.304842
vt 0.287913 0.266879
vt 0.278570 0.245059
vt 0.289892 0.314855
vt 0.300710 0.272412
vt 0.386731 0.013558
vt 0.389385 0.032883
vt 0.395443 0.025022
vt 0.388766 0.012348
vt 0.398767 0.022670
vt 0.390800 0.011138
vt 0.401999 0.035994
vt 0.404916 0.033695
vt 0.396508 0.043798
vt 0.519193 0.300177
vt 0.533326 0.298096
vt 0.523757 0.327142
vt 0.537776 0.325532
vt 0.505278 0.302193
vt 0.510014 0.328738
vt 0.496121 0.820515
vt 0.508968 0.816807
vt 0.517719 0.865679
vt 0.540050 0.874481
vt 0.483877 0.823516
vt 0.504546 0.866463
vt 0.279798 0.241120
vt 0.294928 0.241599
vt 0.298715 0.230335
vt 0.284718 0.226344
vt 0.303911 0.215297
vt 0.289637 0.211568
vt 0.311849 0.234537
vt 0.317003 0.219710
vt 0.308170 0.245399
vt 0.092408 0.833175
vt 0.077743 0.827385
vt 0.145518 0.776772
vt 0.155179 0.745538
vt 0.106020 0.838378
vt 0.156441 0.785481
vt 0.310197 0.197905
vt 0.296300 0.193456
vt 0.323223 0.202491
vt 0.038651 0.997010
vt 0.042354 0.984885
vt 0.038380 0.982340
vt 0.032402 0.994174
vt 0.032567 0.976126
vt 0.026154 0.991338
vt 0.043780 0.972183
vt 0.039769 0.966313
vt 0.046652 0.974993
vt 0.505540 0.122971
vt 0.491059 0.125003
vt 0.496214 0.156902
vt 0.510560 0.154333
vt 0.482096 0.159425
vt 0.477162 0.127701
vt 0.498817 0.981570
vt 0.496896 0.968384
vt 0.493791 0.970159
vt 0.498028 0.981851
vt 0.489872 0.970240
vt 0.497239 0.982131
vt 0.490415 0.960435
vt 0.487194 0.960232
vt 0.492893 0.958501
vt 0.407018 0.004006
vt 0.413027 0.017151
vt 0.418532 0.015954
vt 0.416018 0.002070
vt 0.424051 0.014828
vt 0.425017 0.000135
vt 0.420776 0.028555
vt 0.425080 0.027678
vt 0.416490 0.029503
vt 0.472593 0.012638
vt 0.466457 0.039694
vt 0.477691 0.077153
vt 0.489067 0.067805
vt 0.466206 0.084902
vt 0.457205 0.052054
vt 0.479835 0.933164
vt 0.477662 0.938107
vt 0.482580 0.943563
vt 0.483840 0.939373
vt 0.485423 0.946915
vt 0.486264 0.943320
vt 0.482192 0.944634
vt 0.484662 0.947164
vt 0.477093 0.939570
vt 0.156762 0.742666
vt 0.179495 0.710746
vt 0.202077 0.618199
vt 0.187815 0.614916
vt 0.215376 0.622925
vt 0.193276 0.713651
vt 0.510602 0.428523
vt 0.523750 0.431057
vt 0.498373 0.425414
vt 0.365783 0.812299
vt 0.349088 0.815776
vt 0.395549 0.859404
vt 0.406880 0.854370
vt 0.443063 0.904333
vt 0.449570 0.898380
vt 0.390971 0.860648
vt 0.441157 0.906282
vt 0.330452 0.811493
vt 0.363249 0.489175
vt 0.376584 0.496443
vt 0.349298 0.567918
vt 0.363012 0.573621
vt 0.353152 0.483753
vt 0.338486 0.563330
vt 0.426361 0.237914
vt 0.414427 0.230175
vt 0.415006 0.255772
vt 0.427914 0.264449
vt 0.416166 0.276859
vt 0.429756 0.285902
vt 0.405756 0.250023
vt 0.406220 0.270737
vt 0.406024 0.225022
vt 0.424641 0.172930
vt 0.415229 0.167589
vt 0.414473 0.199355
vt 0.425181 0.205896
vt 0.407083 0.194939
vt 0.408882 0.163908
vt 0.426323 0.114624
vt 0.419519 0.111425
vt 0.416821 0.138918
vt 0.425001 0.143211
vt 0.411436 0.135883
vt 0.415118 0.109159
vt 0.433379 0.315591
vt 0.419191 0.307533
vt 0.419047 0.316217
vt 0.433304 0.323914
vt 0.407950 0.310034
vt 0.408262 0.301310
vt 0.468280 0.928574
vt 0.471957 0.922850
vt 0.467254 0.930375
vt 0.526027 0.895944
vt 0.541023 0.897417
vt 0.513144 0.895483
vt 0.024939 0.963504
vt 0.013077 0.971800
vt 0.035164 0.956366
vt 0.064337 0.935793
vt 0.070532 0.940658
vt 0.058312 0.931223
vt 0.414354 0.061154
vt 0.417909 0.053525
vt 0.416299 0.053863
vt 0.412780 0.061143
vt 0.414713 0.054037
vt 0.411174 0.060992
vt 0.417187 0.051864
vt 0.415822 0.052301
vt 0.418799 0.051389
vt 0.404652 0.004748
vt 0.407608 0.018801
vt 0.410121 0.017880
vt 0.405835 0.004377
vt 0.413945 0.030140
vt 0.411756 0.030887
vt 0.347608 0.750587
vt 0.330149 0.752109
vt 0.329854 0.791452
vt 0.348093 0.788343
vt 0.313467 0.790647
vt 0.315414 0.751257
vt 0.337233 0.475280
vt 0.321065 0.555967
vt 0.321518 0.466797
vt 0.303840 0.548538
vt 0.393313 0.217344
vt 0.391685 0.241465
vt 0.390964 0.261495
vt 0.377907 0.233021
vt 0.375980 0.252337
vt 0.380909 0.209780
vt 0.399387 0.158350
vt 0.395963 0.188324
vt 0.385153 0.181821
vt 0.390196 0.152897
vt 0.408611 0.105716
vt 0.403422 0.131256
vt 0.395697 0.126731
vt 0.402352 0.102362
vt 0.391133 0.291203
vt 0.390460 0.299795
vt 0.373151 0.289463
vt 0.374206 0.281039
vt 0.116448 0.937675
vt 0.120330 0.951692
vt 0.179421 0.901327
vt 0.174485 0.888628
vt 0.241428 0.853014
vt 0.236969 0.841693
vt 0.184613 0.915090
vt 0.261792 0.845818
vt 0.107435 0.984361
vt 0.282585 0.837345
vt 0.282890 0.824866
vt 0.320965 0.852271
vt 0.325817 0.840879
vt 0.282585 0.847348
vt 0.303378 0.848878
vt 0.374815 0.894339
vt 0.380303 0.882086
vt 0.425777 0.937746
vt 0.430276 0.924582
vt 0.368995 0.907718
vt 0.434612 0.966557
vt 0.453783 0.959147
vt 0.458203 0.947076
vt 0.468754 0.966734
vt 0.471332 0.954998
vt 0.450447 0.974672
vt 0.466282 0.982786
vt 0.070518 0.970685
vt 0.073382 0.983074
vt 0.089188 0.975547
vt 0.084783 0.962749
vt 0.092309 0.992181
vt 0.077184 1.000000
vt 0.052401 0.975796
vt 0.049312 0.985983
vt 0.059889 0.985389
vt 0.060080 0.974094
vt 0.059019 0.998948
vt 0.040855 0.997896
vt 0.480817 0.969395
vt 0.481761 0.982458
vt 0.480635 0.958541
vt 0.290884 0.748648
vt 0.285161 0.788108
vt 0.283935 0.797895
vt 0.256926 0.787324
vt 0.235130 0.810314
vt 0.266621 0.745719
vt 0.430388 0.062653
vt 0.431365 0.052035
vt 0.428335 0.051728
vt 0.426662 0.061838
vt 0.428807 0.049017
vt 0.431651 0.049210
vt 0.328006 0.251624
vt 0.319714 0.249030
vt 0.317283 0.256868
vt 0.325596 0.259398
vt 0.312339 0.275836
vt 0.320705 0.278280
vt 0.305717 0.253324
vt 0.472067 0.196641
vt 0.478532 0.195264
vt 0.473367 0.160864
vt 0.466988 0.161977
vt 0.467644 0.126569
vt 0.461725 0.127973
vt 0.389668 0.093401
vt 0.382711 0.089315
vt 0.372253 0.111558
vt 0.379890 0.115122
vt 0.362207 0.135312
vt 0.370133 0.138607
vt 0.484513 0.272787
vt 0.491052 0.272078
vt 0.484700 0.234132
vt 0.478157 0.235200
vt 0.351888 0.161209
vt 0.359952 0.164352
vt 0.342328 0.186035
vt 0.350463 0.189076
vt 0.494650 0.327433
vt 0.501008 0.327507
vt 0.496517 0.302872
vt 0.490099 0.303758
vt 0.334628 0.206602
vt 0.342806 0.209548
vt 0.328460 0.223665
vt 0.336676 0.226502
vt 0.500301 0.354983
vt 0.506488 0.359410
vt 0.504336 0.346516
vt 0.498085 0.344357
vt 0.512795 0.349348
vt 0.296195 0.377223
vt 0.287576 0.375092
vt 0.272360 0.438584
vt 0.281072 0.440725
vt 0.252819 0.520736
vt 0.261555 0.523261
vt 0.176233 0.795901
vt 0.167910 0.791427
vt 0.117504 0.843216
vt 0.125566 0.846954
vt 0.067009 0.897451
vt 0.074651 0.899918
vt 0.430290 0.599210
vt 0.438891 0.599979
vt 0.450536 0.532277
vt 0.442121 0.530325
vt 0.468424 0.473833
vt 0.460484 0.470751
vt 0.486376 0.869236
vt 0.493916 0.868049
vt 0.473060 0.826110
vt 0.465236 0.828049
vt 0.451970 0.787818
vt 0.443838 0.790141
vt 0.051317 0.963834
vt 0.049626 0.967993
vt 0.051129 0.969497
vt 0.052436 0.965789
vt 0.053932 0.968941
vt 0.054621 0.965108
vt 0.048675 0.976092
vt 0.047169 0.939584
vt 0.041155 0.941081
vt 0.042679 0.950629
vt 0.047346 0.946767
vt 0.045153 0.958516
vt 0.048463 0.953184
vt 0.495404 0.910049
vt 0.502364 0.911878
vt 0.502531 0.895378
vt 0.495142 0.895367
vt 0.417656 0.047111
vt 0.415270 0.040588
vt 0.412686 0.041517
vt 0.415644 0.047806
vt 0.409984 0.042700
vt 0.413522 0.048778
vt 0.408403 0.032175
vt 0.232852 0.823092
vt 0.234557 0.830698
vt 0.283233 0.813682
vt 0.283481 0.805869
vt 0.328849 0.830147
vt 0.330994 0.822724
vt 0.488394 0.947263
vt 0.490029 0.951488
vt 0.492727 0.945581
vt 0.489926 0.940232
vt 0.496181 0.936610
vt 0.491835 0.930917
vt 0.497227 0.953511
vt 0.431777 0.044743
vt 0.431856 0.038054
vt 0.428429 0.037663
vt 0.428752 0.044489
vt 0.426045 0.037920
vt 0.426677 0.044744
vt 0.427947 0.027389
vt 0.438557 0.910070
vt 0.435166 0.915705
vt 0.462309 0.938686
vt 0.465227 0.933631
vt 0.473833 0.947013
vt 0.475758 0.942391
vt 0.384888 0.872293
vt 0.388082 0.865742
vt 0.044355 0.927669
vt 0.051351 0.928371
vt 0.499638 0.925222
vt 0.493773 0.921060
vt 0.481100 0.951240
vt 0.481721 0.947135
vt 0.485960 0.953565
vt 0.485472 0.949879
vt 0.487321 0.421780
vt 0.479906 0.417746
vt 0.501925 0.383577
vt 0.494595 0.379450
vt 0.301670 0.318047
vt 0.310154 0.320327
vt 0.407640 0.057768
vt 0.403030 0.052123
vt 0.393909 0.068131
vt 0.399680 0.073038
vt 0.385779 0.060924
vt 0.449652 0.063550
vt 0.452840 0.058667
vt 0.448752 0.044642
vt 0.446343 0.050287
vt 0.445062 0.040645
vt 0.442991 0.046795
vt 0.452492 0.036746
vt 0.422518 0.038686
vt 0.423654 0.045465
vt 0.419029 0.039511
vt 0.420692 0.046235
vt 0.066091 0.957312
vt 0.067986 0.962236
vt 0.080700 0.953844
vt 0.077817 0.948432
vt 0.111768 0.928299
vt 0.108504 0.922298
vt 0.059715 0.966457
vt 0.059193 0.962126
vt 0.170339 0.878409
vt 0.167434 0.871551
vt 0.431041 0.739987
vt 0.439438 0.738169
vt 0.436833 0.676388
vt 0.428291 0.677019
vt 0.448386 0.675587
vt 0.213482 0.723666
vt 0.204892 0.719420
vt 0.191775 0.762552
vt 0.200256 0.767197
vt 0.180276 0.756293
vt 0.416977 0.040040
vt 0.418994 0.046697
vt 0.047642 0.964335
vt 0.049952 0.959239
vt 0.403266 0.020633
vt 0.397726 0.007943
vt 0.419023 0.053276
vt 0.415479 0.061147
vt 0.419915 0.051072
vt 0.105726 0.918335
vt 0.103709 0.916899
vt 0.074033 0.943559
vt 0.075489 0.944927
vt 0.063579 0.952957
vt 0.064511 0.954190
vt 0.044771 0.985856
vt 0.039753 0.997453
vt 0.358057 0.302053
vt 0.345433 0.343032
vt 0.329157 0.398810
vt 0.253872 0.743452
vt 0.242416 0.786520
vt 0.217226 0.814319
vt 0.058016 0.958482
vt 0.058637 0.959387
vt 0.054640 0.962184
vt 0.055626 0.962185
vt 0.160954 0.865085
vt 0.164841 0.866094
vt 0.312951 0.461783
vt 0.294561 0.544032
vt 0.374301 0.205536
vt 0.370450 0.228240
vt 0.367767 0.247110
vt 0.385534 0.149924
vt 0.379519 0.178215
vt 0.399300 0.100605
vt 0.391884 0.124312
vt 0.364768 0.275156
vt 0.363472 0.283468
vt 0.438295 0.039084
vt 0.437351 0.045483
vt 0.488349 0.953915
vt 0.487291 0.950270
vt 0.446983 0.066490
vt 0.444185 0.053711
vt 0.437188 0.052784
vt 0.437745 0.064361
vt 0.436779 0.049754
vt 0.441255 0.050474
vt 0.410365 0.742985
vt 0.379328 0.746807
vt 0.380924 0.781316
vt 0.413008 0.774336
vt 0.395465 0.803950
vt 0.424472 0.795726
vt 0.475517 0.875605
vt 0.462615 0.886819
vt 0.479509 0.911659
vt 0.487095 0.900827
vt 0.484419 0.923324
vt 0.489107 0.913803
vt 0.494699 0.351323
vt 0.460623 0.331412
vt 0.460389 0.338826
vt 0.493448 0.357166
vt 0.453390 0.355842
vt 0.479784 0.370224
vt 0.457245 0.128748
vt 0.440002 0.120895
vt 0.441378 0.151643
vt 0.462004 0.162212
vt 0.443337 0.183477
vt 0.466849 0.196706
vt 0.446292 0.218871
vt 0.472800 0.235156
vt 0.449746 0.253310
vt 0.479076 0.272642
vt 0.453087 0.281734
vt 0.484631 0.303444
vt 0.456128 0.303891
vt 0.489151 0.326493
vt 0.443496 0.462212
vt 0.418832 0.448778
vt 0.401088 0.509776
vt 0.425085 0.522728
vt 0.388122 0.583891
vt 0.412740 0.593823
vt 0.428629 0.844188
vt 0.449950 0.834253
vt 0.486448 0.930793
vt 0.489141 0.922608
vt 0.487662 0.935577
vt 0.488929 0.928573
vt 0.503311 0.963357
vt 0.510040 0.974738
vt 0.427281 0.014478
vt 0.426301 0.000067
vt 0.438150 0.394821
vt 0.463213 0.408358
vt 0.381548 0.672814
vt 0.409208 0.675875
vt 0.353319 0.669556
vt 0.272442 0.651192
vt 0.283435 0.654566
vt 0.265493 0.647511
vt 0.227180 0.627532
vt 0.235864 0.630908
vt 0.442377 0.767055
vt 0.434083 0.769402
vt 0.304158 0.659731
vt 0.325106 0.664714
vt 0.337837 0.667446
vt 0.167759 0.749691
vt 0.155970 0.744102
vt 0.461029 0.675185
vt 0.473643 0.676332
vt 0.255645 0.641541
vt 0.246106 0.635814
vt 0.451710 0.094069
vt 0.438733 0.089335
vt 0.428429 0.085548
vt 0.410409 0.078999
vt 0.408066 0.078143
vt 0.406906 0.077649
vt 0.459861 0.088952
vt 0.455316 0.092198
vt 0.407642 0.044802
vt 0.411608 0.050760
vt 0.423279 0.083641
vt 0.419957 0.082421
vt 0.405395 0.076938
vt 0.403824 0.076155
vt 0.460277 0.024196
vt 0.468167 0.009716
vt 0.376431 0.052010
vt 0.366733 0.041687
vt 0.415093 0.080674
vt 0.458745 0.320507
vt 0.492524 0.342083
vt 0.431751 0.303347
vt 0.365915 0.263314
vt 0.374824 0.268921
vt 0.359441 0.258811
vt 0.506829 0.367535
vt 0.500432 0.362291
vt 0.323355 0.238316
vt 0.331614 0.241021
vt 0.390911 0.278668
vt 0.407236 0.288431
vt 0.417760 0.294671
vt 0.292648 0.248948
vt 0.279184 0.243090
vt 0.526205 0.348848
vt 0.539886 0.348745
vt 0.349953 0.252076
vt 0.340882 0.245727
vt 0.340986 0.228177
vt 0.336007 0.242669
vt 0.332467 0.253245
vt 0.490231 0.376144
vt 0.497184 0.359503
vt 0.497299 0.352893
vt 0.415211 0.051548
vt 0.413565 0.053446
vt 0.409909 0.060322
vt 0.458972 0.128828
vt 0.453107 0.093778
vt 0.448042 0.065853
vt 0.438140 0.791808
vt 0.428074 0.770978
vt 0.425019 0.741090
vt 0.266316 0.524840
vt 0.240737 0.632889
vt 0.218422 0.726070
vt 0.485203 0.948195
vt 0.486656 0.948564
vt 0.487466 0.945256
vt 0.442061 0.049543
vt 0.436940 0.048420
vt 0.431736 0.047838
vt 0.050052 0.950907
vt 0.051126 0.956861
vt 0.052264 0.961849
vt 0.421421 0.049363
vt 0.419885 0.049795
vt 0.418723 0.050145
vt 0.205155 0.769826
vt 0.180964 0.798477
vt 0.422410 0.677128
vt 0.424600 0.598234
vt 0.106842 0.919517
vt 0.166006 0.868085
vt 0.232352 0.818599
vt 0.054981 0.963329
vt 0.058858 0.960205
vt 0.065095 0.955121
vt 0.076359 0.945983
vt 0.426949 0.047908
vt 0.424150 0.048614
vt 0.445141 0.052913
vt 0.402464 0.075296
vt 0.392987 0.095339
vt 0.325229 0.279839
vt 0.314706 0.321797
vt 0.300792 0.378612
vt 0.455207 0.468436
vt 0.474982 0.414786
vt 0.476712 0.940385
vt 0.482068 0.945353
vt 0.489787 0.928488
vt 0.490948 0.919642
vt 0.491933 0.909832
vt 0.078688 0.901500
vt 0.054901 0.929089
vt 0.050119 0.939260
vt 0.331850 0.818457
vt 0.389668 0.862450
vt 0.440232 0.907461
vt 0.466641 0.931374
vt 0.428886 0.047649
vt 0.488537 0.937691
vt 0.283640 0.801668
vt 0.416996 0.050719
vt 0.491257 0.896078
vt 0.482044 0.870539
vt 0.049589 0.945327
vt 0.053186 0.964021
vt 0.460204 0.829639
vt 0.436607 0.528600
vt 0.130003 0.849172
vt 0.285737 0.442119
vt 0.495083 0.343366
vt 0.491644 0.327486
vt 0.354594 0.190763
vt 0.347032 0.211237
vt 0.487059 0.304256
vt 0.481424 0.273334
vt 0.374000 0.140297
vt 0.363966 0.166031
vt 0.475035 0.235721
vt 0.468950 0.197141
vt 0.383555 0.116879
vt 0.463954 0.162515
vt 0.330096 0.261000
vn 0.0004 0.0012 1.0000
vn 0.0003 0.0012 1.0000
vn 0.0027 0.0101 0.9999
vn 0.0029 0.0104 0.9999
vn 0.0027 0.0104 0.9999
vn 0.0227 0.0842 0.9962
vn 0.0211 0.0825 0.9964
vn 0.0196 0.0843 0.9962
vn 0.0012 0.0061 1.0000
vn 0.0011 0.0046 1.0000
vn 0.0079 0.0374 0.9993
vn 0.0089 0.0488 0.9988
vn 0.0009 0.0034 1.0000
vn 0.0064 0.0279 0.9996
vn 0.0363 0.1867 0.9817
vn 0.0422 0.2287 0.9726
vn 0.0447 0.2701 0.9618
vn 0.0007 0.0026 1.0000
vn 0.0050 0.0212 0.9998
vn 0.0006 0.0020 1.0000
vn 0.0041 0.0170 0.9998
vn 0.0254 0.1272 0.9915
vn 0.0301 0.1521 0.9879
vn 0.0005 0.0017 1.0000
vn 0.0036 0.0143 0.9999
vn 0.0005 0.0015 1.0000
vn 0.0033 0.0125 0.9999
vn 0.0209 0.0984 0.9949
vn 0.0225 0.1103 0.9936
vn 0.0004 0.0015 1.0000
vn 0.0005 0.0016 1.0000
vn 0.0040 0.0129 0.9999
vn 0.0033 0.0122 0.9999
vn 0.0045 0.0129 0.9999
vn 0.0352 0.1010 0.9943
vn 0.0313 0.1010 0.9944
vn 0.0269 0.0962 0.9950
vn 0.0001 0.0000 1.0000
vn -0.0002 -0.0007 1.0000
vn 0.0045 0.0118 0.9999
vn 0.0044 0.0116 0.9999
vn -0.0004 -0.0009 1.0000
vn 0.0051 0.0121 0.9999
vn 0.0420 0.0972 0.9944
vn 0.0362 0.0940 0.9949
vn 0.0347 0.0922 0.9951
vn 0.0000 0.0000 1.0000
vn 0.0011 -0.0013 1.0000
vn 0.0194 -0.0049 0.9998
vn 0.0409 0.0041 0.9992
vn 0.0154 0.0099 0.9998
vn 0.2163 -0.0212 0.9761
vn 0.3010 -0.0072 0.9536
vn 0.3344 0.0228 0.9422
vn 0.2588 0.0579 0.9642
vn 0.1331 0.0819 0.9877
vn 0.0001 -0.0004 1.0000
vn -0.0000 -0.0005 1.0000
vn -0.0001 -0.0005 1.0000
vn 0.0005 0.0014 1.0000
vn 0.0004 0.0009 1.0000
vn 0.0046 0.0118 0.9999
vn 0.0348 0.0918 0.9952
vn 0.0358 0.0937 0.9950
vn -0.8176 -0.5757 -0.0000
vn -0.7003 -0.7138 0.0011
vn -0.6755 -0.7371 0.0190
vn -0.8169 -0.5768 0.0007
vn -0.2984 -0.9544 0.0088
vn -0.2737 -0.9602 0.0562
vn -0.1821 -0.9366 0.2994
vn -0.4835 -0.8183 0.3108
vn -0.7906 -0.6086 0.0675
vn 0.9666 0.2559 0.0124
vn 0.7487 0.6628 0.0160
vn 0.7436 0.6651 0.0685
vn 0.9637 0.2617 0.0533
vn 0.4647 0.8853 0.0190
vn 0.4617 0.8832 0.0820
vn 0.4388 0.8582 0.2664
vn 0.7104 0.6679 0.2218
vn 0.9418 0.2875 0.1742
vn 0.1743 0.9844 0.0221
vn 0.1677 0.9856 0.0221
vn 0.1670 0.9813 0.0959
vn 0.1735 0.9801 0.0959
vn 0.1541 0.9878 0.0221
vn 0.1534 0.9835 0.0958
vn 0.1467 0.9395 0.3097
vn 0.1596 0.9373 0.3099
vn 0.1657 0.9361 0.3102
vn 0.0003 0.0013 1.0000
vn 0.0029 0.0112 0.9999
vn 0.0244 0.0895 0.9957
vn 0.1447 -0.9893 0.0205
vn 0.2877 -0.9575 0.0191
vn 0.2834 -0.9555 0.0820
vn 0.1422 -0.9859 0.0886
vn 0.3804 -0.9247 0.0165
vn 0.3713 -0.9259 0.0701
vn 0.3281 -0.9183 0.2216
vn 0.2582 -0.9291 0.2648
vn 0.1275 -0.9495 0.2868
vn -0.6318 -0.7752 -0.0000
vn -0.6738 -0.7389 -0.0000
vn -0.6737 -0.7390 -0.0015
vn -0.6317 -0.7752 -0.0018
vn -0.7077 -0.7065 -0.0000
vn -0.7078 -0.7065 -0.0016
vn -0.7080 -0.7051 -0.0383
vn -0.6733 -0.7386 -0.0346
vn -0.6302 -0.7755 -0.0380
vn -0.0851 -0.9961 0.0220
vn -0.1963 -0.9803 0.0222
vn -0.1955 -0.9759 0.0967
vn -0.0850 -0.9916 0.0976
vn -0.3351 -0.9419 0.0222
vn -0.3336 -0.9378 0.0963
vn -0.3183 -0.8951 0.3123
vn -0.1868 -0.9311 0.3133
vn -0.0826 -0.9442 0.3189
vn -0.8762 0.4815 0.0213
vn -0.8845 0.4662 0.0182
vn -0.8784 0.4700 0.0864
vn -0.8716 0.4812 0.0939
vn -0.9739 -0.2266 0.0108
vn -0.9768 -0.2057 0.0590
vn -0.9577 -0.1617 0.2382
vn -0.8433 0.4396 0.3091
vn -0.8313 0.4637 0.3063
vn 0.3263 0.9450 0.0221
vn 0.2938 0.9556 0.0221
vn 0.2925 0.9514 0.0959
vn 0.3249 0.9409 0.0959
vn 0.2730 0.9618 0.0221
vn 0.2718 0.9576 0.0959
vn 0.2596 0.9146 0.3101
vn 0.2794 0.9088 0.3098
vn 0.3104 0.8987 0.3098
vn -0.0012 0.0010 1.0000
vn -0.0292 0.0335 0.9990
vn -0.0270 0.0302 0.9992
vn -0.0011 0.0009 1.0000
vn -0.2103 0.2619 0.9419
vn -0.2056 0.2494 0.9463
vn -0.2144 0.2267 0.9501
vn -0.0262 0.0260 0.9993
vn -0.0011 0.0008 1.0000
vn 0.1755 0.9842 0.0221
vn 0.1752 0.9843 0.0221
vn 0.1745 0.9800 0.0959
vn 0.1747 0.9799 0.0959
vn 0.1666 0.9360 0.3102
vn 0.1669 0.9359 0.3102
vn -0.4688 -0.8830 0.0222
vn -0.5280 -0.8489 0.0222
vn -0.5257 -0.8452 0.0965
vn -0.4667 -0.8792 0.0960
vn -0.5792 -0.8149 0.0222
vn -0.5767 -0.8113 0.0960
vn -0.5508 -0.7748 0.3105
vn -0.5016 -0.8067 0.3125
vn -0.4456 -0.8396 0.3106
vn 0.2687 0.9630 0.0221
vn 0.2675 0.9588 0.0959
vn 0.2650 0.9640 0.0221
vn 0.2638 0.9598 0.0959
vn 0.2520 0.9167 0.3101
vn 0.2555 0.9157 0.3102
vn 0.1285 0.9915 0.0222
vn -0.0226 0.9995 0.0231
vn -0.0220 0.9948 0.0992
vn 0.1280 0.9871 0.0960
vn -0.3521 0.9357 0.0235
vn -0.3481 0.9320 0.1008
vn -0.3240 0.8899 0.3211
vn -0.0156 0.9483 0.3171
vn 0.1226 0.9427 0.3103
vn -0.7414 -0.6711 -0.0000
vn -0.7413 -0.6712 -0.0015
vn -0.7806 -0.6250 0.0000
vn -0.7806 -0.6250 -0.0013
vn -0.7803 -0.6249 -0.0247
vn -0.7394 -0.6724 -0.0333
vn -0.5607 -0.8278 0.0220
vn -0.5583 -0.8242 0.0953
vn -0.4428 -0.8964 0.0219
vn -0.4411 -0.8925 0.0945
vn -0.4243 -0.8529 0.3042
vn -0.5342 -0.7873 0.3078
vn 0.2043 0.9787 0.0222
vn 0.1894 0.9817 0.0221
vn 0.1886 0.9774 0.0959
vn 0.2034 0.9744 0.0959
vn 0.1832 0.9828 0.0221
vn 0.1824 0.9785 0.0959
vn 0.1742 0.9346 0.3101
vn 0.1801 0.9335 0.3101
vn 0.1943 0.9307 0.3099
vn 0.3737 0.9273 0.0213
vn 0.3719 0.9237 0.0922
vn 0.3543 0.9349 0.0221
vn 0.3527 0.9308 0.0955
vn 0.3368 0.8894 0.3090
vn 0.3547 0.8859 0.2989
vn 0.1776 0.9838 0.0221
vn 0.1769 0.9795 0.0959
vn 0.1689 0.9356 0.3101
vn 0.8391 -0.5440 0.0055
vn 0.9519 -0.3063 0.0084
vn 0.9573 -0.2871 0.0348
vn 0.8587 -0.5120 0.0226
vn 0.9911 -0.1327 0.0097
vn 0.9912 -0.1257 0.0409
vn 0.9872 -0.0932 0.1292
vn 0.9701 -0.2189 0.1048
vn 0.9128 -0.4027 0.0674
vn -0.5463 -0.8376 -0.0000
vn -0.5851 -0.8110 -0.0000
vn -0.5851 -0.8110 -0.0019
vn -0.5465 -0.8375 -0.0014
vn -0.5855 -0.8098 -0.0376
vn -0.5483 -0.8358 -0.0298
vn 0.5736 -0.8191 0.0064
vn 0.9999 -0.0111 0.0033
vn 0.9995 -0.0296 0.0142
vn 0.5493 -0.8352 0.0264
vn 0.5518 0.8340 0.0003
vn 0.5542 0.8324 0.0012
vn 0.5648 0.8252 0.0044
vn 0.9942 -0.0967 0.0470
vn 0.4622 -0.8831 0.0801
vn -0.6142 0.7889 0.0221
vn -0.6248 0.7804 0.0222
vn -0.6221 0.7770 0.0960
vn -0.6115 0.7854 0.0959
vn -0.6849 0.7283 0.0224
vn -0.6820 0.7250 0.0966
vn -0.6511 0.6923 0.3111
vn -0.5943 0.7420 0.3102
vn -0.5840 0.7501 0.3102
vn -0.5100 -0.8602 -0.0000
vn -0.5109 -0.8596 -0.0000
vn -0.5110 -0.8596 -0.0005
vn -0.5101 -0.8601 0.0002
vn -0.5123 -0.8587 -0.0094
vn -0.5137 -0.8579 0.0091
vn 0.0013 -0.0014 1.0000
vn 0.0078 -0.0261 0.9996
vn 0.0367 0.0443 0.9983
vn 0.0292 0.0488 0.9984
vn 0.0513 -0.2687 0.9619
vn 0.1636 -0.0884 0.9826
vn 0.3397 0.5288 0.7778
vn 0.2749 0.5297 0.8024
vn 0.2764 0.4758 0.8350
vn 0.3548 0.9347 0.0221
vn 0.3480 0.9373 0.0221
vn 0.3464 0.9332 0.0959
vn 0.3533 0.9306 0.0959
vn 0.3309 0.8913 0.3100
vn 0.3374 0.8888 0.3102
vn -0.0302 -0.9994 0.0182
vn -0.0280 -0.9956 0.0889
vn -0.0295 -0.9430 0.3316
vn 0.0002 0.0000 1.0000
vn 0.0004 0.0003 1.0000
vn 0.0184 0.0190 0.9996
vn 0.0102 0.0092 0.9999
vn 0.0005 0.0005 1.0000
vn 0.0247 0.0281 0.9993
vn 0.2861 0.3195 0.9034
vn 0.1949 0.1895 0.9623
vn 0.0925 0.0344 0.9951
vn -0.0002 -0.0006 1.0000
vn 0.0002 -0.0002 1.0000
vn 0.0005 0.0004 1.0000
vn 0.0269 0.0367 0.9990
vn 0.2932 0.3936 0.8713
vn -0.1526 -0.9880 0.0218
vn -0.1530 -0.9838 0.0934
vn -0.1522 -0.9418 0.2999
vn 0.9999 0.0103 0.0103
vn 0.9989 0.0149 0.0443
vn 0.9889 0.0375 0.1437
vn -0.0004 -0.0007 1.0000
vn 0.0077 0.0121 0.9999
vn 0.0673 0.0982 0.9929
vn 0.0000 0.0096 1.0000
vn 0.0086 0.0675 0.9977
vn -0.0190 0.0938 0.9954
vn -0.0300 0.0450 0.9985
vn 0.0436 0.3208 0.9461
vn 0.0089 0.3569 0.9341
vn -0.1231 0.4138 0.9020
vn -0.1992 0.3218 0.9256
vn -0.2151 0.2810 0.9353
vn -0.6066 0.7947 0.0222
vn -0.6127 0.7900 0.0221
vn -0.6100 0.7866 0.0959
vn -0.6039 0.7913 0.0960
vn -0.5826 0.7512 0.3102
vn -0.5763 0.7560 0.3104
vn -0.0002 -0.0005 1.0000
vn -0.0000 -0.0003 1.0000
vn 0.0033 0.0022 1.0000
vn 0.0002 0.0002 1.0000
vn 0.0062 0.0014 1.0000
vn 0.0003 0.0001 1.0000
vn -0.3663 -0.9305 0.0000
vn -0.2959 -0.9552 0.0005
vn -0.2958 -0.9552 0.0001
vn -0.3662 -0.9305 0.0000
vn -0.0236 -0.9997 0.0010
vn -0.0236 -0.9997 0.0003
vn -0.0236 -0.9997 0.0001
vn -0.2958 -0.9552 0.0000
vn 0.8486 -0.5290 0.0012
vn 0.8486 -0.5291 0.0003
vn 0.8891 0.4578 0.0003
vn 0.8891 0.4578 0.0001
vn 0.8891 0.4578 0.0000
vn 0.8486 -0.5291 0.0001
vn 0.7296 0.6839 0.0002
vn 0.7296 0.6839 0.0001
vn 0.6711 0.7413 0.0003
vn 0.6711 0.7413 0.0001
vn 0.6711 0.7413 0.0000
vn 0.7296 0.6839 0.0000
vn 0.5984 0.8012 0.0002
vn 0.5984 0.8012 0.0001
vn 0.5023 0.8647 0.0001
vn 0.5024 0.8647 0.0000
vn 0.5023 0.8647 0.0000
vn 0.5984 0.8012 0.0000
vn -0.6538 -0.7567 -0.0005
vn -0.4774 -0.8787 -0.0003
vn -0.4773 -0.8787 -0.0001
vn -0.6538 -0.7567 -0.0002
vn -0.4773 -0.8787 -0.0000
vn -0.6538 -0.7566 -0.0000
vn -0.7053 -0.7090 0.0010
vn -0.7602 -0.6497 -0.0007
vn -0.7600 -0.6499 -0.0002
vn -0.7094 -0.7048 0.0003
vn -0.7600 -0.6499 -0.0000
vn -0.7103 -0.7039 0.0001
vn 0.4514 0.8923 0.0000
vn 0.4515 0.8922 0.0001
vn 0.4519 0.8921 0.0004
vn 0.0048 -0.0025 1.0000
vn 0.0003 -0.0001 1.0000
vn 0.0439 -0.0228 0.9988
vn 0.0106 -0.0858 0.9963
vn 0.0015 -0.0057 1.0000
vn 0.0001 -0.0003 1.0000
vn -0.0011 0.0004 1.0000
vn -0.0011 0.0006 1.0000
vn -0.0269 0.0197 0.9994
vn -0.0262 0.0146 0.9995
vn -0.2371 0.1815 0.9544
vn -0.2411 0.1432 0.9599
vn 0.1518 0.7246 0.6722
vn 0.1771 0.7183 0.6728
vn 0.2030 0.8236 0.5296
vn 0.1733 0.8302 0.5298
vn 0.1961 0.7141 0.6720
vn 0.2248 0.8177 0.5300
vn 0.2275 0.9232 0.3097
vn -0.6386 -0.7695 -0.0061
vn -0.5884 -0.8086 0.0028
vn -0.5865 -0.8091 -0.0379
vn -0.6384 -0.7686 -0.0416
vn -0.5421 -0.8403 0.0068
vn -0.5386 -0.8423 -0.0231
vn 0.1194 0.7609 0.6378
vn 0.1294 0.7564 0.6412
vn 0.1425 0.8361 0.5297
vn 0.1311 0.8382 0.5294
vn 0.1336 0.7517 0.6458
vn 0.1479 0.8350 0.5300
vn -0.7021 -0.7118 -0.0208
vn -0.6745 -0.7381 -0.0160
vn -0.6732 -0.7382 -0.0437
vn -0.7005 -0.7121 -0.0482
vn 0.1336 0.7470 0.6512
vn 0.1486 0.8348 0.5301
vn 0.1330 0.7423 0.6567
vn 0.1488 0.8348 0.5301
vn -0.7670 -0.6417 0.0054
vn -0.7323 -0.6809 -0.0115
vn -0.7351 -0.6768 -0.0409
vn -0.7712 -0.6362 -0.0236
vn 0.1339 0.7378 0.6616
vn 0.1507 0.8345 0.5300
vn 0.1374 0.7333 0.6659
vn 0.1554 0.8337 0.5299
vn -0.7160 -0.6791 0.1618
vn -0.7995 -0.6006 0.0076
vn -0.8057 -0.5922 -0.0135
vn -0.7483 -0.6528 0.1177
vn -0.8132 -0.5819 -0.0103
vn 0.2034 0.7173 0.6665
vn 0.2195 0.7147 0.6641
vn 0.2493 0.8107 0.5297
vn 0.2316 0.8158 0.5300
vn 0.2441 0.7072 0.6635
vn 0.2769 0.8017 0.5297
vn 0.2636 0.6985 0.6653
vn 0.2763 0.7062 0.6518
vn 0.3157 0.7974 0.5142
vn 0.3002 0.7941 0.5285
vn 0.3341 0.7236 0.6039
vn 0.3877 0.7958 0.4652
vn -0.2354 -0.6591 0.7143
vn -0.1382 -0.6804 0.7196
vn -0.1666 -0.8291 0.5336
vn -0.2834 -0.7977 0.5323
vn -0.0637 -0.6825 0.7281
vn -0.0758 -0.8373 0.5415
vn -0.3369 -0.6461 0.6849
vn -0.4034 -0.5884 0.7007
vn -0.4785 -0.7024 0.5269
vn -0.3856 -0.7607 0.5221
vn -0.4081 -0.5731 0.7106
vn -0.4912 -0.6909 0.5304
vn 0.9764 -0.1404 0.1641
vn 0.3609 -0.9188 0.1596
vn 0.2817 -0.9570 0.0692
vn 0.9626 -0.2489 0.1074
vn -0.6811 -0.7316 0.0296
vn -0.6970 -0.7171 0.0027
vn 0.1759 -0.9837 0.0375
vn 0.8096 0.4220 0.4080
vn 0.9347 0.1641 0.3153
vn 0.9646 0.0902 0.2479
vn 0.8874 0.3453 0.3055
vn 0.9627 0.0238 0.2696
vn 0.9756 -0.0336 0.2168
vn 0.0585 -0.7848 0.6170
vn -0.1498 -0.7350 0.6613
vn -0.1490 -0.8433 0.5164
vn 0.0959 -0.8634 0.4953
vn -0.4678 0.6163 0.6335
vn -0.4209 0.6439 0.6389
vn -0.4689 0.7028 0.5350
vn -0.5133 0.6747 0.5304
vn -0.2303 0.7208 0.6538
vn -0.2733 0.7911 0.5472
vn -0.5327 0.7863 0.3132
vn -0.0439 -0.9962 0.0750
vn 0.8399 -0.5238 0.1422
vn 0.8485 -0.5291 0.0023
vn -0.0237 -0.9997 0.0018
vn 0.8799 0.4700 0.0696
vn 0.8891 0.4577 0.0006
vn 0.2263 -0.9575 0.1787
vn 0.1933 -0.9307 0.3105
vn 0.2789 -0.9264 0.2531
vn 0.3304 -0.9348 0.1302
vn 0.1809 -0.8735 0.4520
vn 0.2497 -0.8921 0.3766
vn 0.3842 -0.9106 0.1521
vn -0.6698 0.3930 0.6300
vn -0.6125 0.4657 0.6388
vn -0.6784 0.5081 0.5307
vn -0.7406 0.4215 0.5233
vn -0.5267 0.5614 0.6383
vn -0.5795 0.6174 0.5320
vn -0.7647 0.5651 0.3097
vn 0.6708 0.7413 0.0194
vn 0.5979 0.8015 0.0143
vn 0.5983 0.8013 0.0004
vn 0.6711 0.7413 0.0005
vn 0.5018 0.8649 0.0111
vn 0.5022 0.8647 0.0003
vn 0.7281 0.6846 0.0355
vn 0.7296 0.6839 0.0004
vn 0.5400 0.6638 0.5174
vn 0.6330 0.6693 0.3890
vn 0.1516 -0.8189 0.5535
vn 0.2050 -0.8660 0.4561
vn 0.4532 0.8914 0.0097
vn 0.4526 0.8917 0.0007
vn 0.6185 0.7849 0.0369
vn 0.5862 0.8101 0.0092
vn -0.0330 -0.6723 0.7395
vn -0.0352 -0.8237 0.5659
vn -0.0465 -0.6833 0.7287
vn -0.0437 -0.8038 0.5933
vn 0.1995 0.7155 0.6695
vn 0.2279 0.8168 0.5301
vn 0.1014 0.7654 0.6355
vn 0.1099 0.7638 0.6360
vn 0.1205 0.8396 0.5296
vn 0.1103 0.8407 0.5302
vn 0.1349 0.9412 0.3098
vn -0.5221 -0.8528 0.0128
vn -0.7389 -0.6254 0.2510
vn -0.7275 -0.6448 0.2343
vn -0.5192 -0.8546 0.0106
vn -0.8339 -0.0067 0.5519
vn -0.8658 0.0047 0.5003
vn -0.6949 -0.6940 0.1882
vn -0.4835 0.6027 0.6347
vn -0.5301 0.6617 0.5302
vn -0.4756 0.6101 0.6337
vn -0.5210 0.6691 0.5300
vn -0.6541 -0.7563 0.0142
vn -0.4775 -0.8785 0.0163
vn -0.4775 -0.8786 -0.0006
vn -0.6538 -0.7566 -0.0009
vn -0.3664 -0.9302 0.0203
vn -0.3664 -0.9305 0.0001
vn -0.7610 -0.6486 0.0117
vn -0.7605 -0.6493 -0.0012
vn -0.2974 -0.9540 0.0370
vn -0.2959 -0.9552 0.0010
vn -0.3282 -0.6188 0.7138
vn -0.3012 -0.6345 0.7119
vn -0.3633 -0.7658 0.5306
vn -0.3973 -0.7488 0.5305
vn -0.4075 -0.8587 0.3108
vn 0.2648 0.6974 0.6660
vn 0.2637 0.6970 0.6669
vn 0.3000 0.7930 0.5301
vn 0.3010 0.7928 0.5300
vn 0.3364 0.8891 0.3103
vn -0.4745 0.6114 0.6333
vn -0.5196 0.6701 0.5301
vn 0.9734 -0.0528 0.2230
vn 0.9778 -0.1223 0.1704
vn -0.5646 0.8251 0.0225
vn -0.5612 0.8220 0.0971
vn -0.0013 0.0012 1.0000
vn -0.0308 0.0362 0.9989
vn -0.2150 0.2700 0.9385
vn -0.1568 -0.3908 0.9070
vn -0.2143 -0.3868 0.8969
vn -0.0235 -0.0413 0.9989
vn -0.0172 -0.0422 0.9990
vn -0.3083 -0.3544 0.8828
vn -0.0337 -0.0397 0.9986
vn 0.0735 -0.9973 0.0026
vn 0.0973 -0.9952 0.0111
vn -0.0005 -0.0040 1.0000
vn -0.0045 -0.0154 0.9999
vn -0.4016 -0.3495 0.8465
vn -0.0346 -0.0445 0.9984
vn -0.4309 -0.3914 0.8131
vn 0.0377 -0.1831 0.9824
vn -0.0823 -0.2528 0.9640
vn -0.0114 -0.0316 0.9994
vn -0.7056 0.3479 0.6173
vn -0.7661 0.3796 0.5187
vn 0.9439 -0.2841 0.1683
vn 0.9767 -0.1972 0.0851
vn -0.2586 -0.4222 0.8688
vn -0.0019 -0.0008 1.0000
vn -0.0290 0.0123 0.9995
vn -0.3372 -0.3080 0.8896
vn -0.2577 0.1316 0.9572
vn -0.3431 0.0462 0.9382
vn -0.0190 -0.0365 0.9992
vn -0.0209 -0.0337 0.9992
vn -0.0024 -0.0039 1.0000
vn -0.0021 -0.0043 1.0000
vn -0.0254 -0.0346 0.9991
vn -0.0031 -0.0040 1.0000
vn -0.0287 -0.0534 0.9982
vn -0.0164 -0.0973 0.9951
vn -0.0031 -0.0103 0.9999
vn -0.0037 -0.0059 1.0000
vn 0.0090 -0.1768 0.9842
vn -0.0009 -0.0200 0.9998
vn -0.2511 -0.2145 0.9439
vn -0.0445 -0.1296 0.9906
vn 0.0020 -0.0015 1.0000
vn 0.0002 -0.0005 1.0000
vn 0.0054 -0.0411 0.9991
vn 0.0013 -0.0029 1.0000
vn -0.2426 -0.3795 0.8928
vn -0.2466 -0.3461 0.9052
vn -0.0005 -0.0008 1.0000
vn -0.2573 -0.3169 0.9129
vn -0.0004 -0.0006 1.0000
vn -0.2612 -0.2906 0.9205
vn -0.0004 -0.0005 1.0000
vn -0.2574 -0.2660 0.9290
vn -0.0004 -0.0004 1.0000
vn -0.2539 -0.2434 0.9361
vn -0.2548 -0.2229 0.9409
vn -0.0038 -0.0364 0.9993
vn -0.0077 -0.0377 0.9993
vn -0.0010 -0.0044 1.0000
vn -0.0005 -0.0042 1.0000
vn -0.0134 -0.0389 0.9992
vn -0.0016 -0.0046 1.0000
vn -0.0281 -0.0394 0.9988
vn -0.0035 -0.0045 1.0000
vn 0.0358 -0.3023 0.9525
vn 0.0076 -0.0556 0.9984
vn 0.0586 -0.3793 0.9234
vn 0.0604 -0.3514 0.9343
vn 0.4683 -0.8835 0.0119
vn 0.4510 -0.8912 0.0495
vn -0.8070 0.5902 0.0223
vn -0.8027 0.5885 0.0963
vn -0.0016 -0.0356 0.9994
vn -0.0002 -0.0039 1.0000
vn -0.0178 -0.0385 0.9991
vn -0.0020 -0.0045 1.0000
vn 0.0006 0.0015 1.0000
vn 0.2601 0.7005 0.6645
vn 0.2952 0.7950 0.5299
vn -0.3684 -0.5920 0.7168
vn -0.4467 -0.7188 0.5327
vn 0.3538 0.9351 0.0221
vn 0.3522 0.9310 0.0960
vn -0.4287 -0.9032 0.0221
vn -0.4268 -0.8992 0.0960
vn 0.0047 0.0124 0.9999
vn 0.0364 0.0974 0.9946
vn -0.0005 -0.0009 1.0000
vn -0.2484 -0.4118 0.8768
vn 0.0013 0.0076 1.0000
vn -0.5174 -0.8557 0.0040
vn -0.5154 -0.8569 -0.0107
vn 0.0120 0.7645 0.6445
vn -0.0015 0.8417 0.5399
vn 0.0094 0.0596 0.9982
vn 0.0449 0.3012 0.9525
vn -0.5489 -0.8359 0.0003
vn -0.5586 -0.8294 0.0062
vn 0.1419 0.9896 0.0221
vn 0.1412 0.9853 0.0958
vn -0.2628 -0.2065 0.9425
vn -0.0004 -0.0003 1.0000
vn 0.0005 0.0013 1.0000
vn -0.3613 -0.7610 0.5389
vn -0.4138 -0.7880 0.4559
vn 0.1414 0.7290 0.6697
vn 0.1606 0.8327 0.5300
vn 0.2392 0.9707 0.0222
vn 0.2381 0.9665 0.0959
vn -0.8159 -0.5783 0.0000
vn -0.8156 -0.5786 -0.0007
vn 0.0031 0.0112 0.9999
vn 0.0198 0.0897 0.9958
vn 0.0870 0.4377 0.8949
vn 0.0864 0.4498 0.8889
vn 0.0919 0.4301 0.8981
vn -0.2815 -0.5531 0.7841
vn -0.0134 -0.3644 0.9311
vn -0.5978 -0.5663 0.5673
vn 0.0268 0.6556 0.7546
vn -0.1904 0.6460 0.7392
vn 0.0856 0.6355 0.7674
vn -0.4968 -0.8214 0.2802
vn -0.5157 -0.7948 0.3198
vn -0.5021 -0.8167 0.2844
vn -0.1789 -0.2883 0.9407
vn -0.2053 -0.2873 0.9356
vn -0.1623 -0.3070 0.9378
vn 0.1609 0.4330 0.8869
vn 0.1521 0.4405 0.8848
vn 0.1623 0.4268 0.8896
vn 0.7566 -0.2772 0.5922
vn 0.5810 0.6408 0.5018
vn 0.1502 -0.7659 0.6252
vn -0.5758 0.2901 0.7644
vn -0.7137 -0.0245 0.7001
vn -0.5419 0.3229 0.7759
vn 0.7729 -0.0240 0.6340
vn 0.7947 0.0615 0.6039
vn 0.7531 -0.0794 0.6530
vn -0.4129 0.5279 0.7422
vn -0.4108 0.5221 0.7475
vn -0.4094 0.5362 0.7381
vn 0.1606 0.4244 0.8911
vn 0.1606 0.4259 0.8904
vn -0.1489 -0.3158 0.9371
vn -0.1136 -0.3225 0.9397
vn -0.2637 -0.8214 0.5058
vn -0.3355 -0.8505 0.4050
vn -0.0281 -0.7168 0.6967
vn -0.7376 -0.6201 0.2671
vn -0.5610 -0.6641 0.4943
vn -0.6214 -0.7078 0.3359
vn -0.4436 -0.8163 0.3699
vn -0.4126 0.5091 0.7554
vn -0.4433 0.4676 0.7647
vn -0.6528 -0.5949 0.4690
vn 0.0907 0.6232 0.7768
vn 0.0960 0.6034 0.7917
vn 0.1192 0.4295 0.8952
vn 0.1159 0.4234 0.8985
vn 0.1238 0.4380 0.8904
vn -0.0158 -0.3241 0.9459
vn -0.0309 -0.3264 0.9447
vn 0.4420 0.8748 0.1983
vn 0.4800 0.8403 0.2519
vn 0.0846 -0.6110 0.7871
vn 0.1209 -0.7385 0.6634
vn 0.0228 -0.5213 0.8531
vn 0.3295 0.4583 0.8255
vn 0.2014 0.4538 0.8681
vn 0.5389 0.3495 0.7664
vn 0.6231 0.5968 0.5056
vn 0.6394 0.3458 0.6868
vn 0.6186 0.6874 0.3805
vn 0.5640 0.7654 0.3101
vn -0.5062 0.3846 0.7719
vn 0.1320 -0.7593 0.6373
vn 0.3908 -0.2343 0.8902
vn -0.3748 0.5705 0.7308
vn -0.0947 -0.4502 0.8879
vn -0.1897 -0.3576 0.9144
vn 0.6890 0.1889 0.6997
vn 0.3115 -0.7388 0.5976
vn -0.2114 -0.3055 0.9284
vn -0.0658 -0.3268 0.9428
vn 0.1682 0.4335 0.8853
vn 0.1361 0.4435 0.8859
vn -0.7181 -0.5436 0.4345
vn -0.6909 -0.5797 0.4319
vn 0.0864 0.4647 0.8813
vn 0.0888 0.4839 0.8706
vn -0.6665 -0.6192 0.4151
vn -0.6468 -0.6529 0.3943
vn 0.0933 0.5093 0.8555
vn 0.0984 0.5406 0.8355
vn -0.6270 -0.6823 0.3758
vn -0.5984 -0.7159 0.3597
vn 0.1001 0.5742 0.8126
vn -0.5555 -0.7569 0.3443
vn 0.1057 0.4259 0.8986
vn 0.0004 0.0012 -1.0000
vn 0.0029 0.0104 -0.9999
vn 0.0027 0.0101 -0.9999
vn 0.0003 0.0012 -1.0000
vn 0.0027 0.0104 -0.9999
vn 0.0211 0.0825 -0.9964
vn 0.0227 0.0842 -0.9962
vn 0.0196 0.0843 -0.9962
vn 0.0012 0.0061 -1.0000
vn 0.0089 0.0488 -0.9988
vn 0.0079 0.0374 -0.9993
vn 0.0011 0.0046 -1.0000
vn 0.0064 0.0279 -0.9996
vn 0.0009 0.0034 -1.0000
vn 0.0422 0.2287 -0.9726
vn 0.0363 0.1867 -0.9817
vn 0.0447 0.2701 -0.9618
vn 0.0050 0.0212 -0.9998
vn 0.0007 0.0026 -1.0000
vn 0.0041 0.0170 -0.9998
vn 0.0006 0.0020 -1.0000
vn 0.0301 0.1521 -0.9879
vn 0.0254 0.1272 -0.9915
vn 0.0036 0.0143 -0.9999
vn 0.0005 0.0017 -1.0000
vn 0.0033 0.0125 -0.9999
vn 0.0005 0.0015 -1.0000
vn 0.0225 0.1103 -0.9936
vn 0.0209 0.0984 -0.9949
vn 0.0004 0.0015 -1.0000
vn 0.0033 0.0122 -0.9999
vn 0.0040 0.0129 -0.9999
vn 0.0005 0.0016 -1.0000
vn 0.0045 0.0129 -0.9999
vn 0.0313 0.1010 -0.9944
vn 0.0352 0.1010 -0.9943
vn 0.0269 0.0962 -0.9950
vn 0.0001 0.0000 -1.0000
vn 0.0044 0.0116 -0.9999
vn 0.0045 0.0118 -0.9999
vn -0.0002 -0.0007 -1.0000
vn 0.0051 0.0121 -0.9999
vn -0.0004 -0.0009 -1.0000
vn 0.0362 0.0940 -0.9949
vn 0.0420 0.0972 -0.9944
vn 0.0347 0.0922 -0.9951
vn 0.0000 0.0000 -1.0000
vn 0.0011 -0.0013 -1.0000
vn 0.0154 0.0099 -0.9998
vn 0.0409 0.0041 -0.9992
vn 0.0194 -0.0049 -0.9998
vn 0.3010 -0.0072 -0.9536
vn 0.2163 -0.0212 -0.9761
vn 0.2588 0.0579 -0.9642
vn 0.3344 0.0228 -0.9422
vn 0.1331 0.0819 -0.9877
vn 0.0001 -0.0004 -1.0000
vn -0.0000 -0.0005 -1.0000
vn -0.0001 -0.0005 -1.0000
vn 0.0005 0.0014 -1.0000
vn 0.0046 0.0118 -0.9999
vn 0.0004 0.0009 -1.0000
vn 0.0348 0.0918 -0.9952
vn 0.0358 0.0937 -0.9950
vn -0.8169 -0.5768 -0.0007
vn -0.6755 -0.7371 -0.0190
vn -0.7003 -0.7138 -0.0011
vn -0.2737 -0.9602 -0.0562
vn -0.2984 -0.9544 -0.0088
vn -0.4835 -0.8183 -0.3108
vn -0.1821 -0.9366 -0.2994
vn -0.7906 -0.6086 -0.0675
vn 0.9666 0.2559 -0.0124
vn 0.9637 0.2617 -0.0533
vn 0.7436 0.6651 -0.0685
vn 0.7487 0.6628 -0.0160
vn 0.4617 0.8832 -0.0820
vn 0.4647 0.8853 -0.0190
vn 0.7104 0.6679 -0.2218
vn 0.4388 0.8582 -0.2664
vn 0.9418 0.2875 -0.1742
vn 0.1743 0.9844 -0.0221
vn 0.1735 0.9801 -0.0959
vn 0.1670 0.9813 -0.0959
vn 0.1677 0.9856 -0.0221
vn 0.1534 0.9835 -0.0958
vn 0.1541 0.9878 -0.0221
vn 0.1596 0.9373 -0.3099
vn 0.1467 0.9395 -0.3097
vn 0.1657 0.9361 -0.3102
vn 0.0029 0.0112 -0.9999
vn 0.0003 0.0013 -1.0000
vn 0.0244 0.0895 -0.9957
vn 0.1447 -0.9893 -0.0205
vn 0.1422 -0.9859 -0.0886
vn 0.2834 -0.9555 -0.0820
vn 0.2877 -0.9575 -0.0191
vn 0.3713 -0.9259 -0.0701
vn 0.3804 -0.9247 -0.0165
vn 0.2582 -0.9291 -0.2648
vn 0.3281 -0.9183 -0.2216
vn 0.1275 -0.9495 -0.2868
vn -0.6317 -0.7752 0.0018
vn -0.6737 -0.7390 0.0015
vn -0.7078 -0.7065 0.0016
vn -0.6733 -0.7386 0.0346
vn -0.7080 -0.7051 0.0383
vn -0.6302 -0.7755 0.0380
vn -0.0851 -0.9961 -0.0220
vn -0.0850 -0.9916 -0.0976
vn -0.1955 -0.9759 -0.0967
vn -0.1963 -0.9803 -0.0222
vn -0.3336 -0.9378 -0.0963
vn -0.3351 -0.9419 -0.0222
vn -0.1868 -0.9311 -0.3133
vn -0.3183 -0.8951 -0.3123
vn -0.0826 -0.9442 -0.3189
vn -0.8762 0.4815 -0.0213
vn -0.8716 0.4812 -0.0939
vn -0.8784 0.4700 -0.0864
vn -0.8845 0.4662 -0.0182
vn -0.9768 -0.2057 -0.0590
vn -0.9739 -0.2266 -0.0108
vn -0.8433 0.4396 -0.3091
vn -0.9577 -0.1617 -0.2382
vn -0.8313 0.4637 -0.3063
vn 0.3263 0.9450 -0.0221
vn 0.3249 0.9409 -0.0959
vn 0.2925 0.9514 -0.0959
vn 0.2938 0.9556 -0.0221
vn 0.2718 0.9576 -0.0959
vn 0.2730 0.9618 -0.0221
vn 0.2794 0.9088 -0.3098
vn 0.2596 0.9146 -0.3101
vn 0.3104 0.8987 -0.3098
vn -0.0012 0.0010 -1.0000
vn -0.0011 0.0009 -1.0000
vn -0.0270 0.0302 -0.9992
vn -0.0292 0.0335 -0.9990
vn -0.2056 0.2494 -0.9463
vn -0.2103 0.2619 -0.9419
vn -0.0262 0.0260 -0.9993
vn -0.2144 0.2267 -0.9501
vn -0.0011 0.0008 -1.0000
vn 0.1755 0.9842 -0.0221
vn 0.1747 0.9799 -0.0959
vn 0.1745 0.9800 -0.0959
vn 0.1752 0.9843 -0.0221
vn 0.1666 0.9360 -0.3102
vn 0.1669 0.9359 -0.3102
vn -0.4688 -0.8830 -0.0222
vn -0.4667 -0.8792 -0.0960
vn -0.5257 -0.8452 -0.0965
vn -0.5280 -0.8489 -0.0222
vn -0.5767 -0.8113 -0.0960
vn -0.5792 -0.8149 -0.0222
vn -0.5016 -0.8067 -0.3125
vn -0.5508 -0.7748 -0.3105
vn -0.4456 -0.8396 -0.3106
vn 0.2675 0.9588 -0.0959
vn 0.2687 0.9630 -0.0221
vn 0.2638 0.9598 -0.0959
vn 0.2650 0.9640 -0.0221
vn 0.2555 0.9157 -0.3102
vn 0.2520 0.9167 -0.3101
vn 0.1285 0.9915 -0.0222
vn 0.1280 0.9871 -0.0960
vn -0.0220 0.9948 -0.0992
vn -0.0226 0.9995 -0.0231
vn -0.3481 0.9320 -0.1008
vn -0.3521 0.9357 -0.0235
vn -0.0156 0.9483 -0.3171
vn -0.3240 0.8899 -0.3211
vn 0.1226 0.9427 -0.3103
vn -0.7413 -0.6712 0.0015
vn -0.7806 -0.6250 0.0013
vn -0.7394 -0.6724 0.0333
vn -0.7803 -0.6249 0.0247
vn -0.5583 -0.8242 -0.0953
vn -0.5607 -0.8278 -0.0220
vn -0.4411 -0.8925 -0.0945
vn -0.4428 -0.8964 -0.0219
vn -0.5342 -0.7873 -0.3078
vn -0.4244 -0.8529 -0.3042
vn 0.2043 0.9787 -0.0222
vn 0.2034 0.9744 -0.0959
vn 0.1886 0.9774 -0.0959
vn 0.1894 0.9817 -0.0221
vn 0.1824 0.9785 -0.0959
vn 0.1832 0.9828 -0.0221
vn 0.1801 0.9335 -0.3101
vn 0.1742 0.9346 -0.3101
vn 0.1943 0.9307 -0.3099
vn 0.3719 0.9237 -0.0922
vn 0.3737 0.9273 -0.0213
vn 0.3527 0.9308 -0.0955
vn 0.3543 0.9349 -0.0221
vn 0.3547 0.8859 -0.2989
vn 0.3368 0.8894 -0.3090
vn 0.1769 0.9795 -0.0959
vn 0.1776 0.9838 -0.0221
vn 0.1689 0.9356 -0.3101
vn 0.8391 -0.5440 -0.0055
vn 0.8587 -0.5120 -0.0226
vn 0.9573 -0.2871 -0.0348
vn 0.9519 -0.3063 -0.0084
vn 0.9912 -0.1257 -0.0409
vn 0.9911 -0.1327 -0.0097
vn 0.9701 -0.2189 -0.1048
vn 0.9872 -0.0932 -0.1292
vn 0.9128 -0.4027 -0.0674
vn -0.5465 -0.8375 0.0014
vn -0.5851 -0.8110 0.0019
vn -0.5855 -0.8098 0.0376
vn -0.5483 -0.8358 0.0298
vn 0.5736 -0.8191 -0.0064
vn 0.5493 -0.8352 -0.0264
vn 0.9995 -0.0296 -0.0142
vn 0.9999 -0.0111 -0.0033
vn 0.5542 0.8324 -0.0012
vn 0.5518 0.8340 -0.0003
vn 0.9942 -0.0967 -0.0470
vn 0.5648 0.8252 -0.0044
vn 0.4622 -0.8831 -0.0801
vn -0.6142 0.7889 -0.0221
vn -0.6115 0.7854 -0.0959
vn -0.6221 0.7770 -0.0960
vn -0.6248 0.7804 -0.0222
vn -0.6820 0.7250 -0.0966
vn -0.6849 0.7283 -0.0224
vn -0.5943 0.7420 -0.3102
vn -0.6511 0.6923 -0.3111
vn -0.5840 0.7501 -0.3102
vn -0.5101 -0.8601 -0.0002
vn -0.5110 -0.8596 0.0005
vn -0.5123 -0.8587 0.0094
vn -0.5137 -0.8579 -0.0091
vn 0.0013 -0.0014 -1.0000
vn 0.0292 0.0488 -0.9984
vn 0.0367 0.0443 -0.9983
vn 0.0078 -0.0261 -0.9996
vn 0.1636 -0.0884 -0.9826
vn 0.0513 -0.2687 -0.9619
vn 0.2749 0.5297 -0.8024
vn 0.3397 0.5288 -0.7778
vn 0.2764 0.4758 -0.8350
vn 0.3548 0.9347 -0.0221
vn 0.3533 0.9306 -0.0959
vn 0.3464 0.9332 -0.0959
vn 0.3479 0.9373 -0.0221
vn 0.3309 0.8913 -0.3100
vn 0.3374 0.8888 -0.3102
vn -0.0280 -0.9956 -0.0889
vn -0.0302 -0.9994 -0.0182
vn -0.0295 -0.9430 -0.3316
vn 0.0002 0.0000 -1.0000
vn 0.0102 0.0092 -0.9999
vn 0.0184 0.0190 -0.9996
vn 0.0004 0.0003 -1.0000
vn 0.0247 0.0281 -0.9993
vn 0.0005 0.0005 -1.0000
vn 0.1949 0.1895 -0.9623
vn 0.2861 0.3195 -0.9034
vn 0.0925 0.0344 -0.9951
vn -0.0002 -0.0006 -1.0000
vn 0.0002 -0.0002 -1.0000
vn 0.0269 0.0367 -0.9990
vn 0.0005 0.0004 -1.0000
vn 0.2932 0.3936 -0.8713
vn -0.1530 -0.9838 -0.0934
vn -0.1526 -0.9880 -0.0218
vn -0.1522 -0.9418 -0.2999
vn 0.9989 0.0149 -0.0443
vn 0.9999 0.0103 -0.0103
vn 0.9889 0.0375 -0.1437
vn 0.0077 0.0121 -0.9999
vn -0.0004 -0.0007 -1.0000
vn 0.0673 0.0982 -0.9929
vn 0.0000 0.0096 -1.0000
vn -0.0300 0.0450 -0.9985
vn -0.0190 0.0938 -0.9954
vn 0.0086 0.0675 -0.9977
vn 0.0089 0.3569 -0.9341
vn 0.0436 0.3208 -0.9461
vn -0.1992 0.3218 -0.9256
vn -0.1231 0.4138 -0.9020
vn -0.2151 0.2810 -0.9353
vn -0.6066 0.7947 -0.0222
vn -0.6039 0.7913 -0.0960
vn -0.6100 0.7866 -0.0959
vn -0.6127 0.7900 -0.0221
vn -0.5826 0.7512 -0.3102
vn -0.5763 0.7560 -0.3104
vn -0.0002 -0.0005 -1.0000
vn 0.0002 0.0002 -1.0000
vn 0.0033 0.0022 -1.0000
vn -0.0000 -0.0003 -1.0000
vn 0.0062 0.0014 -1.0000
vn 0.0003 0.0001 -1.0000
vn -0.2958 -0.9552 -0.0001
vn -0.2959 -0.9552 -0.0005
vn -0.0236 -0.9997 -0.0003
vn -0.0236 -0.9997 -0.0010
vn -0.0236 -0.9997 -0.0001
vn 0.8486 -0.5291 -0.0003
vn 0.8486 -0.5290 -0.0012
vn 0.8891 0.4578 -0.0001
vn 0.8891 0.4578 -0.0003
vn 0.8486 -0.5291 -0.0001
vn 0.7296 0.6839 -0.0001
vn 0.7296 0.6839 -0.0002
vn 0.6711 0.7413 -0.0001
vn 0.6711 0.7413 -0.0003
vn 0.5984 0.8012 -0.0001
vn 0.5984 0.8012 -0.0002
vn 0.5023 0.8647 -0.0001
vn -0.6538 -0.7567 0.0005
vn -0.6538 -0.7567 0.0002
vn -0.4773 -0.8787 0.0001
vn -0.4774 -0.8787 0.0003
vn -0.7053 -0.7090 -0.0010
vn -0.7094 -0.7048 -0.0003
vn -0.7600 -0.6499 0.0002
vn -0.7602 -0.6497 0.0007
vn -0.7600 -0.6499 0.0001
vn -0.7103 -0.7039 -0.0001
vn 0.4515 0.8922 -0.0001
vn 0.4519 0.8921 -0.0004
vn 0.0003 -0.0001 -1.0000
vn 0.0048 -0.0025 -1.0000
vn 0.0439 -0.0228 -0.9988
vn 0.0015 -0.0057 -1.0000
vn 0.0106 -0.0858 -0.9963
vn 0.0001 -0.0003 -1.0000
vn -0.0011 0.0004 -1.0000
vn -0.0262 0.0146 -0.9995
vn -0.0269 0.0197 -0.9994
vn -0.0011 0.0006 -1.0000
vn -0.2371 0.1815 -0.9544
vn -0.2411 0.1432 -0.9599
vn 0.1518 0.7246 -0.6722
vn 0.1733 0.8302 -0.5298
vn 0.2030 0.8236 -0.5296
vn 0.1771 0.7183 -0.6728
vn 0.2248 0.8177 -0.5300
vn 0.1961 0.7141 -0.6720
vn 0.2275 0.9232 -0.3097
vn -0.6386 -0.7695 0.0061
vn -0.6384 -0.7686 0.0416
vn -0.5865 -0.8091 0.0379
vn -0.5884 -0.8086 -0.0028
vn -0.5386 -0.8423 0.0231
vn -0.5421 -0.8403 -0.0068
vn 0.1194 0.7609 -0.6378
vn 0.1311 0.8382 -0.5294
vn 0.1425 0.8361 -0.5297
vn 0.1294 0.7564 -0.6412
vn 0.1479 0.8350 -0.5300
vn 0.1336 0.7517 -0.6458
vn -0.7021 -0.7118 0.0208
vn -0.7005 -0.7121 0.0482
vn -0.6732 -0.7382 0.0437
vn -0.6745 -0.7381 0.0160
vn 0.1486 0.8348 -0.5301
vn 0.1336 0.7470 -0.6512
vn 0.1488 0.8348 -0.5301
vn 0.1330 0.7423 -0.6567
vn -0.7670 -0.6417 -0.0054
vn -0.7712 -0.6362 0.0236
vn -0.7351 -0.6768 0.0409
vn -0.7323 -0.6809 0.0115
vn 0.1507 0.8345 -0.5300
vn 0.1339 0.7378 -0.6616
vn 0.1554 0.8337 -0.5299
vn 0.1374 0.7333 -0.6659
vn -0.7160 -0.6791 -0.1618
vn -0.7483 -0.6528 -0.1177
vn -0.8057 -0.5922 0.0135
vn -0.7995 -0.6006 -0.0076
vn -0.8132 -0.5819 0.0103
vn 0.2034 0.7173 -0.6665
vn 0.2316 0.8158 -0.5300
vn 0.2493 0.8107 -0.5297
vn 0.2195 0.7147 -0.6641
vn 0.2769 0.8017 -0.5297
vn 0.2441 0.7072 -0.6635
vn 0.2636 0.6985 -0.6653
vn 0.3002 0.7941 -0.5285
vn 0.3157 0.7974 -0.5142
vn 0.2763 0.7062 -0.6518
vn 0.3877 0.7958 -0.4652
vn 0.3341 0.7236 -0.6039
vn -0.2354 -0.6591 -0.7143
vn -0.2834 -0.7977 -0.5323
vn -0.1666 -0.8291 -0.5336
vn -0.1382 -0.6804 -0.7196
vn -0.0758 -0.8373 -0.5415
vn -0.0637 -0.6825 -0.7281
vn -0.3369 -0.6461 -0.6849
vn -0.3856 -0.7607 -0.5221
vn -0.4785 -0.7024 -0.5269
vn -0.4034 -0.5884 -0.7007
vn -0.4912 -0.6909 -0.5304
vn -0.4081 -0.5731 -0.7106
vn 0.9764 -0.1404 -0.1641
vn 0.9626 -0.2489 -0.1074
vn 0.2817 -0.9570 -0.0692
vn 0.3609 -0.9188 -0.1596
vn -0.6969 -0.7171 -0.0027
vn -0.6811 -0.7316 -0.0296
vn 0.1759 -0.9837 -0.0375
vn 0.8096 0.4220 -0.4080
vn 0.8874 0.3453 -0.3055
vn 0.9646 0.0902 -0.2479
vn 0.9347 0.1641 -0.3153
vn 0.9756 -0.0336 -0.2168
vn 0.9627 0.0239 -0.2696
vn 0.0585 -0.7848 -0.6170
vn 0.0959 -0.8634 -0.4953
vn -0.1490 -0.8433 -0.5164
vn -0.1498 -0.7350 -0.6613
vn -0.4678 0.6163 -0.6335
vn -0.5133 0.6747 -0.5304
vn -0.4689 0.7028 -0.5350
vn -0.4209 0.6439 -0.6389
vn -0.2733 0.7911 -0.5472
vn -0.2303 0.7208 -0.6538
vn -0.5327 0.7863 -0.3132
vn -0.0439 -0.9962 -0.0750
vn -0.0237 -0.9997 -0.0018
vn 0.8485 -0.5291 -0.0023
vn 0.8399 -0.5238 -0.1422
vn 0.8891 0.4577 -0.0006
vn 0.8799 0.4700 -0.0696
vn 0.2263 -0.9575 -0.1787
vn 0.3304 -0.9348 -0.1302
vn 0.2789 -0.9264 -0.2531
vn 0.1933 -0.9307 -0.3105
vn 0.2497 -0.8921 -0.3766
vn 0.1809 -0.8735 -0.4520
vn 0.3842 -0.9106 -0.1521
vn -0.6698 0.3930 -0.6300
vn -0.7406 0.4215 -0.5233
vn -0.6784 0.5081 -0.5307
vn -0.6125 0.4657 -0.6388
vn -0.5795 0.6174 -0.5320
vn -0.5267 0.5614 -0.6383
vn -0.7647 0.5651 -0.3097
vn 0.6708 0.7413 -0.0194
vn 0.6711 0.7413 -0.0005
vn 0.5983 0.8013 -0.0004
vn 0.5979 0.8015 -0.0143
vn 0.5022 0.8647 -0.0003
vn 0.5018 0.8649 -0.0111
vn 0.7296 0.6839 -0.0004
vn 0.7281 0.6846 -0.0355
vn 0.6330 0.6693 -0.3890
vn 0.5400 0.6638 -0.5174
vn 0.2050 -0.8660 -0.4561
vn 0.1516 -0.8189 -0.5535
vn 0.4526 0.8917 -0.0007
vn 0.4532 0.8914 -0.0097
vn 0.5862 0.8101 -0.0092
vn 0.6185 0.7849 -0.0369
vn -0.0352 -0.8237 -0.5659
vn -0.0330 -0.6723 -0.7395
vn -0.0437 -0.8038 -0.5933
vn -0.0465 -0.6833 -0.7287
vn 0.2279 0.8168 -0.5301
vn 0.1995 0.7155 -0.6695
vn 0.1014 0.7654 -0.6355
vn 0.1103 0.8407 -0.5302
vn 0.1205 0.8396 -0.5296
vn 0.1099 0.7638 -0.6360
vn 0.1349 0.9412 -0.3098
vn -0.5221 -0.8528 -0.0128
vn -0.5192 -0.8546 -0.0106
vn -0.7275 -0.6448 -0.2343
vn -0.7389 -0.6254 -0.2510
vn -0.8658 0.0047 -0.5003
vn -0.8339 -0.0067 -0.5519
vn -0.6949 -0.6940 -0.1882
vn -0.5301 0.6617 -0.5302
vn -0.4835 0.6027 -0.6347
vn -0.5210 0.6691 -0.5300
vn -0.4756 0.6101 -0.6337
vn -0.6541 -0.7563 -0.0142
vn -0.6538 -0.7566 0.0009
vn -0.4775 -0.8786 0.0006
vn -0.4775 -0.8785 -0.0163
vn -0.3664 -0.9305 -0.0001
vn -0.3664 -0.9302 -0.0203
vn -0.7605 -0.6493 0.0012
vn -0.7610 -0.6486 -0.0117
vn -0.2959 -0.9552 -0.0010
vn -0.2974 -0.9540 -0.0370
vn -0.3282 -0.6188 -0.7138
vn -0.3973 -0.7488 -0.5305
vn -0.3633 -0.7658 -0.5306
vn -0.3012 -0.6345 -0.7119
vn -0.4075 -0.8587 -0.3108
vn 0.2648 0.6974 -0.6660
vn 0.3010 0.7928 -0.5300
vn 0.3000 0.7930 -0.5301
vn 0.2637 0.6970 -0.6669
vn 0.3364 0.8891 -0.3103
vn -0.5196 0.6701 -0.5301
vn -0.4745 0.6114 -0.6333
vn 0.9778 -0.1223 -0.1704
vn 0.9734 -0.0528 -0.2230
vn -0.5612 0.8220 -0.0971
vn -0.5646 0.8251 -0.0225
vn -0.0308 0.0362 -0.9989
vn -0.0013 0.0012 -1.0000
vn -0.2150 0.2700 -0.9385
vn -0.1568 -0.3908 -0.9070
vn -0.0172 -0.0422 -0.9990
vn -0.0235 -0.0413 -0.9989
vn -0.2143 -0.3868 -0.8969
vn -0.0337 -0.0397 -0.9986
vn -0.3083 -0.3544 -0.8828
vn 0.0973 -0.9952 -0.0111
vn 0.0735 -0.9973 -0.0026
vn -0.0005 -0.0040 -1.0000
vn -0.0045 -0.0154 -0.9999
vn -0.0346 -0.0445 -0.9984
vn -0.4016 -0.3495 -0.8465
vn 0.0377 -0.1831 -0.9824
vn -0.4309 -0.3914 -0.8131
vn -0.0114 -0.0316 -0.9994
vn -0.0823 -0.2528 -0.9640
vn -0.7661 0.3796 -0.5187
vn -0.7056 0.3479 -0.6173
vn 0.9767 -0.1972 -0.0851
vn 0.9439 -0.2841 -0.1683
vn -0.2586 -0.4222 -0.8688
vn -0.3372 -0.3080 -0.8896
vn -0.0290 0.0123 -0.9995
vn -0.0019 -0.0008 -1.0000
vn -0.2577 0.1316 -0.9572
vn -0.3431 0.0462 -0.9382
vn -0.0190 -0.0365 -0.9992
vn -0.0021 -0.0043 -1.0000
vn -0.0024 -0.0039 -1.0000
vn -0.0209 -0.0337 -0.9992
vn -0.0031 -0.0040 -1.0000
vn -0.0254 -0.0346 -0.9991
vn -0.0287 -0.0534 -0.9982
vn -0.0037 -0.0059 -1.0000
vn -0.0031 -0.0103 -0.9999
vn -0.0164 -0.0973 -0.9951
vn -0.0009 -0.0200 -0.9998
vn 0.0090 -0.1768 -0.9842
vn -0.2511 -0.2145 -0.9439
vn 0.0002 -0.0005 -1.0000
vn 0.0020 -0.0015 -1.0000
vn -0.0445 -0.1296 -0.9906
vn 0.0013 -0.0029 -1.0000
vn 0.0054 -0.0411 -0.9991
vn -0.2426 -0.3795 -0.8928
vn -0.0005 -0.0008 -1.0000
vn -0.2466 -0.3461 -0.9052
vn -0.0004 -0.0006 -1.0000
vn -0.2573 -0.3169 -0.9129
vn -0.0004 -0.0005 -1.0000
vn -0.2612 -0.2906 -0.9205
vn -0.0004 -0.0004 -1.0000
vn -0.2574 -0.2660 -0.9290
vn -0.2539 -0.2434 -0.9361
vn -0.2548 -0.2229 -0.9409
vn -0.0038 -0.0364 -0.9993
vn -0.0005 -0.0042 -1.0000
vn -0.0010 -0.0044 -1.0000
vn -0.0077 -0.0377 -0.9993
vn -0.0016 -0.0046 -1.0000
vn -0.0134 -0.0389 -0.9992
vn -0.0035 -0.0045 -1.0000
vn -0.0281 -0.0394 -0.9988
vn 0.0076 -0.0556 -0.9984
vn 0.0358 -0.3023 -0.9525
vn 0.0604 -0.3514 -0.9343
vn 0.0586 -0.3793 -0.9234
vn 0.4510 -0.8912 -0.0495
vn 0.4683 -0.8835 -0.0119
vn -0.8027 0.5885 -0.0963
vn -0.8070 0.5902 -0.0223
vn -0.0002 -0.0039 -1.0000
vn -0.0016 -0.0356 -0.9994
vn -0.0020 -0.0045 -1.0000
vn -0.0178 -0.0385 -0.9991
vn 0.0006 0.0015 -1.0000
vn 0.2952 0.7950 -0.5299
vn 0.2601 0.7005 -0.6645
vn -0.4467 -0.7188 -0.5327
vn -0.3684 -0.5920 -0.7168
vn 0.3522 0.9310 -0.0960
vn 0.3538 0.9351 -0.0221
vn -0.4268 -0.8992 -0.0960
vn -0.4287 -0.9032 -0.0221
vn 0.0047 0.0124 -0.9999
vn 0.0364 0.0974 -0.9946
vn -0.2484 -0.4118 -0.8768
vn -0.0005 -0.0009 -1.0000
vn 0.0013 0.0076 -1.0000
vn -0.5154 -0.8569 0.0107
vn -0.5174 -0.8557 -0.0040
vn -0.0015 0.8417 -0.5399
vn 0.0120 0.7645 -0.6445
vn 0.0094 0.0596 -0.9982
vn 0.0449 0.3012 -0.9525
vn -0.5586 -0.8294 -0.0062
vn -0.5489 -0.8359 -0.0003
vn 0.1412 0.9853 -0.0958
vn 0.1419 0.9896 -0.0221
vn -0.0004 -0.0003 -1.0000
vn -0.2628 -0.2065 -0.9425
vn 0.0005 0.0013 -1.0000
vn -0.4138 -0.7880 -0.4559
vn -0.3613 -0.7610 -0.5389
vn 0.1606 0.8327 -0.5300
vn 0.1414 0.7290 -0.6697
vn 0.2381 0.9665 -0.0959
vn 0.2392 0.9707 -0.0222
vn -0.8156 -0.5786 0.0007
vn 0.0031 0.0112 -0.9999
vn 0.0198 0.0897 -0.9958
vn 0.0864 0.4498 -0.8889
vn 0.0870 0.4377 -0.8949
vn 0.0919 0.4301 -0.8981
vn -0.0134 -0.3644 -0.9311
vn -0.2815 -0.5531 -0.7841
vn -0.5978 -0.5664 -0.5673
vn -0.1904 0.6460 -0.7392
vn 0.0268 0.6556 -0.7546
vn 0.0856 0.6355 -0.7674
vn -0.5157 -0.7948 -0.3198
vn -0.4968 -0.8214 -0.2802
vn -0.5021 -0.8167 -0.2844
vn -0.2053 -0.2873 -0.9356
vn -0.1789 -0.2883 -0.9407
vn -0.1623 -0.3070 -0.9378
vn 0.1521 0.4405 -0.8848
vn 0.1609 0.4330 -0.8869
vn 0.1623 0.4268 -0.8896
vn 0.5810 0.6408 -0.5018
vn 0.7566 -0.2772 -0.5922
vn 0.1502 -0.7659 -0.6252
vn -0.7137 -0.0245 -0.7001
vn -0.5758 0.2901 -0.7644
vn -0.5419 0.3229 -0.7759
vn 0.7947 0.0615 -0.6039
vn 0.7729 -0.0240 -0.6340
vn 0.7531 -0.0794 -0.6530
vn -0.4108 0.5221 -0.7475
vn -0.4129 0.5279 -0.7422
vn -0.4094 0.5362 -0.7381
vn 0.1606 0.4244 -0.8911
vn 0.1606 0.4259 -0.8904
vn -0.1489 -0.3158 -0.9371
vn -0.1136 -0.3225 -0.9397
vn -0.3355 -0.8505 -0.4050
vn -0.2637 -0.8214 -0.5058
vn -0.0281 -0.7168 -0.6967
vn -0.5610 -0.6641 -0.4943
vn -0.7376 -0.6201 -0.2671
vn -0.6214 -0.7078 -0.3359
vn -0.4436 -0.8163 -0.3699
vn -0.4433 0.4676 -0.7647
vn -0.4126 0.5091 -0.7554
vn -0.6528 -0.5949 -0.4690
vn 0.0907 0.6232 -0.7768
vn 0.0960 0.6034 -0.7917
vn 0.1159 0.4234 -0.8985
vn 0.1192 0.4295 -0.8952
vn 0.1238 0.4380 -0.8904
vn -0.0309 -0.3264 -0.9447
vn -0.0158 -0.3241 -0.9459
vn 0.4800 0.8403 -0.2519
vn 0.4420 0.8748 -0.1983
vn 0.1209 -0.7385 -0.6634
vn 0.0846 -0.6110 -0.7871
vn 0.0228 -0.5213 -0.8531
vn 0.2014 0.4538 -0.8681
vn 0.3295 0.4583 -0.8255
vn 0.5389 0.3495 -0.7664
vn 0.6394 0.3458 -0.6868
vn 0.6231 0.5968 -0.5056
vn 0.6186 0.6874 -0.3805
vn 0.5640 0.7654 -0.3101
vn -0.5062 0.3846 -0.7719
vn 0.1320 -0.7593 -0.6373
vn 0.3908 -0.2343 -0.8902
vn -0.3748 0.5705 -0.7308
vn -0.0947 -0.4502 -0.8879
vn -0.1897 -0.3576 -0.9144
vn 0.6890 0.1889 -0.6997
vn 0.3115 -0.7388 -0.5976
vn -0.2114 -0.3055 -0.9284
vn -0.0658 -0.3268 -0.9428
vn 0.1682 0.4335 -0.8853
vn 0.1361 0.4435 -0.8859
vn -0.7181 -0.5436 -0.4345
vn -0.6909 -0.5797 -0.4319
vn 0.0888 0.4839 -0.8706
vn 0.0864 0.4647 -0.8813
vn -0.6665 -0.6192 -0.4151
vn -0.6468 -0.6529 -0.3943
vn 0.0984 0.5406 -0.8355
vn 0.0933 0.5093 -0.8555
vn -0.6270 -0.6823 -0.3758
vn -0.5984 -0.7159 -0.3597
vn 0.1001 0.5742 -0.8126
vn -0.5555 -0.7569 -0.3443
vn 0.1057 0.4259 -0.8986
usemtl Grip
s 1
f 177/1/1 544/2/2 643/3/3 554/4/4
f 544/2/2 118/5/2 224/6/5 643/3/3
f 643/3/3 224/6/5 84/7/6 368/8/7
f 554/4/4 643/3/3 368/8/7 175/9/8
f 117/10/9 465/11/10 644/12/11 223/13/12
f 465/11/10 125/14/13 444/15/14 644/12/11
f 644/12/11 444/15/14 7/16/15 370/17/16
f 223/13/12 644/12/11 370/17/16 87/18/17
f 125/14/13 464/19/18 645/20/19 444/15/14
f 464/19/18 126/21/20 445/22/21 645/20/19
f 645/20/19 445/22/21 9/23/22 372/24/23
f 444/15/14 645/20/19 372/24/23 7/16/15
f 126/21/20 463/25/24 646/26/25 445/22/21
f 463/25/24 127/27/26 446/28/27 646/26/25
f 646/26/25 446/28/27 5/29/28 374/30/29
f 445/22/21 646/26/25 374/30/29 9/23/22
f 128/31/30 462/32/31 647/33/32 447/34/33
f 462/32/31 119/35/26 236/36/34 647/33/32
f 647/33/32 236/36/34 94/37/35 376/38/36
f 447/34/33 647/33/32 376/38/36 13/39/37
f 129/40/38 461/41/39 648/42/40 448/43/41
f 461/41/39 120/44/42 238/45/43 648/42/40
f 648/42/40 238/45/43 96/46/44 377/47/45
f 448/43/41 648/42/40 377/47/45 17/48/46
f 24/49/47 318/50/47 649/51/47 327/52/47
f 318/50/47 30/53/47 265/54/47 649/51/47
f 649/51/47 265/54/47 72/55/47 342/56/47
f 327/52/47 649/51/47 342/56/47 64/57/47
f 123/58/48 460/59/49 650/60/50 284/61/51
f 460/59/49 131/62/52 380/63/53 650/60/50
f 650/60/50 380/63/53 20/64/54 381/65/55
f 284/61/51 650/60/50 381/65/55 34/66/56
f 139/67/57 497/68/58 651/69/47 259/70/47
f 497/68/58 136/71/59 470/72/47 651/69/47
f 651/69/47 470/72/47 30/53/47 318/50/47
f 259/70/47 651/69/47 318/50/47 24/49/47
f 157/73/60 506/74/61 652/75/41 516/76/62
f 506/74/61 129/40/38 448/43/41 652/75/41
f 652/75/41 448/43/41 17/48/46 401/77/63
f 516/76/62 652/75/41 401/77/63 156/78/64
f 173/79/65 540/80/66 653/81/67 553/82/68
f 540/80/66 39/83/69 249/84/70 653/81/67
f 653/81/67 249/84/70 92/85/71 537/86/72
f 553/82/68 653/81/67 537/86/72 170/87/73
f 62/88/74 314/89/75 654/90/76 283/91/77
f 314/89/75 41/92/78 250/93/79 654/90/76
f 654/90/76 250/93/79 16/94/80 278/95/81
f 283/91/77 654/90/76 278/95/81 103/96/82
f 44/97/83 313/98/84 655/99/85 288/100/86
f 313/98/84 43/101/87 251/102/88 655/99/85
f 655/99/85 251/102/88 2/103/89 227/104/90
f 288/100/86 655/99/85 227/104/90 88/105/91
f 118/5/2 458/106/92 656/107/93 224/6/5
f 458/106/92 128/31/30 447/34/33 656/107/93
f 656/107/93 447/34/33 13/39/37 393/108/94
f 224/6/5 656/107/93 393/108/94 84/7/6
f 61/109/95 312/110/96 657/111/97 282/112/98
f 312/110/96 47/113/99 253/114/100 657/111/97
f 657/111/97 253/114/100 109/115/101 279/116/102
f 282/112/98 657/111/97 279/116/102 104/117/103
f 50/118/104 311/119/105 658/120/106 291/121/107
f 311/119/105 49/122/108 254/123/109 658/120/106
f 658/120/106 254/123/109 89/124/110 228/125/111
f 291/121/107 658/120/106 228/125/111 85/126/112
f 51/127/113 310/128/114 659/129/115 292/130/116
f 310/128/114 38/131/117 285/132/118 659/129/115
f 659/129/115 285/132/118 97/133/119 240/134/120
f 292/130/116 659/129/115 240/134/120 98/135/121
f 146/136/122 480/137/123 660/138/124 496/139/125
f 480/137/123 52/140/126 255/141/127 660/138/124
f 660/138/124 255/141/127 111/142/128 477/143/129
f 496/139/125 660/138/124 477/143/129 143/144/130
f 54/145/131 308/146/132 661/147/133 294/148/134
f 308/146/132 46/149/135 289/150/136 661/147/133
f 661/147/133 289/150/136 93/151/137 237/152/138
f 294/148/134 661/147/133 237/152/138 12/153/139
f 164/154/140 340/155/141 662/156/142 535/157/143
f 340/155/141 68/158/144 396/159/145 662/156/142
f 662/156/142 396/159/145 33/160/146 323/161/147
f 535/157/143 662/156/142 323/161/147 161/162/148
f 55/163/149 307/164/150 663/165/151 295/166/152
f 307/164/150 44/97/83 288/100/86 663/165/151
f 663/165/151 288/100/86 88/105/91 230/167/153
f 295/166/152 663/165/151 230/167/153 90/168/154
f 153/169/155 502/170/156 664/171/157 515/172/158
f 502/170/156 37/173/159 248/174/160 664/171/157
f 664/171/157 248/174/160 100/175/161 498/176/162
f 515/172/158 664/171/157 498/176/162 149/177/163
f 46/149/135 320/178/164 665/179/165 289/150/136
f 320/178/164 45/180/166 252/181/167 665/179/165
f 665/179/165 252/181/167 4/182/168 317/183/169
f 289/150/136 665/179/165 317/183/169 93/151/137
f 163/184/170 521/185/171 666/186/172 534/187/173
f 521/185/171 53/188/174 293/189/175 666/186/172
f 666/186/172 293/189/175 106/190/176 321/191/177
f 534/187/173 666/186/172 321/191/177 159/192/178
f 49/122/108 306/193/179 667/194/180 254/123/109
f 306/193/179 40/195/181 286/196/182 667/194/180
f 667/194/180 286/196/182 91/197/183 231/198/184
f 254/123/109 667/194/180 231/198/184 89/124/110
f 37/173/159 305/199/185 668/200/186 248/174/160
f 305/199/185 48/201/187 290/202/188 668/200/186
f 668/200/186 290/202/188 99/203/189 242/204/190
f 248/174/160 668/200/186 242/204/190 100/175/161
f 172/205/191 539/206/192 669/207/193 552/208/194
f 539/206/192 58/209/195 257/210/196 669/207/193
f 669/207/193 257/210/196 83/211/197 536/212/198
f 552/208/194 669/207/193 536/212/198 169/213/199
f 41/92/78 303/214/200 670/215/201 250/93/79
f 303/214/200 56/216/202 296/217/203 670/215/201
f 670/215/201 296/217/203 95/218/204 239/219/205
f 250/93/79 670/215/201 239/219/205 16/94/80
f 58/209/195 302/220/206 671/221/207 257/210/196
f 302/220/206 55/163/149 295/166/152 671/221/207
f 671/221/207 295/166/152 90/168/154 233/222/208
f 257/210/196 671/221/207 233/222/208 83/211/197
f 130/223/209 449/224/210 672/225/211 457/226/212
f 449/224/210 42/227/213 287/228/214 672/225/211
f 672/225/211 287/228/214 102/229/215 244/230/216
f 457/226/212 672/225/211 244/230/216 121/231/217
f 57/232/218 301/233/219 673/234/220 256/235/221
f 301/233/219 50/118/104 291/121/107 673/234/220
f 673/234/220 291/121/107 85/126/112 226/236/222
f 256/235/221 673/234/220 226/236/222 86/237/223
f 145/238/224 479/239/225 674/240/226 495/241/227
f 479/239/225 59/242/228 269/243/229 674/240/226
f 674/240/226 269/243/229 110/244/230 267/245/231
f 495/241/227 674/240/226 267/245/231 142/246/232
f 75/247/233 335/248/234 675/249/235 338/250/236
f 335/248/234 60/251/237 270/252/238 675/249/235
f 675/249/235 270/252/238 112/253/239 329/254/240
f 338/250/236 675/249/235 329/254/240 105/255/241
f 162/256/242 520/257/243 676/258/244 533/259/245
f 520/257/243 57/232/218 256/235/221 676/258/244
f 676/258/244 256/235/221 86/237/223 322/260/246
f 533/259/245 676/258/244 322/260/246 160/261/247
f 144/262/248 494/263/249 677/264/250 281/265/251
f 494/263/249 147/266/252 385/267/253 677/264/250
f 677/264/250 385/267/253 32/268/254 391/269/255
f 281/265/251 677/264/250 391/269/255 36/270/256
f 152/271/257 501/272/258 678/273/259 514/274/260
f 501/272/258 54/145/131 294/148/134 678/273/259
f 678/273/259 294/148/134 12/153/139 499/275/261
f 514/274/260 678/273/259 499/275/261 150/276/262
f 39/83/69 319/277/263 679/278/264 249/84/70
f 319/277/263 51/127/113 292/130/116 679/278/264
f 679/278/264 292/130/116 98/135/121 316/279/265
f 249/84/70 679/278/264 316/279/265 92/85/71
f 137/280/266 493/281/267 680/282/268 471/283/269
f 493/281/267 141/284/270 264/285/271 680/282/268
f 680/282/268 264/285/271 114/286/272 388/287/273
f 471/283/269 680/282/268 388/287/273 108/288/274
f 136/71/59 492/289/59 681/290/47 470/72/47
f 492/289/59 140/291/275 263/292/47 681/290/47
f 681/290/47 263/292/47 28/293/47 273/294/47
f 470/72/47 681/290/47 273/294/47 30/53/47
f 134/295/47 491/296/47 682/297/47 468/298/47
f 491/296/47 135/299/47 469/300/47 682/297/47
f 682/297/47 469/300/47 27/301/47 274/302/47
f 468/298/47 682/297/47 274/302/47 26/303/47
f 133/304/47 490/305/47 683/306/47 467/307/47
f 490/305/47 134/295/47 468/298/47 683/306/47
f 683/306/47 468/298/47 26/303/47 275/308/47
f 467/307/47 683/306/47 275/308/47 25/309/47
f 138/310/47 489/311/47 684/312/47 258/313/47
f 489/311/47 133/304/47 467/307/47 684/312/47
f 684/312/47 467/307/47 25/309/47 276/314/47
f 258/313/47 684/312/47 276/314/47 23/315/47
f 178/316/38 545/317/276 685/318/47 551/319/47
f 545/317/276 139/67/57 259/70/47 685/318/47
f 685/318/47 259/70/47 24/49/47 538/320/47
f 551/319/47 685/318/47 538/320/47 171/321/47
f 141/284/270 487/322/277 686/323/278 264/285/271
f 487/322/277 144/262/248 281/265/251 686/323/278
f 686/323/278 281/265/251 36/270/256 387/324/279
f 264/285/271 686/323/278 387/324/279 114/286/272
f 48/201/187 298/325/280 687/326/281 290/202/188
f 298/325/280 61/109/95 282/112/98 687/326/281
f 687/326/281 282/112/98 104/117/103 246/327/282
f 290/202/188 687/326/281 246/327/282 99/203/189
f 42/227/213 297/328/283 688/329/284 287/228/214
f 297/328/283 62/88/74 283/91/77 688/329/284
f 688/329/284 283/91/77 103/96/82 245/330/285
f 287/228/214 688/329/284 245/330/285 102/229/215
f 120/44/42 456/331/286 689/332/287 238/45/43
f 456/331/286 123/58/48 284/61/51 689/332/287
f 689/332/287 284/61/51 34/66/56 389/333/288
f 238/45/43 689/332/287 389/333/288 96/46/44
f 167/334/289 532/335/290 690/336/291 455/337/292
f 532/335/290 165/338/293 394/339/294 690/336/291
f 690/336/291 394/339/294 22/340/295 383/341/296
f 455/337/292 690/336/291 383/341/296 132/342/297
f 124/343/298 443/344/299 691/345/300 454/346/301
f 443/344/299 75/247/233 338/250/236 691/345/300
f 691/345/300 338/250/236 105/255/241 441/347/302
f 454/346/301 691/345/300 441/347/302 122/348/303
f 158/349/304 507/350/305 692/351/306 513/352/307
f 507/350/305 137/280/266 471/283/269 692/351/306
f 692/351/306 471/283/269 108/288/274 500/353/308
f 513/352/307 692/351/306 500/353/308 151/354/309
f 30/53/47 273/294/47 693/355/47 265/54/47
f 273/294/47 28/293/47 328/356/47 693/355/47
f 693/355/47 328/356/47 65/357/47 344/358/47
f 265/54/47 693/355/47 344/358/47 72/55/47
f 26/303/47 274/302/47 694/359/47 261/360/47
f 274/302/47 27/301/47 262/361/47 694/359/47
f 694/359/47 262/361/47 71/362/47 345/363/47
f 261/360/47 694/359/47 345/363/47 70/364/47
f 25/309/47 275/308/47 695/365/47 260/366/47
f 275/308/47 26/303/47 261/360/47 695/365/47
f 695/365/47 261/360/47 70/364/47 346/367/47
f 260/366/47 695/365/47 346/367/47 69/368/47
f 23/315/47 276/314/47 696/369/47 326/370/47
f 276/314/47 25/309/47 260/366/47 696/369/47
f 696/369/47 260/366/47 69/368/47 347/371/47
f 326/370/47 696/369/47 347/371/47 63/372/47
f 171/321/47 538/320/47 697/373/47 550/374/47
f 538/320/47 24/49/47 327/52/47 697/373/47
f 697/373/47 327/52/47 64/57/47 541/375/47
f 550/374/47 697/373/47 541/375/47 174/376/47
f 66/377/310 343/378/311 698/379/312 355/380/313
f 343/378/311 107/381/314 354/382/315 698/379/312
f 698/379/312 354/382/315 81/383/316 353/384/317
f 355/380/313 698/379/312 353/384/317 80/385/313
f 107/381/314 266/386/318 699/387/319 354/382/315
f 266/386/318 31/388/320 356/389/321 699/387/319
f 699/387/319 356/389/321 78/390/322 349/391/323
f 354/382/315 699/387/319 349/391/323 81/383/316
f 31/388/320 272/392/324 700/393/325 356/389/321
f 272/392/324 29/394/326 357/395/327 700/393/325
f 700/393/325 357/395/327 77/396/328 351/397/329
f 356/389/321 700/393/325 351/397/329 78/390/322
f 29/394/326 271/398/330 701/399/331 357/395/327
f 271/398/330 113/400/332 358/401/333 701/399/331
f 701/399/331 358/401/333 79/402/334 350/403/335
f 357/395/327 701/399/331 350/403/335 77/396/328
f 74/404/336 337/405/337 702/406/338 359/407/339
f 337/405/337 66/377/310 355/380/313 702/406/338
f 702/406/338 355/380/313 80/385/313 352/408/340
f 359/407/339 702/406/338 352/408/340 82/409/341
f 101/410/342 341/411/343 703/412/344 339/413/345
f 341/411/343 74/404/336 359/407/339 703/412/344
f 703/412/344 359/407/339 82/409/341 360/414/346
f 339/413/345 703/412/344 360/414/346 76/415/347
f 59/242/228 361/416/348 704/417/349 269/243/229
f 361/416/348 79/402/334 358/401/333 704/417/349
f 704/417/349 358/401/333 113/400/332 280/418/350
f 269/243/229 704/417/349 280/418/350 110/244/230
f 151/354/309 500/353/308 705/419/351 512/420/352
f 500/353/308 108/288/274 384/421/353 705/419/351
f 705/419/351 384/421/353 73/422/354 503/423/355
f 512/420/352 705/419/351 503/423/355 154/424/356
f 168/425/357 531/426/358 706/427/359 485/428/360
f 531/426/358 161/162/148 323/161/147 706/427/359
f 706/427/359 323/161/147 33/160/146 386/429/361
f 485/428/360 706/427/359 386/429/361 148/430/362
f 222/431/363 642/432/364 707/433/365 549/434/366
f 642/432/364 180/435/367 403/436/368 707/433/365
f 707/433/365 403/436/368 4/182/168 225/437/369
f 549/434/366 707/433/365 225/437/369 169/213/199
f 181/438/370 641/439/371 708/440/372 557/441/373
f 641/439/371 182/442/374 405/443/375 708/440/372
f 708/440/372 405/443/375 86/237/223 226/236/222
f 557/441/373 708/440/372 226/236/222 85/126/112
f 183/444/376 640/445/377 709/446/378 559/447/379
f 640/445/377 184/448/380 407/449/381 709/446/378
f 709/446/378 407/449/381 88/105/91 227/104/90
f 559/447/379 709/446/378 227/104/90 2/103/89
f 185/450/382 639/451/383 710/452/384 561/453/385
f 639/451/383 181/438/370 557/441/373 710/452/384
f 710/452/384 557/441/373 85/126/112 228/125/111
f 561/453/385 710/452/384 228/125/111 89/124/110
f 184/448/380 638/454/386 711/455/387 407/449/381
f 638/454/386 186/456/388 409/457/389 711/455/387
f 711/455/387 409/457/389 90/168/154 230/167/153
f 407/449/381 711/455/387 230/167/153 88/105/91
f 187/458/390 637/459/391 712/460/392 563/461/393
f 637/459/391 185/450/382 561/453/385 712/460/392
f 712/460/392 561/453/385 89/124/110 231/198/184
f 563/461/393 712/460/392 231/198/184 91/197/183
f 186/456/388 636/462/394 713/463/395 409/457/389
f 636/462/394 179/464/396 555/465/397 713/463/395
f 713/463/395 555/465/397 83/211/197 233/222/208
f 409/457/389 713/463/395 233/222/208 90/168/154
f 221/466/398 635/467/399 714/468/400 548/469/401
f 635/467/399 187/458/390 563/461/393 714/468/400
f 714/468/400 563/461/393 91/197/183 234/470/402
f 548/469/401 714/468/400 234/470/402 170/87/73
f 189/471/403 634/472/404 715/473/405 565/474/406
f 634/472/404 190/475/407 413/476/408 715/473/405
f 715/473/405 413/476/408 12/153/139 237/152/138
f 565/474/406 715/473/405 237/152/138 93/151/137
f 191/477/409 633/478/410 716/479/411 567/480/412
f 633/478/410 192/481/413 415/482/414 716/479/411
f 716/479/411 415/482/414 16/94/80 239/219/205
f 567/480/412 716/479/411 239/219/205 95/218/204
f 193/483/415 632/484/416 717/485/417 569/486/418
f 632/484/416 194/487/419 417/488/420 717/485/417
f 717/485/417 417/488/420 98/135/121 240/134/120
f 569/486/418 717/485/417 240/134/120 97/133/119
f 195/489/421 631/490/422 718/491/423 571/492/424
f 631/490/422 196/493/425 419/494/426 718/491/423
f 718/491/423 419/494/426 100/175/161 242/204/190
f 571/492/424 718/491/423 242/204/190 99/203/189
f 214/495/427 630/496/428 719/497/429 453/498/430
f 630/496/428 198/499/431 421/500/432 719/497/429
f 719/497/429 421/500/432 101/410/342 440/501/433
f 453/498/430 719/497/429 440/501/433 121/231/217
f 199/502/434 629/503/435 720/504/436 575/505/437
f 629/503/435 197/506/438 573/507/439 720/504/436
f 720/504/436 573/507/439 102/229/215 245/330/285
f 575/505/437 720/504/436 245/330/285 103/96/82
f 200/508/440 628/509/441 721/510/442 576/511/443
f 628/509/441 195/489/421 571/492/424 721/510/442
f 721/510/442 571/492/424 99/203/189 246/327/282
f 576/511/443 721/510/442 246/327/282 104/117/103
f 213/512/444 627/513/445 722/514/446 452/515/447
f 627/513/445 202/516/448 425/517/449 722/514/446
f 722/514/446 425/517/449 106/190/176 247/518/450
f 452/515/447 722/514/446 247/518/450 122/348/303
f 203/519/451 626/520/452 723/521/453 579/522/454
f 626/520/452 204/523/455 427/524/456 723/521/453
f 723/521/453 427/524/456 31/388/320 266/386/318
f 579/522/454 723/521/453 266/386/318 107/381/314
f 216/525/457 625/526/458 724/527/459 484/528/460
f 625/526/458 206/529/461 429/530/462 724/527/459
f 724/527/459 429/530/462 109/115/101 476/531/463
f 484/528/460 724/527/459 476/531/463 142/246/232
f 215/532/464 624/533/465 725/534/466 483/535/467
f 624/533/465 208/536/468 431/537/469 725/534/466
f 725/534/466 431/537/469 112/253/239 268/538/470
f 483/535/467 725/534/466 268/538/470 143/144/130
f 209/539/471 623/540/472 726/541/473 585/542/474
f 623/540/472 210/543/475 433/544/476 726/541/473
f 726/541/473 433/544/476 113/400/332 271/398/330
f 585/542/474 726/541/473 271/398/330 29/394/326
f 204/523/455 622/545/477 727/546/478 427/524/456
f 622/545/477 209/539/471 585/542/474 727/546/478
f 727/546/478 585/542/474 29/394/326 272/392/324
f 427/524/456 727/546/478 272/392/324 31/388/320
f 192/481/413 621/547/479 728/548/480 415/482/414
f 621/547/479 199/502/434 575/505/437 728/548/480
f 728/548/480 575/505/437 103/96/82 278/95/81
f 415/482/414 728/548/480 278/95/81 16/94/80
f 206/529/461 620/549/481 729/550/482 429/530/462
f 620/549/481 200/508/440 576/511/443 729/550/482
f 729/550/482 576/511/443 104/117/103 279/116/102
f 429/530/462 729/550/482 279/116/102 109/115/101
f 210/543/475 619/551/483 730/552/484 433/544/476
f 619/551/483 205/553/485 581/554/486 730/552/484
f 730/552/484 581/554/486 110/244/230 280/418/350
f 433/544/476 730/552/484 280/418/350 113/400/332
f 194/487/419 618/555/487 731/556/488 417/488/420
f 618/555/487 188/557/489 564/558/490 731/556/488
f 731/556/488 564/558/490 92/85/71 316/279/265
f 417/488/420 731/556/488 316/279/265 98/135/121
f 180/435/367 617/559/491 732/560/492 403/436/368
f 617/559/491 189/471/403 565/474/406 732/560/492
f 732/560/492 565/474/406 93/151/137 317/183/169
f 403/436/368 732/560/492 317/183/169 4/182/168
f 220/561/493 616/562/494 733/563/495 530/564/496
f 616/562/494 183/444/376 559/447/379 733/563/495
f 733/563/495 559/447/379 2/103/89 517/565/497
f 530/564/496 733/563/495 517/565/497 159/192/178
f 219/566/498 615/567/499 734/568/500 529/569/501
f 615/567/499 207/570/502 583/571/503 734/568/500
f 734/568/500 583/571/503 111/142/128 518/572/504
f 529/569/501 734/568/500 518/572/504 160/261/247
f 208/536/468 614/573/505 735/574/506 431/537/469
f 614/573/505 201/575/507 577/576/508 735/574/506
f 735/574/506 577/576/508 105/255/241 329/254/240
f 431/537/469 735/574/506 329/254/240 112/253/239
f 211/577/509 613/578/510 736/579/511 587/580/512
f 613/578/510 212/581/513 435/582/514 736/579/511
f 736/579/511 435/582/514 66/377/310 337/405/337
f 587/580/512 736/579/511 337/405/337 74/404/336
f 198/499/431 612/583/515 737/584/516 421/500/432
f 612/583/515 211/577/509 587/580/512 737/584/516
f 737/584/516 587/580/512 74/404/336 341/411/343
f 421/500/432 737/584/516 341/411/343 101/410/342
f 212/581/513 611/585/517 738/586/518 435/582/514
f 611/585/517 203/519/451 579/522/454 738/586/518
f 738/586/518 579/522/454 107/381/314 343/378/311
f 435/582/514 738/586/518 343/378/311 66/377/310
f 218/587/519 610/588/520 739/589/521 511/590/522
f 610/588/520 193/483/415 569/486/418 739/589/521
f 739/589/521 569/486/418 97/133/119 362/591/523
f 511/590/522 739/589/521 362/591/523 149/177/163
f 217/592/524 609/593/525 740/594/526 510/595/527
f 609/593/525 191/477/409 567/480/412 740/594/526
f 740/594/526 567/480/412 95/218/204 363/596/528
f 510/595/527 740/594/526 363/596/528 150/276/262
f 201/575/507 608/597/529 741/598/530 577/576/508
f 608/597/529 213/512/444 452/515/447 741/598/530
f 741/598/530 452/515/447 122/348/303 441/347/302
f 577/576/508 741/598/530 441/347/302 105/255/241
f 197/506/438 607/599/531 742/600/532 573/507/439
f 607/599/531 214/495/427 453/498/430 742/600/532
f 742/600/532 453/498/430 121/231/217 244/230/216
f 573/507/439 742/600/532 244/230/216 102/229/215
f 53/188/174 299/601/533 743/602/534 293/189/175
f 299/601/533 124/343/298 454/346/301 743/602/534
f 743/602/534 454/346/301 122/348/303 247/518/450
f 293/189/175 743/602/534 247/518/450 106/190/176
f 164/154/140 528/603/535 744/604/536 340/155/141
f 528/603/535 167/334/289 455/337/292 744/604/536
f 744/604/536 455/337/292 132/342/297 451/605/537
f 340/155/141 744/604/536 451/605/537 68/158/144
f 116/606/538 397/607/539 745/608/540 439/609/541
f 397/607/539 115/610/542 442/611/543 745/608/540
f 745/608/540 442/611/543 123/58/48 456/331/286
f 439/609/541 745/608/540 456/331/286 120/44/42
f 76/415/347 336/612/544 746/613/545 339/413/345
f 336/612/544 130/223/209 457/226/212 746/613/545
f 746/613/545 457/226/212 121/231/217 440/501/433
f 339/413/345 746/613/545 440/501/433 101/410/342
f 64/57/47 342/56/47 747/614/47 437/615/47
f 342/56/47 72/55/47 333/616/47 747/614/47
f 747/614/47 333/616/47 128/31/30 458/106/92
f 437/615/47 747/614/47 458/106/92 118/5/2
f 154/424/356 503/423/355 748/617/546 509/618/305
f 503/423/355 73/422/354 334/619/547 748/617/546
f 748/617/546 334/619/547 129/40/38 506/74/61
f 509/618/305 748/617/546 506/74/61 157/73/60
f 115/610/542 398/620/548 749/621/549 442/611/543
f 398/620/548 67/622/550 450/623/551 749/621/549
f 749/621/549 450/623/551 131/62/52 460/59/49
f 442/611/543 749/621/549 460/59/49 123/58/48
f 73/422/354 399/624/552 750/625/553 334/619/547
f 399/624/552 116/606/538 439/609/541 750/625/553
f 750/625/553 439/609/541 120/44/42 461/41/39
f 334/619/547 750/625/553 461/41/39 129/40/38
f 72/55/47 344/358/47 751/626/47 333/616/47
f 344/358/47 65/357/47 438/627/47 751/626/47
f 751/626/47 438/627/47 119/35/26 462/32/31
f 333/616/47 751/626/47 462/32/31 128/31/30
f 70/364/47 345/363/47 752/628/47 331/629/47
f 345/363/47 71/362/47 332/630/47 752/628/47
f 752/628/47 332/630/47 127/27/26 463/25/24
f 331/629/47 752/628/47 463/25/24 126/21/20
f 69/368/47 346/367/47 753/631/47 330/632/47
f 346/367/47 70/364/47 331/629/47 753/631/47
f 753/631/47 331/629/47 126/21/20 464/19/18
f 330/632/47 753/631/47 464/19/18 125/14/13
f 63/372/47 347/371/47 754/633/47 436/634/47
f 347/371/47 69/368/47 330/632/47 754/633/47
f 754/633/47 330/632/47 125/14/13 465/11/10
f 436/634/47 754/633/47 465/11/10 117/10/9
f 174/376/47 541/375/47 755/635/47 547/636/47
f 541/375/47 64/57/47 437/615/47 755/635/47
f 755/635/47 437/615/47 118/5/2 544/2/2
f 547/636/47 755/635/47 544/2/2 177/1/1
f 207/570/502 606/637/554 756/638/555 583/571/503
f 606/637/554 215/532/464 483/535/467 756/638/555
f 756/638/555 483/535/467 143/144/130 477/143/129
f 583/571/503 756/638/555 477/143/129 111/142/128
f 205/553/485 605/639/556 757/640/557 581/554/486
f 605/639/556 216/525/457 484/528/460 757/640/557
f 757/640/557 484/528/460 142/246/232 267/245/231
f 581/554/486 757/640/557 267/245/231 110/244/230
f 166/641/558 527/642/559 758/643/560 524/644/561
f 527/642/559 168/425/357 485/428/360 758/643/560
f 758/643/560 485/428/360 148/430/362 482/645/562
f 524/644/561 758/643/560 482/645/562 21/646/563
f 155/647/564 504/648/565 759/649/566 508/650/567
f 504/648/565 18/651/568 243/652/569 759/649/566
f 759/649/566 243/652/569 137/280/266 507/350/305
f 508/650/567 759/649/566 507/350/305 158/349/304
f 15/653/570 382/654/571 760/655/572 475/656/573
f 382/654/571 35/657/574 478/658/575 760/655/572
f 760/655/572 478/658/575 144/262/248 487/322/277
f 475/656/573 760/655/572 487/322/277 141/284/270
f 176/659/576 543/660/577 761/661/578 546/662/579
f 543/660/577 3/663/580 473/664/581 761/661/578
f 761/661/578 473/664/581 139/67/57 545/317/276
f 546/662/579 761/661/578 545/317/276 178/316/38
f 1/665/582 369/666/583 762/667/286 472/668/584
f 369/666/583 6/669/585 229/670/586 762/667/286
f 762/667/286 229/670/586 133/304/47 489/311/47
f 472/668/584 762/667/286 489/311/47 138/310/47
f 6/669/585 371/671/587 763/672/588 229/670/586
f 371/671/587 8/673/589 232/674/590 763/672/588
f 763/672/588 232/674/590 134/295/47 490/305/47
f 229/670/586 763/672/588 490/305/47 133/304/47
f 8/673/589 373/675/591 764/676/590 232/674/590
f 373/675/591 10/677/592 235/678/590 764/676/590
f 764/676/590 235/678/590 135/299/47 491/296/47
f 232/674/590 764/676/590 491/296/47 134/295/47
f 14/679/593 378/680/594 765/681/595 241/682/596
f 378/680/594 11/683/597 474/684/598 765/681/595
f 765/681/595 474/684/598 140/291/275 492/289/59
f 241/682/596 765/681/595 492/289/59 136/71/59
f 18/651/568 379/685/599 766/686/600 243/652/569
f 379/685/599 15/653/570 475/656/573 766/686/600
f 766/686/600 475/656/573 141/284/270 493/281/267
f 243/652/569 766/686/600 493/281/267 137/280/266
f 35/657/574 390/687/601 767/688/602 478/658/575
f 390/687/601 19/689/603 481/690/604 767/688/602
f 767/688/602 481/690/604 147/266/252 494/263/249
f 478/658/575 767/688/602 494/263/249 144/262/248
f 47/113/99 300/691/605 768/692/606 253/114/100
f 300/691/605 145/238/224 495/241/227 768/692/606
f 768/692/606 495/241/227 142/246/232 476/531/463
f 253/114/100 768/692/606 476/531/463 109/115/101
f 60/251/237 309/693/607 769/694/608 270/252/238
f 309/693/607 146/136/122 496/139/125 769/694/608
f 769/694/608 496/139/125 143/144/130 268/538/470
f 270/252/238 769/694/608 268/538/470 112/253/239
f 3/663/580 392/695/609 770/696/610 473/664/581
f 392/695/609 14/679/593 241/682/596 770/696/610
f 770/696/610 241/682/596 136/71/59 497/68/58
f 473/664/581 770/696/610 497/68/58 139/67/57
f 11/683/597 400/697/611 771/698/612 474/684/598
f 400/697/611 155/647/564 508/650/567 771/698/612
f 771/698/612 508/650/567 158/349/304 486/699/275
f 474/684/598 771/698/612 486/699/275 140/291/275
f 65/357/47 367/700/47 772/701/47 438/627/47
f 367/700/47 154/424/356 509/618/305 772/701/47
f 772/701/47 509/618/305 157/73/60 459/702/613
f 438/627/47 772/701/47 459/702/613 119/35/26
f 190/475/407 604/703/614 773/704/615 413/476/408
f 604/703/614 217/592/524 510/595/527 773/704/615
f 773/704/615 510/595/527 150/276/262 499/275/261
f 413/476/408 773/704/615 499/275/261 12/153/139
f 196/493/425 603/705/616 774/706/617 419/494/426
f 603/705/616 218/587/519 511/590/522 774/706/617
f 774/706/617 511/590/522 149/177/163 498/176/162
f 419/494/426 774/706/617 498/176/162 100/175/161
f 28/293/47 364/707/47 775/708/47 328/356/47
f 364/707/47 151/354/309 512/420/352 775/708/47
f 775/708/47 512/420/352 154/424/356 367/700/47
f 328/356/47 775/708/47 367/700/47 65/357/47
f 140/291/275 486/699/275 776/709/47 263/292/47
f 486/699/275 158/349/304 513/352/307 776/709/47
f 776/709/47 513/352/307 151/354/309 364/707/47
f 263/292/47 776/709/47 364/707/47 28/293/47
f 56/216/202 365/710/618 777/711/619 296/217/203
f 365/710/618 152/271/257 514/274/260 777/711/619
f 777/711/619 514/274/260 150/276/262 363/596/528
f 296/217/203 777/711/619 363/596/528 95/218/204
f 38/131/117 366/712/620 778/713/621 285/132/118
f 366/712/620 153/169/155 515/172/158 778/713/621
f 778/713/621 515/172/158 149/177/163 362/591/523
f 285/132/118 778/713/621 362/591/523 97/133/119
f 119/35/26 459/702/613 779/714/622 236/36/34
f 459/702/613 157/73/60 516/76/62 779/714/622
f 779/714/622 516/76/62 156/78/64 505/715/623
f 236/36/34 779/714/622 505/715/623 94/37/35
f 1/665/582 472/668/584 780/716/624 395/717/625
f 472/668/584 138/310/47 526/718/47 780/716/624
f 780/716/624 526/718/47 168/425/357 527/642/559
f 395/717/625 780/716/624 527/642/559 166/641/558
f 63/372/47 436/634/47 781/719/47 522/720/47
f 436/634/47 117/10/9 525/721/626 781/719/47
f 781/719/47 525/721/626 167/334/289 528/603/535
f 522/720/47 781/719/47 528/603/535 164/154/140
f 182/442/374 602/722/627 782/723/628 405/443/375
f 602/722/627 219/566/498 529/569/501 782/723/628
f 782/723/628 529/569/501 160/261/247 322/260/246
f 405/443/375 782/723/628 322/260/246 86/237/223
f 202/516/448 601/724/629 783/725/630 425/517/449
f 601/724/629 220/561/493 530/564/496 783/725/630
f 783/725/630 530/564/496 159/192/178 321/191/177
f 425/517/449 783/725/630 321/191/177 106/190/176
f 138/310/47 258/313/47 784/726/47 526/718/47
f 258/313/47 23/315/47 519/727/47 784/726/47
f 784/726/47 519/727/47 161/162/148 531/426/358
f 526/718/47 784/726/47 531/426/358 168/425/357
f 117/10/9 223/13/12 785/728/631 525/721/626
f 223/13/12 87/18/17 523/729/632 785/728/631
f 785/728/631 523/729/632 165/338/293 532/335/290
f 525/721/626 785/728/631 532/335/290 167/334/289
f 52/140/126 324/730/633 786/731/634 255/141/127
f 324/730/633 162/256/242 533/259/245 786/731/634
f 786/731/634 533/259/245 160/261/247 518/572/504
f 255/141/127 786/731/634 518/572/504 111/142/128
f 43/101/87 325/732/635 787/733/636 251/102/88
f 325/732/635 163/184/170 534/187/173 787/733/636
f 787/733/636 534/187/173 159/192/178 517/565/497
f 251/102/88 787/733/636 517/565/497 2/103/89
f 63/372/47 522/720/47 788/734/47 326/370/47
f 522/720/47 164/154/140 535/157/143 788/734/47
f 788/734/47 535/157/143 161/162/148 519/727/47
f 326/370/47 788/734/47 519/727/47 23/315/47
f 10/677/592 375/735/637 789/736/638 235/678/590
f 375/735/637 176/659/576 546/662/579 789/736/638
f 789/736/638 546/662/579 178/316/38 488/737/47
f 235/678/590 789/736/638 488/737/47 135/299/47
f 71/362/47 348/738/47 790/739/47 332/630/47
f 348/738/47 174/376/47 547/636/47 790/739/47
f 790/739/47 547/636/47 177/1/1 466/740/639
f 332/630/47 790/739/47 466/740/639 127/27/26
f 188/557/489 600/741/640 791/742/641 564/558/490
f 600/741/640 221/466/398 548/469/401 791/742/641
f 791/742/641 548/469/401 170/87/73 537/86/72
f 564/558/490 791/742/641 537/86/72 92/85/71
f 179/464/396 599/743/642 792/744/643 555/465/397
f 599/743/642 222/431/363 549/434/366 792/744/643
f 792/744/643 549/434/366 169/213/199 536/212/198
f 555/465/397 792/744/643 536/212/198 83/211/197
f 27/301/47 277/745/47 793/746/47 262/361/47
f 277/745/47 171/321/47 550/374/47 793/746/47
f 793/746/47 550/374/47 174/376/47 348/738/47
f 262/361/47 793/746/47 348/738/47 71/362/47
f 135/299/47 488/737/47 794/747/47 469/300/47
f 488/737/47 178/316/38 551/319/47 794/747/47
f 794/747/47 551/319/47 171/321/47 277/745/47
f 469/300/47 794/747/47 277/745/47 27/301/47
f 45/180/166 304/748/644 795/749/645 252/181/167
f 304/748/644 172/205/191 552/208/194 795/749/645
f 795/749/645 552/208/194 169/213/199 225/437/369
f 252/181/167 795/749/645 225/437/369 4/182/168
f 40/195/181 315/750/646 796/751/647 286/196/182
f 315/750/646 173/79/65 553/82/68 796/751/647
f 796/751/647 553/82/68 170/87/73 234/470/402
f 286/196/182 796/751/647 234/470/402 91/197/183
f 127/27/26 466/740/639 797/752/648 446/28/27
f 466/740/639 177/1/1 554/4/4 797/752/648
f 797/752/648 554/4/4 175/9/8 542/753/649
f 446/28/27 797/752/648 542/753/649 5/29/28
f 5/29/28 542/753/649 798/754/650 402/755/651
f 542/753/649 175/9/8 598/756/652 798/754/650
f 798/754/650 598/756/652 222/431/363 599/743/642
f 402/755/651 798/754/650 599/743/642 179/464/396
f 3/663/580 543/660/577 799/757/653 411/758/654
f 543/660/577 176/659/576 597/759/655 799/757/653
f 799/757/653 597/759/655 221/466/398 600/741/640
f 411/758/654 799/757/653 600/741/640 188/557/489
f 22/340/295 394/339/294 800/760/656 578/761/657
f 394/339/294 165/338/293 596/762/658 800/760/656
f 800/760/656 596/762/658 220/561/493 601/724/629
f 578/761/657 800/760/656 601/724/629 202/516/448
f 1/665/582 395/717/625 801/763/659 558/764/660
f 395/717/625 166/641/558 595/765/661 801/763/659
f 801/763/659 595/765/661 219/566/498 602/722/627
f 558/764/660 801/763/659 602/722/627 182/442/374
f 18/651/568 504/648/565 802/766/662 572/767/663
f 504/648/565 155/647/564 594/768/664 802/766/662
f 802/766/662 594/768/664 218/587/519 603/705/616
f 572/767/663 802/766/662 603/705/616 196/493/425
f 94/37/35 505/715/623 803/769/665 566/770/666
f 505/715/623 156/78/64 593/771/667 803/769/665
f 803/769/665 593/771/667 217/592/524 604/703/614
f 566/770/666 803/769/665 604/703/614 190/475/407
f 32/268/254 385/267/253 804/772/668 428/773/669
f 385/267/253 147/266/252 592/774/670 804/772/668
f 804/772/668 592/774/670 216/525/457 605/639/556
f 428/773/669 804/772/668 605/639/556 205/553/485
f 21/646/563 482/645/562 805/775/671 430/776/672
f 482/645/562 148/430/362 591/777/673 805/775/671
f 805/775/671 591/777/673 215/532/464 606/637/554
f 430/776/672 805/775/671 606/637/554 207/570/502
f 20/64/54 380/63/53 806/778/674 420/779/675
f 380/63/53 131/62/52 590/780/676 806/778/674
f 806/778/674 590/780/676 214/495/427 607/599/531
f 420/779/675 806/778/674 607/599/531 197/506/438
f 68/158/144 451/605/537 807/781/677 424/782/678
f 451/605/537 132/342/297 589/783/679 807/781/677
f 807/781/677 589/783/679 213/512/444 608/597/529
f 424/782/678 807/781/677 608/597/529 201/575/507
f 156/78/64 401/77/63 808/784/680 593/771/667
f 401/77/63 17/48/46 414/785/681 808/784/680
f 808/784/680 414/785/681 191/477/409 609/593/525
f 593/771/667 808/784/680 609/593/525 217/592/524
f 155/647/564 400/697/611 809/786/682 594/768/664
f 400/697/611 11/683/597 416/787/683 809/786/682
f 809/786/682 416/787/683 193/483/415 610/588/520
f 594/768/664 809/786/682 610/588/520 218/587/519
f 116/606/538 399/624/552 810/788/684 588/789/685
f 399/624/552 73/422/354 426/790/686 810/788/684
f 810/788/684 426/790/686 203/519/451 611/585/517
f 588/789/685 810/788/684 611/585/517 212/581/513
f 67/622/550 398/620/548 811/791/687 574/792/688
f 398/620/548 115/610/542 434/793/689 811/791/687
f 811/791/687 434/793/689 211/577/509 612/583/515
f 574/792/688 811/791/687 612/583/515 198/499/431
f 115/610/542 397/607/539 812/794/690 434/793/689
f 397/607/539 116/606/538 588/789/685 812/794/690
f 812/794/690 588/789/685 212/581/513 613/578/510
f 434/793/689 812/794/690 613/578/510 211/577/509
f 33/160/146 396/159/145 813/795/691 584/796/692
f 396/159/145 68/158/144 424/782/678 813/795/691
f 813/795/691 424/782/678 201/575/507 614/573/505
f 584/796/692 813/795/691 614/573/505 208/536/468
f 166/641/558 524/644/561 814/797/693 595/765/661
f 524/644/561 21/646/563 430/776/672 814/797/693
f 814/797/693 430/776/672 207/570/502 615/567/499
f 595/765/661 814/797/693 615/567/499 219/566/498
f 165/338/293 523/729/632 815/798/694 596/762/658
f 523/729/632 87/18/17 406/799/695 815/798/694
f 815/798/694 406/799/695 183/444/376 616/562/494
f 596/762/658 815/798/694 616/562/494 220/561/493
f 84/7/6 393/108/94 816/800/696 556/801/697
f 393/108/94 13/39/37 412/802/698 816/800/696
f 816/800/696 412/802/698 189/471/403 617/559/491
f 556/801/697 816/800/696 617/559/491 180/435/367
f 14/679/593 392/695/609 817/803/699 570/804/700
f 392/695/609 3/663/580 411/758/654 817/803/699
f 817/803/699 411/758/654 188/557/489 618/555/487
f 570/804/700 817/803/699 618/555/487 194/487/419
f 36/270/256 391/269/255 818/805/701 586/806/702
f 391/269/255 32/268/254 428/773/669 818/805/701
f 818/805/701 428/773/669 205/553/485 619/551/483
f 586/806/702 818/805/701 619/551/483 210/543/475
f 19/689/603 390/687/601 819/807/703 582/808/704
f 390/687/601 35/657/574 423/809/705 819/807/703
f 819/807/703 423/809/705 200/508/440 620/549/481
f 582/808/704 819/807/703 620/549/481 206/529/461
f 96/46/44 389/333/288 820/810/706 568/811/707
f 389/333/288 34/66/56 422/812/708 820/810/706
f 820/810/706 422/812/708 199/502/434 621/547/479
f 568/811/707 820/810/706 621/547/479 192/481/413
f 108/288/274 388/287/273 821/813/709 580/814/710
f 388/287/273 114/286/272 432/815/711 821/813/709
f 821/813/709 432/815/711 209/539/471 622/545/477
f 580/814/710 821/813/709 622/545/477 204/523/455
f 114/286/272 387/324/279 822/816/712 432/815/711
f 387/324/279 36/270/256 586/806/702 822/816/712
f 822/816/712 586/806/702 210/543/475 623/540/472
f 432/815/711 822/816/712 623/540/472 209/539/471
f 148/430/362 386/429/361 823/817/713 591/777/673
f 386/429/361 33/160/146 584/796/692 823/817/713
f 823/817/713 584/796/692 208/536/468 624/533/465
f 591/777/673 823/817/713 624/533/465 215/532/464
f 147/266/252 481/690/604 824/818/714 592/774/670
f 481/690/604 19/689/603 582/808/704 824/818/714
f 824/818/714 582/808/704 206/529/461 625/526/458
f 592/774/670 824/818/714 625/526/458 216/525/457
f 73/422/354 384/421/353 825/819/715 426/790/686
f 384/421/353 108/288/274 580/814/710 825/819/715
f 825/819/715 580/814/710 204/523/455 626/520/452
f 426/790/686 825/819/715 626/520/452 203/519/451
f 132/342/297 383/341/296 826/820/716 589/783/679
f 383/341/296 22/340/295 578/761/657 826/820/716
f 826/820/716 578/761/657 202/516/448 627/513/445
f 589/783/679 826/820/716 627/513/445 213/512/444
f 35/657/574 382/654/571 827/821/717 423/809/705
f 382/654/571 15/653/570 418/822/718 827/821/717
f 827/821/717 418/822/718 195/489/421 628/509/441
f 423/809/705 827/821/717 628/509/441 200/508/440
f 34/66/56 381/65/55 828/823/719 422/812/708
f 381/65/55 20/64/54 420/779/675 828/823/719
f 828/823/719 420/779/675 197/506/438 629/503/435
f 422/812/708 828/823/719 629/503/435 199/502/434
f 131/62/52 450/623/551 829/824/720 590/780/676
f 450/623/551 67/622/550 574/792/688 829/824/720
f 829/824/720 574/792/688 198/499/431 630/496/428
f 590/780/676 829/824/720 630/496/428 214/495/427
f 15/653/570 379/685/599 830/825/721 418/822/718
f 379/685/599 18/651/568 572/767/663 830/825/721
f 830/825/721 572/767/663 196/493/425 631/490/422
f 418/822/718 830/825/721 631/490/422 195/489/421
f 11/683/597 378/680/594 831/826/722 416/787/683
f 378/680/594 14/679/593 570/804/700 831/826/722
f 831/826/722 570/804/700 194/487/419 632/484/416
f 416/787/683 831/826/722 632/484/416 193/483/415
f 17/48/46 377/47/45 832/827/723 414/785/681
f 377/47/45 96/46/44 568/811/707 832/827/723
f 832/827/723 568/811/707 192/481/413 633/478/410
f 414/785/681 832/827/723 633/478/410 191/477/409
f 13/39/37 376/38/36 833/828/724 412/802/698
f 376/38/36 94/37/35 566/770/666 833/828/724
f 833/828/724 566/770/666 190/475/407 634/472/404
f 412/802/698 833/828/724 634/472/404 189/471/403
f 176/659/576 375/735/637 834/829/725 597/759/655
f 375/735/637 10/677/592 410/830/726 834/829/725
f 834/829/725 410/830/726 187/458/390 635/467/399
f 597/759/655 834/829/725 635/467/399 221/466/398
f 9/23/22 374/30/29 835/831/727 562/832/728
f 374/30/29 5/29/28 402/755/651 835/831/727
f 835/831/727 402/755/651 179/464/396 636/462/394
f 562/832/728 835/831/727 636/462/394 186/456/388
f 10/677/592 373/675/591 836/833/729 410/830/726
f 373/675/591 8/673/589 408/834/730 836/833/729
f 836/833/729 408/834/730 185/450/382 637/459/391
f 410/830/726 836/833/729 637/459/391 187/458/390
f 7/16/15 372/24/23 837/835/731 560/836/732
f 372/24/23 9/23/22 562/832/728 837/835/731
f 837/835/731 562/832/728 186/456/388 638/454/386
f 560/836/732 837/835/731 638/454/386 184/448/380
f 8/673/589 371/671/587 838/837/733 408/834/730
f 371/671/587 6/669/585 404/838/734 838/837/733
f 838/837/733 404/838/734 181/438/370 639/451/383
f 408/834/730 838/837/733 639/451/383 185/450/382
f 87/18/17 370/17/16 839/839/735 406/799/695
f 370/17/16 7/16/15 560/836/732 839/839/735
f 839/839/735 560/836/732 184/448/380 640/445/377
f 406/799/695 839/839/735 640/445/377 183/444/376
f 6/669/585 369/666/583 840/840/736 404/838/734
f 369/666/583 1/665/582 558/764/660 840/840/736
f 840/840/736 558/764/660 182/442/374 641/439/371
f 404/838/734 840/840/736 641/439/371 181/438/370
f 175/9/8 368/8/7 841/841/737 598/756/652
f 368/8/7 84/7/6 556/801/697 841/841/737
f 841/841/737 556/801/697 180/435/367 642/432/364
f 598/756/652 841/841/737 642/432/364 222/431/363
s 2
f 1018/842/738 1395/843/739 1484/844/740 1385/845/741
f 1385/845/741 1484/844/740 1065/846/742 959/847/741
f 1484/844/740 1209/848/743 925/849/744 1065/846/742
f 1395/843/739 1016/850/745 1209/848/743 1484/844/740
f 958/851/746 1064/852/747 1485/853/748 1306/854/749
f 1306/854/749 1485/853/748 1285/855/750 966/856/751
f 1485/853/748 1211/857/752 848/858/753 1285/855/750
f 1064/852/747 928/859/754 1211/857/752 1485/853/748
f 966/856/751 1285/855/750 1486/860/755 1305/861/756
f 1305/861/756 1486/860/755 1286/862/757 967/863/758
f 1486/860/755 1213/864/759 850/865/760 1286/862/757
f 1285/855/750 848/858/753 1213/864/759 1486/860/755
f 967/863/758 1286/862/757 1487/866/761 1304/867/762
f 1304/867/762 1487/866/761 1287/868/763 968/869/764
f 1487/866/761 1215/870/765 846/871/766 1287/868/763
f 1286/862/757 850/865/760 1215/870/765 1487/866/761
f 969/872/767 1288/873/768 1488/874/769 1303/875/770
f 1303/875/770 1488/874/769 1077/876/771 960/877/764
f 1488/874/769 1217/878/772 935/879/773 1077/876/771
f 1288/873/768 854/880/774 1217/878/772 1488/874/769
f 970/881/775 1289/882/776 1489/883/777 1302/884/778
f 1302/884/778 1489/883/777 1079/885/779 961/886/780
f 1489/883/777 1218/887/781 937/888/782 1079/885/779
f 1289/882/776 858/889/783 1218/887/781 1489/883/777
f 865/890/784 1168/891/784 1490/892/784 1159/893/784
f 1159/893/784 1490/892/784 1106/894/784 871/895/784
f 1490/892/784 1183/896/784 913/897/784 1106/894/784
f 1168/891/784 905/898/784 1183/896/784 1490/892/784
f 964/899/785 1125/900/786 1491/901/787 1301/902/788
f 1301/902/788 1491/901/787 1221/903/789 972/904/790
f 1491/901/787 1222/905/791 861/906/792 1221/903/789
f 1125/900/786 875/907/793 1222/905/791 1491/901/787
f 980/908/794 1100/909/784 1492/910/784 1338/911/795
f 1338/911/795 1492/910/784 1311/912/784 977/913/796
f 1492/910/784 1159/893/784 871/895/784 1311/912/784
f 1100/909/784 865/890/784 1159/893/784 1492/910/784
f 998/914/797 1357/915/798 1493/916/776 1347/917/799
f 1347/917/799 1493/916/776 1289/882/776 970/881/775
f 1493/916/776 1242/918/800 858/889/783 1289/882/776
f 1357/915/798 997/919/801 1242/918/800 1493/916/776
f 1014/920/65 1394/921/802 1494/922/803 1381/923/804
f 1381/923/804 1494/922/803 1090/924/805 880/925/806
f 1494/922/803 1378/926/807 933/927/808 1090/924/805
f 1394/921/802 1011/928/809 1378/926/807 1494/922/803
f 903/929/810 1124/930/811 1495/931/812 1155/932/813
f 1155/932/813 1495/931/812 1091/933/814 882/934/815
f 1495/931/812 1119/935/816 857/936/817 1091/933/814
f 1124/930/811 944/937/818 1119/935/816 1495/931/812
f 885/938/819 1129/939/820 1496/940/821 1154/941/822
f 1154/941/822 1496/940/821 1092/942/823 884/943/824
f 1496/940/821 1068/944/825 843/945/826 1092/942/823
f 1129/939/820 929/946/827 1068/944/825 1496/940/821
f 959/847/741 1065/846/742 1497/947/828 1299/948/829
f 1299/948/829 1497/947/828 1288/873/768 969/872/767
f 1497/947/828 1234/949/830 854/880/774 1288/873/768
f 1065/846/742 925/849/744 1234/949/830 1497/947/828
f 902/950/831 1123/951/832 1498/952/833 1153/953/834
f 1153/953/834 1498/952/833 1094/954/835 888/955/836
f 1498/952/833 1120/956/837 950/957/838 1094/954/835
f 1123/951/832 945/958/839 1120/956/837 1498/952/833
f 891/959/104 1132/960/840 1499/961/841 1152/962/105
f 1152/962/105 1499/961/841 1095/963/842 890/964/108
f 1499/961/841 1069/965/843 930/966/844 1095/963/842
f 1132/960/840 926/967/845 1069/965/843 1499/961/841
f 892/968/846 1133/969/847 1500/970/848 1151/971/849
f 1151/971/849 1500/970/848 1126/972/850 879/973/851
f 1500/970/848 1081/974/852 938/975/853 1126/972/850
f 1133/969/847 939/976/854 1081/974/852 1500/970/848
f 987/977/855 1337/978/856 1501/979/857 1321/980/858
f 1321/980/858 1501/979/857 1096/981/859 893/982/860
f 1501/979/857 1318/983/861 952/984/862 1096/981/859
f 1337/978/856 984/985/863 1318/983/861 1501/979/857
f 895/986/864 1135/987/865 1502/988/866 1149/989/867
f 1149/989/867 1502/988/866 1130/990/868 887/991/869
f 1502/988/866 1078/992/870 934/993/871 1130/990/868
f 1135/987/865 853/994/872 1078/992/870 1502/988/866
f 1005/995/873 1376/996/874 1503/997/875 1181/998/876
f 1181/998/876 1503/997/875 1237/999/877 909/1000/878
f 1503/997/875 1164/1001/879 874/1002/880 1237/999/877
f 1376/996/874 1002/1003/881 1164/1001/879 1503/997/875
f 896/1004/882 1136/1005/883 1504/1006/884 1148/1007/885
f 1148/1007/885 1504/1006/884 1129/939/820 885/938/819
f 1504/1006/884 1071/1008/886 929/946/827 1129/939/820
f 1136/1005/883 931/1009/887 1071/1008/886 1504/1006/884
f 994/1010/888 1356/1011/889 1505/1012/890 1343/1013/891
f 1343/1013/891 1505/1012/890 1089/1014/892 878/1015/893
f 1505/1012/890 1339/1016/894 941/1017/895 1089/1014/892
f 1356/1011/889 990/1018/896 1339/1016/894 1505/1012/890
f 887/991/869 1130/990/868 1506/1019/897 1161/1020/898
f 1161/1020/898 1506/1019/897 1093/1021/899 886/1022/900
f 1506/1019/897 1158/1023/901 845/1024/902 1093/1021/899
f 1130/990/868 934/993/871 1158/1023/901 1506/1019/897
f 1004/1025/903 1375/1026/904 1507/1027/905 1362/1028/906
f 1362/1028/906 1507/1027/905 1134/1029/907 894/1030/908
f 1507/1027/905 1162/1031/909 947/1032/910 1134/1029/907
f 1375/1026/904 1000/1033/911 1162/1031/909 1507/1027/905
f 890/964/108 1095/963/842 1508/1034/912 1147/1035/179
f 1147/1035/179 1508/1034/912 1127/1036/913 881/1037/181
f 1508/1034/912 1072/1038/914 932/1039/915 1127/1036/913
f 1095/963/842 930/966/844 1072/1038/914 1508/1034/912
f 878/1015/893 1089/1014/892 1509/1040/916 1146/1041/917
f 1146/1041/917 1509/1040/916 1131/1042/918 889/1043/919
f 1509/1040/916 1083/1044/920 940/1045/921 1131/1042/918
f 1089/1014/892 941/1017/895 1083/1044/920 1509/1040/916
f 1013/1046/922 1393/1047/923 1510/1048/924 1380/1049/925
f 1380/1049/925 1510/1048/924 1098/1050/926 899/1051/927
f 1510/1048/924 1377/1052/928 924/1053/929 1098/1050/926
f 1393/1047/923 1010/1054/930 1377/1052/928 1510/1048/924
f 882/934/815 1091/933/814 1511/1055/931 1144/1056/932
f 1144/1056/932 1511/1055/931 1137/1057/933 897/1058/934
f 1511/1055/931 1080/1059/935 936/1060/936 1137/1057/933
f 1091/933/814 857/936/817 1080/1059/935 1511/1055/931
f 899/1051/927 1098/1050/926 1512/1061/937 1143/1062/938
f 1143/1062/938 1512/1061/937 1136/1005/883 896/1004/882
f 1512/1061/937 1074/1063/939 931/1009/887 1136/1005/883
f 1098/1050/926 924/1053/929 1074/1063/939 1512/1061/937
f 971/1064/940 1298/1065/941 1513/1066/942 1290/1067/943
f 1290/1067/943 1513/1066/942 1128/1068/944 883/1069/945
f 1513/1066/942 1085/1070/946 943/1071/947 1128/1068/944
f 1298/1065/941 962/1072/948 1085/1070/946 1513/1066/942
f 898/1073/218 1097/1074/949 1514/1075/950 1142/1076/219
f 1142/1076/219 1514/1075/950 1132/960/840 891/959/104
f 1514/1075/950 1067/1077/951 926/967/845 1132/960/840
f 1097/1074/949 927/1078/952 1067/1077/951 1514/1075/950
f 986/1079/953 1336/1080/954 1515/1081/955 1320/1082/956
f 1320/1082/956 1515/1081/955 1110/1083/957 900/1084/958
f 1515/1081/955 1108/1085/959 951/1086/960 1110/1083/957
f 1336/1080/954 983/1087/961 1108/1085/959 1515/1081/955
f 916/1088/962 1179/1089/963 1516/1090/964 1176/1091/965
f 1176/1091/965 1516/1090/964 1111/1092/966 901/1093/967
f 1516/1090/964 1170/1094/968 953/1095/969 1111/1092/966
f 1179/1089/963 946/1096/970 1170/1094/968 1516/1090/964
f 1003/1097/242 1374/1098/971 1517/1099/972 1361/1100/243
f 1361/1100/243 1517/1099/972 1097/1074/949 898/1073/218
f 1517/1099/972 1163/1101/973 927/1078/952 1097/1074/949
f 1374/1098/971 1001/1102/974 1163/1101/973 1517/1099/972
f 985/1103/975 1122/1104/976 1518/1105/977 1335/1106/978
f 1335/1106/978 1518/1105/977 1226/1107/979 988/1108/980
f 1518/1105/977 1232/1109/981 873/1110/982 1226/1107/979
f 1122/1104/976 877/1111/983 1232/1109/981 1518/1105/977
f 993/1112/984 1355/1113/985 1519/1114/986 1342/1115/987
f 1342/1115/987 1519/1114/986 1135/987/865 895/986/864
f 1519/1114/986 1340/1116/988 853/994/872 1135/987/865
f 1355/1113/985 991/1117/989 1340/1116/988 1519/1114/986
f 880/925/806 1090/924/805 1520/1118/990 1160/1119/991
f 1160/1119/991 1520/1118/990 1133/969/847 892/968/846
f 1520/1118/990 1157/1120/992 939/976/854 1133/969/847
f 1090/924/805 933/927/808 1157/1120/992 1520/1118/990
f 978/1121/993 1312/1122/994 1521/1123/995 1334/1124/996
f 1334/1124/996 1521/1123/995 1105/1125/997 982/1126/998
f 1521/1123/995 1229/1127/999 955/1128/1000 1105/1125/997
f 1312/1122/994 949/1129/1001 1229/1127/999 1521/1123/995
f 977/913/796 1311/912/784 1522/1130/784 1333/1131/796
f 1333/1131/796 1522/1130/784 1104/1132/784 981/1133/1002
f 1522/1130/784 1114/1134/784 869/1135/784 1104/1132/784
f 1311/912/784 871/895/784 1114/1134/784 1522/1130/784
f 975/1136/784 1309/1137/784 1523/1138/784 1332/1139/784
f 1332/1139/784 1523/1138/784 1310/1140/784 976/1141/784
f 1523/1138/784 1115/1142/784 868/1143/784 1310/1140/784
f 1309/1137/784 867/1144/784 1115/1142/784 1523/1138/784
f 974/1145/784 1308/1146/784 1524/1147/784 1331/1148/784
f 1331/1148/784 1524/1147/784 1309/1137/784 975/1136/784
f 1524/1147/784 1116/1149/784 867/1144/784 1309/1137/784
f 1308/1146/784 866/1150/784 1116/1149/784 1524/1147/784
f 979/1151/784 1099/1152/784 1525/1153/784 1330/1154/784
f 1330/1154/784 1525/1153/784 1308/1146/784 974/1145/784
f 1525/1153/784 1117/1155/784 866/1150/784 1308/1146/784
f 1099/1152/784 864/1156/784 1117/1155/784 1525/1153/784
f 1019/1157/775 1392/1158/784 1526/1159/784 1386/1160/1003
f 1386/1160/1003 1526/1159/784 1100/909/784 980/908/794
f 1526/1159/784 1379/1161/784 865/890/784 1100/909/784
f 1392/1158/784 1012/1162/784 1379/1161/784 1526/1159/784
f 982/1126/998 1105/1125/997 1527/1163/1004 1328/1164/1005
f 1328/1164/1005 1527/1163/1004 1122/1104/976 985/1103/975
f 1527/1163/1004 1228/1165/1006 877/1111/983 1122/1104/976
f 1105/1125/997 955/1128/1000 1228/1165/1006 1527/1163/1004
f 889/1043/919 1131/1042/918 1528/1166/1007 1139/1167/1008
f 1139/1167/1008 1528/1166/1007 1123/951/832 902/950/831
f 1528/1166/1007 1087/1168/1009 945/958/839 1123/951/832
f 1131/1042/918 940/1045/921 1087/1168/1009 1528/1166/1007
f 883/1069/945 1128/1068/944 1529/1169/1010 1138/1170/1011
f 1138/1170/1011 1529/1169/1010 1124/930/811 903/929/810
f 1529/1169/1010 1086/1171/1012 944/937/818 1124/930/811
f 1128/1068/944 943/1071/947 1086/1171/1012 1529/1169/1010
f 961/886/780 1079/885/779 1530/1172/1013 1297/1173/1014
f 1297/1173/1014 1530/1172/1013 1125/900/786 964/899/785
f 1530/1172/1013 1230/1174/1015 875/907/793 1125/900/786
f 1079/885/779 937/888/782 1230/1174/1015 1530/1172/1013
f 1008/1175/1016 1296/1176/1017 1531/1177/1018 1373/1178/1019
f 1373/1178/1019 1531/1177/1018 1235/1179/1020 1006/1180/1021
f 1531/1177/1018 1224/1181/1022 863/1182/1023 1235/1179/1020
f 1296/1176/1017 973/1183/1024 1224/1181/1022 1531/1177/1018
f 965/1184/1025 1295/1185/1026 1532/1186/1027 1284/1187/1028
f 1284/1187/1028 1532/1186/1027 1179/1089/963 916/1088/962
f 1532/1186/1027 1282/1188/1029 946/1096/970 1179/1089/963
f 1295/1185/1026 963/1189/1030 1282/1188/1029 1532/1186/1027
f 999/1190/1031 1354/1191/1032 1533/1192/1033 1348/1193/1034
f 1348/1193/1034 1533/1192/1033 1312/1122/994 978/1121/993
f 1533/1192/1033 1341/1194/1035 949/1129/1001 1312/1122/994
f 1354/1191/1032 992/1195/1036 1341/1194/1035 1533/1192/1033
f 871/895/784 1106/894/784 1534/1196/784 1114/1134/784
f 1114/1134/784 1534/1196/784 1169/1197/784 869/1135/784
f 1534/1196/784 1185/1198/784 906/1199/784 1169/1197/784
f 1106/894/784 913/897/784 1185/1198/784 1534/1196/784
f 867/1144/784 1102/1200/784 1535/1201/784 1115/1142/784
f 1115/1142/784 1535/1201/784 1103/1202/784 868/1143/784
f 1535/1201/784 1186/1203/784 912/1204/784 1103/1202/784
f 1102/1200/784 911/1205/784 1186/1203/784 1535/1201/784
f 866/1150/784 1101/1206/784 1536/1207/784 1116/1149/784
f 1116/1149/784 1536/1207/784 1102/1200/784 867/1144/784
f 1536/1207/784 1187/1208/784 911/1205/784 1102/1200/784
f 1101/1206/784 910/1209/784 1187/1208/784 1536/1207/784
f 864/1156/784 1167/1210/784 1537/1211/784 1117/1155/784
f 1117/1155/784 1537/1211/784 1101/1206/784 866/1150/784
f 1537/1211/784 1188/1212/784 910/1209/784 1101/1206/784
f 1167/1210/784 904/1213/784 1188/1212/784 1537/1211/784
f 1012/1162/784 1391/1214/784 1538/1215/784 1379/1161/784
f 1379/1161/784 1538/1215/784 1168/891/784 865/890/784
f 1538/1215/784 1382/1216/784 905/898/784 1168/891/784
f 1391/1214/784 1015/1217/784 1382/1216/784 1538/1215/784
f 907/1218/310 1196/1219/313 1539/1220/1037 1184/1221/1038
f 1184/1221/1038 1539/1220/1037 1195/1222/1039 948/1223/1040
f 1539/1220/1037 1194/1224/317 922/1225/1041 1195/1222/1039
f 1196/1219/313 921/1226/313 1194/1224/317 1539/1220/1037
f 948/1223/1040 1195/1222/1039 1540/1227/1042 1107/1228/1043
f 1107/1228/1043 1540/1227/1042 1197/1229/1044 872/1230/1045
f 1540/1227/1042 1190/1231/1046 919/1232/322 1197/1229/1044
f 1195/1222/1039 922/1225/1041 1190/1231/1046 1540/1227/1042
f 872/1230/1045 1197/1229/1044 1541/1233/1047 1113/1234/1048
f 1113/1234/1048 1541/1233/1047 1198/1235/1049 870/1236/1050
f 1541/1233/1047 1192/1237/329 918/1238/328 1198/1235/1049
f 1197/1229/1044 919/1232/322 1192/1237/329 1541/1233/1047
f 870/1236/1050 1198/1235/1049 1542/1239/1051 1112/1240/1052
f 1112/1240/1052 1542/1239/1051 1199/1241/333 954/1242/1053
f 1542/1239/1051 1191/1243/335 920/1244/334 1199/1241/333
f 1198/1235/1049 918/1238/328 1191/1243/335 1542/1239/1051
f 915/1245/1054 1200/1246/1055 1543/1247/1056 1178/1248/1057
f 1178/1248/1057 1543/1247/1056 1196/1219/313 907/1218/310
f 1543/1247/1056 1193/1249/340 921/1226/313 1196/1219/313
f 1200/1246/1055 923/1250/341 1193/1249/340 1543/1247/1056
f 942/1251/1058 1180/1252/1059 1544/1253/1060 1182/1254/1061
f 1182/1254/1061 1544/1253/1060 1200/1246/1055 915/1245/1054
f 1544/1253/1060 1201/1255/1062 923/1250/341 1200/1246/1055
f 1180/1252/1059 917/1256/1063 1201/1255/1062 1544/1253/1060
f 900/1084/958 1110/1083/957 1545/1257/1064 1202/1258/348
f 1202/1258/348 1545/1257/1064 1199/1241/333 920/1244/334
f 1545/1257/1064 1121/1259/1065 954/1242/1053 1199/1241/333
f 1110/1083/957 951/1086/960 1121/1259/1065 1545/1257/1064
f 992/1195/1036 1353/1260/1066 1546/1261/1067 1341/1194/1035
f 1341/1194/1035 1546/1261/1067 1225/1262/1068 949/1129/1001
f 1546/1261/1067 1344/1263/1069 914/1264/1070 1225/1262/1068
f 1353/1260/1066 995/1265/1071 1344/1263/1069 1546/1261/1067
f 1009/1266/1072 1326/1267/1073 1547/1268/1074 1372/1269/1075
f 1372/1269/1075 1547/1268/1074 1164/1001/879 1002/1003/881
f 1547/1268/1074 1227/1270/1076 874/1002/880 1164/1001/879
f 1326/1267/1073 989/1271/1077 1227/1270/1076 1547/1268/1074
f 1063/1272/1078 1390/1273/1079 1548/1274/1080 1483/1275/1081
f 1483/1275/1081 1548/1274/1080 1244/1276/1082 1021/1277/1083
f 1548/1274/1080 1066/1278/1084 845/1024/902 1244/1276/1082
f 1390/1273/1079 1010/1054/930 1066/1278/1084 1548/1274/1080
f 1022/1279/1085 1398/1280/1086 1549/1281/1087 1482/1282/1088
f 1482/1282/1088 1549/1281/1087 1246/1283/1089 1023/1284/1090
f 1549/1281/1087 1067/1077/951 927/1078/952 1246/1283/1089
f 1398/1280/1086 926/967/845 1067/1077/951 1549/1281/1087
f 1024/1285/1091 1400/1286/1092 1550/1287/1093 1481/1288/1094
f 1481/1288/1094 1550/1287/1093 1248/1289/1095 1025/1290/1096
f 1550/1287/1093 1068/944/825 929/946/827 1248/1289/1095
f 1400/1286/1092 843/945/826 1068/944/825 1550/1287/1093
f 1026/1291/1097 1402/1292/1098 1551/1293/1099 1480/1294/1100
f 1480/1294/1100 1551/1293/1099 1398/1280/1086 1022/1279/1085
f 1551/1293/1099 1069/965/843 926/967/845 1398/1280/1086
f 1402/1292/1098 930/966/844 1069/965/843 1551/1293/1099
f 1025/1290/1096 1248/1289/1095 1552/1295/1101 1479/1296/1102
f 1479/1296/1102 1552/1295/1101 1250/1297/1103 1027/1298/1104
f 1552/1295/1101 1071/1008/886 931/1009/887 1250/1297/1103
f 1248/1289/1095 929/946/827 1071/1008/886 1552/1295/1101
f 1028/1299/1105 1404/1300/1106 1553/1301/1107 1478/1302/1108
f 1478/1302/1108 1553/1301/1107 1402/1292/1098 1026/1291/1097
f 1553/1301/1107 1072/1038/914 930/966/844 1402/1292/1098
f 1404/1300/1106 932/1039/915 1072/1038/914 1553/1301/1107
f 1027/1298/1104 1250/1297/1103 1554/1303/1109 1477/1304/1110
f 1477/1304/1110 1554/1303/1109 1396/1305/1111 1020/1306/1112
f 1554/1303/1109 1074/1063/939 924/1053/929 1396/1305/1111
f 1250/1297/1103 931/1009/887 1074/1063/939 1554/1303/1109
f 1062/1307/1113 1389/1308/1114 1555/1309/1115 1476/1310/1116
f 1476/1310/1116 1555/1309/1115 1404/1300/1106 1028/1299/1105
f 1555/1309/1115 1075/1311/1117 932/1039/915 1404/1300/1106
f 1389/1308/1114 1011/928/809 1075/1311/1117 1555/1309/1115
f 1030/1312/1118 1406/1313/1119 1556/1314/1120 1475/1315/1121
f 1475/1315/1121 1556/1314/1120 1254/1316/1122 1031/1317/1123
f 1556/1314/1120 1078/992/870 853/994/872 1254/1316/1122
f 1406/1313/1119 934/993/871 1078/992/870 1556/1314/1120
f 1032/1318/1124 1408/1319/1125 1557/1320/1126 1474/1321/1127
f 1474/1321/1127 1557/1320/1126 1256/1322/1128 1033/1323/1129
f 1557/1320/1126 1080/1059/935 857/936/817 1256/1322/1128
f 1408/1319/1125 936/1060/936 1080/1059/935 1557/1320/1126
f 1034/1324/1130 1410/1325/1131 1558/1326/1132 1473/1327/1133
f 1473/1327/1133 1558/1326/1132 1258/1328/1134 1035/1329/1135
f 1558/1326/1132 1081/974/852 939/976/854 1258/1328/1134
f 1410/1325/1131 938/975/853 1081/974/852 1558/1326/1132
f 1036/1330/1136 1412/1331/1137 1559/1332/1138 1472/1333/1139
f 1472/1333/1139 1559/1332/1138 1260/1334/1140 1037/1335/1141
f 1559/1332/1138 1083/1044/920 941/1017/895 1260/1334/1140
f 1412/1331/1137 940/1045/921 1083/1044/920 1559/1332/1138
f 1055/1336/1142 1294/1337/1143 1560/1338/1144 1471/1339/1145
f 1471/1339/1145 1560/1338/1144 1262/1340/1146 1039/1341/1147
f 1560/1338/1144 1281/1342/1148 942/1251/1058 1262/1340/1146
f 1294/1337/1143 962/1072/948 1281/1342/1148 1560/1338/1144
f 1040/1343/1149 1416/1344/1150 1561/1345/1151 1470/1346/1152
f 1470/1346/1152 1561/1345/1151 1414/1347/1153 1038/1348/1154
f 1561/1345/1151 1086/1171/1012 943/1071/947 1414/1347/1153
f 1416/1344/1150 944/937/818 1086/1171/1012 1561/1345/1151
f 1041/1349/1155 1417/1350/1156 1562/1351/1157 1469/1352/1158
f 1469/1352/1158 1562/1351/1157 1412/1331/1137 1036/1330/1136
f 1562/1351/1157 1087/1168/1009 940/1045/921 1412/1331/1137
f 1417/1350/1156 945/958/839 1087/1168/1009 1562/1351/1157
f 1054/1353/1159 1293/1354/1160 1563/1355/1161 1468/1356/1162
f 1468/1356/1162 1563/1355/1161 1266/1357/1163 1043/1358/1164
f 1563/1355/1161 1088/1359/1165 947/1032/910 1266/1357/1163
f 1293/1354/1160 963/1189/1030 1088/1359/1165 1563/1355/1161
f 1044/1360/1166 1420/1361/1167 1564/1362/1168 1467/1363/1169
f 1467/1363/1169 1564/1362/1168 1268/1364/1170 1045/1365/1171
f 1564/1362/1168 1107/1228/1043 872/1230/1045 1268/1364/1170
f 1420/1361/1167 948/1223/1040 1107/1228/1043 1564/1362/1168
f 1057/1366/1172 1325/1367/1173 1565/1368/1174 1466/1369/1175
f 1466/1369/1175 1565/1368/1174 1270/1370/1176 1047/1371/1177
f 1565/1368/1174 1317/1372/1178 950/957/838 1270/1370/1176
f 1325/1367/1173 983/1087/961 1317/1372/1178 1565/1368/1174
f 1056/1373/1179 1324/1374/1180 1566/1375/1181 1465/1376/1182
f 1465/1376/1182 1566/1375/1181 1272/1377/1183 1049/1378/1184
f 1566/1375/1181 1109/1379/1185 953/1095/969 1272/1377/1183
f 1324/1374/1180 984/985/863 1109/1379/1185 1566/1375/1181
f 1050/1380/1186 1426/1381/1187 1567/1382/1188 1464/1383/1189
f 1464/1383/1189 1567/1382/1188 1274/1384/1190 1051/1385/1191
f 1567/1382/1188 1112/1240/1052 954/1242/1053 1274/1384/1190
f 1426/1381/1187 870/1236/1050 1112/1240/1052 1567/1382/1188
f 1045/1365/1171 1268/1364/1170 1568/1386/1192 1463/1387/1193
f 1463/1387/1193 1568/1386/1192 1426/1381/1187 1050/1380/1186
f 1568/1386/1192 1113/1234/1048 870/1236/1050 1426/1381/1187
f 1268/1364/1170 872/1230/1045 1113/1234/1048 1568/1386/1192
f 1033/1323/1129 1256/1322/1128 1569/1388/1194 1462/1389/1195
f 1462/1389/1195 1569/1388/1194 1416/1344/1150 1040/1343/1149
f 1569/1388/1194 1119/935/816 944/937/818 1416/1344/1150
f 1256/1322/1128 857/936/817 1119/935/816 1569/1388/1194
f 1047/1371/1177 1270/1370/1176 1570/1390/1196 1461/1391/1197
f 1461/1391/1197 1570/1390/1196 1417/1350/1156 1041/1349/1155
f 1570/1390/1196 1120/956/837 945/958/839 1417/1350/1156
f 1270/1370/1176 950/957/838 1120/956/837 1570/1390/1196
f 1051/1385/1191 1274/1384/1190 1571/1392/1198 1460/1393/1199
f 1460/1393/1199 1571/1392/1198 1422/1394/1200 1046/1395/1201
f 1571/1392/1198 1121/1259/1065 951/1086/960 1422/1394/1200
f 1274/1384/1190 954/1242/1053 1121/1259/1065 1571/1392/1198
f 1035/1329/1135 1258/1328/1134 1572/1396/1202 1459/1397/1203
f 1459/1397/1203 1572/1396/1202 1405/1398/1204 1029/1399/1205
f 1572/1396/1202 1157/1120/992 933/927/808 1405/1398/1204
f 1258/1328/1134 939/976/854 1157/1120/992 1572/1396/1202
f 1021/1277/1083 1244/1276/1082 1573/1400/1206 1458/1401/1207
f 1458/1401/1207 1573/1400/1206 1406/1313/1119 1030/1312/1118
f 1573/1400/1206 1158/1023/901 934/993/871 1406/1313/1119
f 1244/1276/1082 845/1024/902 1158/1023/901 1573/1400/1206
f 1061/1402/1208 1371/1403/1209 1574/1404/1210 1457/1405/1211
f 1457/1405/1211 1574/1404/1210 1400/1286/1092 1024/1285/1091
f 1574/1404/1210 1358/1406/1212 843/945/826 1400/1286/1092
f 1371/1403/1209 1000/1033/911 1358/1406/1212 1574/1404/1210
f 1060/1407/1213 1370/1408/1214 1575/1409/1215 1456/1410/1216
f 1456/1410/1216 1575/1409/1215 1424/1411/1217 1048/1412/1218
f 1575/1409/1215 1359/1413/1219 952/984/862 1424/1411/1217
f 1370/1408/1214 1001/1102/974 1359/1413/1219 1575/1409/1215
f 1049/1378/1184 1272/1377/1183 1576/1414/1220 1455/1415/1221
f 1455/1415/1221 1576/1414/1220 1418/1416/1222 1042/1417/1223
f 1576/1414/1220 1170/1094/968 946/1096/970 1418/1416/1222
f 1272/1377/1183 953/1095/969 1170/1094/968 1576/1414/1220
f 1052/1418/1224 1428/1419/1225 1577/1420/1226 1454/1421/1227
f 1454/1421/1227 1577/1420/1226 1276/1422/1228 1053/1423/1229
f 1577/1420/1226 1178/1248/1057 907/1218/310 1276/1422/1228
f 1428/1419/1225 915/1245/1054 1178/1248/1057 1577/1420/1226
f 1039/1341/1147 1262/1340/1146 1578/1424/1230 1453/1425/1231
f 1453/1425/1231 1578/1424/1230 1428/1419/1225 1052/1418/1224
f 1578/1424/1230 1182/1254/1061 915/1245/1054 1428/1419/1225
f 1262/1340/1146 942/1251/1058 1182/1254/1061 1578/1424/1230
f 1053/1423/1229 1276/1422/1228 1579/1426/1232 1452/1427/1233
f 1452/1427/1233 1579/1426/1232 1420/1361/1167 1044/1360/1166
f 1579/1426/1232 1184/1221/1038 948/1223/1040 1420/1361/1167
f 1276/1422/1228 907/1218/310 1184/1221/1038 1579/1426/1232
f 1059/1428/1234 1352/1429/1235 1580/1430/1236 1451/1431/1237
f 1451/1431/1237 1580/1430/1236 1410/1325/1131 1034/1324/1130
f 1580/1430/1236 1203/1432/1238 938/975/853 1410/1325/1131
f 1352/1429/1235 990/1018/896 1203/1432/1238 1580/1430/1236
f 1058/1433/1239 1351/1434/1240 1581/1435/1241 1450/1436/1242
f 1450/1436/1242 1581/1435/1241 1408/1319/1125 1032/1318/1124
f 1581/1435/1241 1204/1437/1243 936/1060/936 1408/1319/1125
f 1351/1434/1240 991/1117/989 1204/1437/1243 1581/1435/1241
f 1042/1417/1223 1418/1416/1222 1582/1438/1244 1449/1439/1245
f 1449/1439/1245 1582/1438/1244 1293/1354/1160 1054/1353/1159
f 1582/1438/1244 1282/1188/1029 963/1189/1030 1293/1354/1160
f 1418/1416/1222 946/1096/970 1282/1188/1029 1582/1438/1244
f 1038/1348/1154 1414/1347/1153 1583/1440/1246 1448/1441/1247
f 1448/1441/1247 1583/1440/1246 1294/1337/1143 1055/1336/1142
f 1583/1440/1246 1085/1070/946 962/1072/948 1294/1337/1143
f 1414/1347/1153 943/1071/947 1085/1070/946 1583/1440/1246
f 894/1030/908 1134/1029/907 1584/1442/1248 1140/1443/1249
f 1140/1443/1249 1584/1442/1248 1295/1185/1026 965/1184/1025
f 1584/1442/1248 1088/1359/1165 963/1189/1030 1295/1185/1026
f 1134/1029/907 947/1032/910 1088/1359/1165 1584/1442/1248
f 1005/995/873 1181/998/876 1585/1444/1250 1369/1445/1251
f 1369/1445/1251 1585/1444/1250 1296/1176/1017 1008/1175/1016
f 1585/1444/1250 1292/1446/1252 973/1183/1024 1296/1176/1017
f 1181/998/876 909/1000/878 1292/1446/1252 1585/1444/1250
f 957/1447/1253 1280/1448/1254 1586/1449/1255 1238/1450/1256
f 1238/1450/1256 1586/1449/1255 1283/1451/1257 956/1452/1258
f 1586/1449/1255 1297/1173/1014 964/899/785 1283/1451/1257
f 1280/1448/1254 961/886/780 1297/1173/1014 1586/1449/1255
f 917/1256/1063 1180/1252/1059 1587/1453/1259 1177/1454/1260
f 1177/1454/1260 1587/1453/1259 1298/1065/941 971/1064/940
f 1587/1453/1259 1281/1342/1148 962/1072/948 1298/1065/941
f 1180/1252/1059 942/1251/1058 1281/1342/1148 1587/1453/1259
f 905/898/784 1278/1455/784 1588/1456/784 1183/896/784
f 1183/896/784 1588/1456/784 1174/1457/784 913/897/784
f 1588/1456/784 1299/948/829 969/872/767 1174/1457/784
f 1278/1455/784 959/847/741 1299/948/829 1588/1456/784
f 995/1265/1071 1350/1458/1034 1589/1459/1261 1344/1263/1069
f 1344/1263/1069 1589/1459/1261 1175/1460/1262 914/1264/1070
f 1589/1459/1261 1347/917/799 970/881/775 1175/1460/1262
f 1350/1458/1034 998/914/797 1347/917/799 1589/1459/1261
f 956/1452/1258 1283/1451/1257 1590/1461/1263 1239/1462/1264
f 1239/1462/1264 1590/1461/1263 1291/1463/1265 908/1464/1266
f 1590/1461/1263 1301/902/788 972/904/790 1291/1463/1265
f 1283/1451/1257 964/899/785 1301/902/788 1590/1461/1263
f 914/1264/1070 1175/1460/1262 1591/1465/1267 1240/1466/1268
f 1240/1466/1268 1591/1465/1267 1280/1448/1254 957/1447/1253
f 1591/1465/1267 1302/884/778 961/886/780 1280/1448/1254
f 1175/1460/1262 970/881/775 1302/884/778 1591/1465/1267
f 913/897/784 1174/1457/784 1592/1467/784 1185/1198/784
f 1185/1198/784 1592/1467/784 1279/1468/784 906/1199/784
f 1592/1467/784 1303/875/770 960/877/764 1279/1468/784
f 1174/1457/784 969/872/767 1303/875/770 1592/1467/784
f 911/1205/784 1172/1469/784 1593/1470/784 1186/1203/784
f 1186/1203/784 1593/1470/784 1173/1471/784 912/1204/784
f 1593/1470/784 1304/867/762 968/869/764 1173/1471/784
f 1172/1469/784 967/863/758 1304/867/762 1593/1470/784
f 910/1209/784 1171/1472/784 1594/1473/784 1187/1208/784
f 1187/1208/784 1594/1473/784 1172/1469/784 911/1205/784
f 1594/1473/784 1305/861/756 967/863/758 1172/1469/784
f 1171/1472/784 966/856/751 1305/861/756 1594/1473/784
f 904/1213/784 1277/1474/784 1595/1475/784 1188/1212/784
f 1188/1212/784 1595/1475/784 1171/1472/784 910/1209/784
f 1595/1475/784 1306/854/749 966/856/751 1171/1472/784
f 1277/1474/784 958/851/746 1306/854/749 1595/1475/784
f 1015/1217/784 1388/1476/784 1596/1477/784 1382/1216/784
f 1382/1216/784 1596/1477/784 1278/1455/784 905/898/784
f 1596/1477/784 1385/845/741 959/847/741 1278/1455/784
f 1388/1476/784 1018/842/738 1385/845/741 1596/1477/784
f 1048/1412/1218 1424/1411/1217 1597/1478/1269 1447/1479/1270
f 1447/1479/1270 1597/1478/1269 1324/1374/1180 1056/1373/1179
f 1597/1478/1269 1318/983/861 984/985/863 1324/1374/1180
f 1424/1411/1217 952/984/862 1318/983/861 1597/1478/1269
f 1046/1395/1201 1422/1394/1200 1598/1480/1271 1446/1481/1272
f 1446/1481/1272 1598/1480/1271 1325/1367/1173 1057/1366/1172
f 1598/1480/1271 1108/1085/959 983/1087/961 1325/1367/1173
f 1422/1394/1200 951/1086/960 1108/1085/959 1598/1480/1271
f 1007/1482/1273 1365/1483/1274 1599/1484/1275 1368/1485/1276
f 1368/1485/1276 1599/1484/1275 1326/1267/1073 1009/1266/1072
f 1599/1484/1275 1323/1486/1277 989/1271/1077 1326/1267/1073
f 1365/1483/1274 862/1487/1278 1323/1486/1277 1599/1484/1275
f 996/1488/1279 1349/1489/1280 1600/1490/1281 1345/1491/1282
f 1345/1491/1282 1600/1490/1281 1084/1492/1283 859/1493/1284
f 1600/1490/1281 1348/1193/1034 978/1121/993 1084/1492/1283
f 1349/1489/1280 999/1190/1031 1348/1193/1034 1600/1490/1281
f 856/1494/1285 1316/1495/1286 1601/1496/1287 1223/1497/1288
f 1223/1497/1288 1601/1496/1287 1319/1498/1289 876/1499/1290
f 1601/1496/1287 1328/1164/1005 985/1103/975 1319/1498/1289
f 1316/1495/1286 982/1126/998 1328/1164/1005 1601/1496/1287
f 1017/1500/1291 1387/1501/1292 1602/1502/1293 1384/1503/1294
f 1384/1503/1294 1602/1502/1293 1314/1504/1295 844/1505/1296
f 1602/1502/1293 1386/1160/1003 980/908/794 1314/1504/1295
f 1387/1501/1292 1019/1157/775 1386/1160/1003 1602/1502/1293
f 842/1506/1297 1313/1507/1298 1603/1508/1014 1210/1509/1299
f 1210/1509/1299 1603/1508/1014 1070/1510/1300 847/1511/1301
f 1603/1508/1014 1330/1154/784 974/1145/784 1070/1510/1300
f 1313/1507/1298 979/1151/784 1330/1154/784 1603/1508/1014
f 847/1511/1301 1070/1510/1300 1604/1512/1302 1212/1513/1303
f 1212/1513/1303 1604/1512/1302 1073/1514/1304 849/1515/1305
f 1604/1512/1302 1331/1148/784 975/1136/784 1073/1514/1304
f 1070/1510/1300 974/1145/784 1331/1148/784 1604/1512/1302
f 849/1515/1305 1073/1514/1304 1605/1516/1304 1214/1517/1306
f 1214/1517/1306 1605/1516/1304 1076/1518/1304 851/1519/1307
f 1605/1516/1304 1332/1139/784 976/1141/784 1076/1518/1304
f 1073/1514/1304 975/1136/784 1332/1139/784 1605/1516/1304
f 855/1520/1308 1082/1521/1309 1606/1522/1310 1219/1523/1311
f 1219/1523/1311 1606/1522/1310 1315/1524/1312 852/1525/1313
f 1606/1522/1310 1333/1131/796 981/1133/1002 1315/1524/1312
f 1082/1521/1309 977/913/796 1333/1131/796 1606/1522/1310
f 859/1493/1284 1084/1492/1283 1607/1526/1314 1220/1527/1315
f 1220/1527/1315 1607/1526/1314 1316/1495/1286 856/1494/1285
f 1607/1526/1314 1334/1124/996 982/1126/998 1316/1495/1286
f 1084/1492/1283 978/1121/993 1334/1124/996 1607/1526/1314
f 876/1499/1290 1319/1498/1289 1608/1528/1316 1231/1529/1317
f 1231/1529/1317 1608/1528/1316 1322/1530/1318 860/1531/1319
f 1608/1528/1316 1335/1106/978 988/1108/980 1322/1530/1318
f 1319/1498/1289 985/1103/975 1335/1106/978 1608/1528/1316
f 888/955/836 1094/954/835 1609/1532/1320 1141/1533/1321
f 1141/1533/1321 1609/1532/1320 1336/1080/954 986/1079/953
f 1609/1532/1320 1317/1372/1178 983/1087/961 1336/1080/954
f 1094/954/835 950/957/838 1317/1372/1178 1609/1532/1320
f 901/1093/967 1111/1092/966 1610/1534/1322 1150/1535/1323
f 1150/1535/1323 1610/1534/1322 1337/978/856 987/977/855
f 1610/1534/1322 1109/1379/1185 984/985/863 1337/978/856
f 1111/1092/966 953/1095/969 1109/1379/1185 1610/1534/1322
f 844/1505/1296 1314/1504/1295 1611/1536/1324 1233/1537/1325
f 1233/1537/1325 1611/1536/1324 1082/1521/1309 855/1520/1308
f 1611/1536/1324 1338/911/795 977/913/796 1082/1521/1309
f 1314/1504/1295 980/908/794 1338/911/795 1611/1536/1324
f 852/1525/1313 1315/1524/1312 1612/1538/1326 1241/1539/1327
f 1241/1539/1327 1612/1538/1326 1349/1489/1280 996/1488/1279
f 1612/1538/1326 1327/1540/1002 999/1190/1031 1349/1489/1280
f 1315/1524/1312 981/1133/1002 1327/1540/1002 1612/1538/1326
f 906/1199/784 1279/1468/784 1613/1541/784 1208/1542/784
f 1208/1542/784 1613/1541/784 1350/1458/1034 995/1265/1071
f 1613/1541/784 1300/1543/1328 998/914/797 1350/1458/1034
f 1279/1468/784 960/877/764 1300/1543/1328 1613/1541/784
f 1031/1317/1123 1254/1316/1122 1614/1544/1329 1445/1545/1330
f 1445/1545/1330 1614/1544/1329 1351/1434/1240 1058/1433/1239
f 1614/1544/1329 1340/1116/988 991/1117/989 1351/1434/1240
f 1254/1316/1122 853/994/872 1340/1116/988 1614/1544/1329
f 1037/1335/1141 1260/1334/1140 1615/1546/1331 1444/1547/1332
f 1444/1547/1332 1615/1546/1331 1352/1429/1235 1059/1428/1234
f 1615/1546/1331 1339/1016/894 990/1018/896 1352/1429/1235
f 1260/1334/1140 941/1017/895 1339/1016/894 1615/1546/1331
f 869/1135/784 1169/1197/784 1616/1548/784 1205/1549/784
f 1205/1549/784 1616/1548/784 1353/1260/1066 992/1195/1036
f 1616/1548/784 1208/1542/784 995/1265/1071 1353/1260/1066
f 1169/1197/784 906/1199/784 1208/1542/784 1616/1548/784
f 981/1133/1002 1104/1132/784 1617/1550/784 1327/1540/1002
f 1327/1540/1002 1617/1550/784 1354/1191/1032 999/1190/1031
f 1617/1550/784 1205/1549/784 992/1195/1036 1354/1191/1032
f 1104/1132/784 869/1135/784 1205/1549/784 1617/1550/784
f 897/1058/934 1137/1057/933 1618/1551/1333 1206/1552/1334
f 1206/1552/1334 1618/1551/1333 1355/1113/985 993/1112/984
f 1618/1551/1333 1204/1437/1243 991/1117/989 1355/1113/985
f 1137/1057/933 936/1060/936 1204/1437/1243 1618/1551/1333
f 879/973/851 1126/972/850 1619/1553/1335 1207/1554/1336
f 1207/1554/1336 1619/1553/1335 1356/1011/889 994/1010/888
f 1619/1553/1335 1203/1432/1238 990/1018/896 1356/1011/889
f 1126/972/850 938/975/853 1203/1432/1238 1619/1553/1335
f 960/877/764 1077/876/771 1620/1555/1337 1300/1543/1328
f 1300/1543/1328 1620/1555/1337 1357/915/798 998/914/797
f 1620/1555/1337 1346/1556/1338 997/919/801 1357/915/798
f 1077/876/771 935/879/773 1346/1556/1338 1620/1555/1337
f 842/1506/1297 1236/1557/1339 1621/1558/1340 1313/1507/1298
f 1313/1507/1298 1621/1558/1340 1367/1559/784 979/1151/784
f 1621/1558/1340 1368/1485/1276 1009/1266/1072 1367/1559/784
f 1236/1557/1339 1007/1482/1273 1368/1485/1276 1621/1558/1340
f 904/1213/784 1363/1560/784 1622/1561/784 1277/1474/784
f 1277/1474/784 1622/1561/784 1366/1562/1341 958/851/746
f 1622/1561/784 1369/1445/1251 1008/1175/1016 1366/1562/1341
f 1363/1560/784 1005/995/873 1369/1445/1251 1622/1561/784
f 1023/1284/1090 1246/1283/1089 1623/1563/1342 1443/1564/1343
f 1443/1564/1343 1623/1563/1342 1370/1408/1214 1060/1407/1213
f 1623/1563/1342 1163/1101/973 1001/1102/974 1370/1408/1214
f 1246/1283/1089 927/1078/952 1163/1101/973 1623/1563/1342
f 1043/1358/1164 1266/1357/1163 1624/1565/1344 1442/1566/1345
f 1442/1566/1345 1624/1565/1344 1371/1403/1209 1061/1402/1208
f 1624/1565/1344 1162/1031/909 1000/1033/911 1371/1403/1209
f 1266/1357/1163 947/1032/910 1162/1031/909 1624/1565/1344
f 979/1151/784 1367/1559/784 1625/1567/784 1099/1152/784
f 1099/1152/784 1625/1567/784 1360/1568/784 864/1156/784
f 1625/1567/784 1372/1269/1075 1002/1003/881 1360/1568/784
f 1367/1559/784 1009/1266/1072 1372/1269/1075 1625/1567/784
f 958/851/746 1366/1562/1341 1626/1569/1346 1064/852/747
f 1064/852/747 1626/1569/1346 1364/1570/1347 928/859/754
f 1626/1569/1346 1373/1178/1019 1006/1180/1021 1364/1570/1347
f 1366/1562/1341 1008/1175/1016 1373/1178/1019 1626/1569/1346
f 893/982/860 1096/981/859 1627/1571/1348 1165/1572/1349
f 1165/1572/1349 1627/1571/1348 1374/1098/971 1003/1097/242
f 1627/1571/1348 1359/1413/1219 1001/1102/974 1374/1098/971
f 1096/981/859 952/984/862 1359/1413/1219 1627/1571/1348
f 884/943/824 1092/942/823 1628/1573/1350 1166/1574/1351
f 1166/1574/1351 1628/1573/1350 1375/1026/904 1004/1025/903
f 1628/1573/1350 1358/1406/1212 1000/1033/911 1375/1026/904
f 1092/942/823 843/945/826 1358/1406/1212 1628/1573/1350
f 904/1213/784 1167/1210/784 1629/1575/784 1363/1560/784
f 1363/1560/784 1629/1575/784 1376/996/874 1005/995/873
f 1629/1575/784 1360/1568/784 1002/1003/881 1376/996/874
f 1167/1210/784 864/1156/784 1360/1568/784 1629/1575/784
f 851/1519/1307 1076/1518/1304 1630/1576/1352 1216/1577/1353
f 1216/1577/1353 1630/1576/1352 1387/1501/1292 1017/1500/1291
f 1630/1576/1352 1329/1578/784 1019/1157/775 1387/1501/1292
f 1076/1518/1304 976/1141/784 1329/1578/784 1630/1576/1352
f 912/1204/784 1173/1471/784 1631/1579/784 1189/1580/784
f 1189/1580/784 1631/1579/784 1388/1476/784 1015/1217/784
f 1631/1579/784 1307/1581/1354 1018/842/738 1388/1476/784
f 1173/1471/784 968/869/764 1307/1581/1354 1631/1579/784
f 1029/1399/1205 1405/1398/1204 1632/1582/1355 1441/1583/1356
f 1441/1583/1356 1632/1582/1355 1389/1308/1114 1062/1307/1113
f 1632/1582/1355 1378/926/807 1011/928/809 1389/1308/1114
f 1405/1398/1204 933/927/808 1378/926/807 1632/1582/1355
f 1020/1306/1112 1396/1305/1111 1633/1584/1357 1440/1585/1358
f 1440/1585/1358 1633/1584/1357 1390/1273/1079 1063/1272/1078
f 1633/1584/1357 1377/1052/928 1010/1054/930 1390/1273/1079
f 1396/1305/1111 924/1053/929 1377/1052/928 1633/1584/1357
f 868/1143/784 1103/1202/784 1634/1586/784 1118/1587/784
f 1118/1587/784 1634/1586/784 1391/1214/784 1012/1162/784
f 1634/1586/784 1189/1580/784 1015/1217/784 1391/1214/784
f 1103/1202/784 912/1204/784 1189/1580/784 1634/1586/784
f 976/1141/784 1310/1140/784 1635/1588/784 1329/1578/784
f 1329/1578/784 1635/1588/784 1392/1158/784 1019/1157/775
f 1635/1588/784 1118/1587/784 1012/1162/784 1392/1158/784
f 1310/1140/784 868/1143/784 1118/1587/784 1635/1588/784
f 886/1022/900 1093/1021/899 1636/1589/1359 1145/1590/1360
f 1145/1590/1360 1636/1589/1359 1393/1047/923 1013/1046/922
f 1636/1589/1359 1066/1278/1084 1010/1054/930 1393/1047/923
f 1093/1021/899 845/1024/902 1066/1278/1084 1636/1589/1359
f 881/1037/181 1127/1036/913 1637/1591/1361 1156/1592/646
f 1156/1592/646 1637/1591/1361 1394/921/802 1014/920/65
f 1637/1591/1361 1075/1311/1117 1011/928/809 1394/921/802
f 1127/1036/913 932/1039/915 1075/1311/1117 1637/1591/1361
f 968/869/764 1287/868/763 1638/1593/1362 1307/1581/1354
f 1307/1581/1354 1638/1593/1362 1395/843/739 1018/842/738
f 1638/1593/1362 1383/1594/1363 1016/850/745 1395/843/739
f 1287/868/763 846/871/766 1383/1594/1363 1638/1593/1362
f 846/871/766 1243/1595/1364 1639/1596/1365 1383/1594/1363
f 1383/1594/1363 1639/1596/1365 1439/1597/1366 1016/850/745
f 1639/1596/1365 1440/1585/1358 1063/1272/1078 1439/1597/1366
f 1243/1595/1364 1020/1306/1112 1440/1585/1358 1639/1596/1365
f 844/1505/1296 1252/1598/1367 1640/1599/1368 1384/1503/1294
f 1384/1503/1294 1640/1599/1368 1438/1600/1369 1017/1500/1291
f 1640/1599/1368 1441/1583/1356 1062/1307/1113 1438/1600/1369
f 1252/1598/1367 1029/1399/1205 1441/1583/1356 1640/1599/1368
f 863/1182/1023 1419/1601/1370 1641/1602/1371 1235/1179/1020
f 1235/1179/1020 1641/1602/1371 1437/1603/1372 1006/1180/1021
f 1641/1602/1371 1442/1566/1345 1061/1402/1208 1437/1603/1372
f 1419/1601/1370 1043/1358/1164 1442/1566/1345 1641/1602/1371
f 842/1506/1297 1399/1604/1373 1642/1605/1374 1236/1557/1339
f 1236/1557/1339 1642/1605/1374 1436/1606/1375 1007/1482/1273
f 1642/1605/1374 1443/1564/1343 1060/1407/1213 1436/1606/1375
f 1399/1604/1373 1023/1284/1090 1443/1564/1343 1642/1605/1374
f 859/1493/1284 1413/1607/1376 1643/1608/1377 1345/1491/1282
f 1345/1491/1282 1643/1608/1377 1435/1609/1378 996/1488/1279
f 1643/1608/1377 1444/1547/1332 1059/1428/1234 1435/1609/1378
f 1413/1607/1376 1037/1335/1141 1444/1547/1332 1643/1608/1377
f 935/879/773 1407/1610/1379 1644/1611/1380 1346/1556/1338
f 1346/1556/1338 1644/1611/1380 1434/1612/1381 997/919/801
f 1644/1611/1380 1445/1545/1330 1058/1433/1239 1434/1612/1381
f 1407/1610/1379 1031/1317/1123 1445/1545/1330 1644/1611/1380
f 873/1110/982 1269/1613/1382 1645/1614/1383 1226/1107/979
f 1226/1107/979 1645/1614/1383 1433/1615/1384 988/1108/980
f 1645/1614/1383 1446/1481/1272 1057/1366/1172 1433/1615/1384
f 1269/1613/1382 1046/1395/1201 1446/1481/1272 1645/1614/1383
f 862/1487/1278 1271/1616/1385 1646/1617/1386 1323/1486/1277
f 1323/1486/1277 1646/1617/1386 1432/1618/1387 989/1271/1077
f 1646/1617/1386 1447/1479/1270 1056/1373/1179 1432/1618/1387
f 1271/1616/1385 1048/1412/1218 1447/1479/1270 1646/1617/1386
f 861/906/792 1261/1619/1388 1647/1620/1389 1221/903/789
f 1221/903/789 1647/1620/1389 1431/1621/1390 972/904/790
f 1647/1620/1389 1448/1441/1247 1055/1336/1142 1431/1621/1390
f 1261/1619/1388 1038/1348/1154 1448/1441/1247 1647/1620/1389
f 909/1000/878 1265/1622/1391 1648/1623/1392 1292/1446/1252
f 1292/1446/1252 1648/1623/1392 1430/1624/1393 973/1183/1024
f 1648/1623/1392 1449/1439/1245 1054/1353/1159 1430/1624/1393
f 1265/1622/1391 1042/1417/1223 1449/1439/1245 1648/1623/1392
f 997/919/801 1434/1612/1381 1649/1625/1394 1242/918/800
f 1242/918/800 1649/1625/1394 1255/1626/1395 858/889/783
f 1649/1625/1394 1450/1436/1242 1032/1318/1124 1255/1626/1395
f 1434/1612/1381 1058/1433/1239 1450/1436/1242 1649/1625/1394
f 996/1488/1279 1435/1609/1378 1650/1627/1396 1241/1539/1327
f 1241/1539/1327 1650/1627/1396 1257/1628/1397 852/1525/1313
f 1650/1627/1396 1451/1431/1237 1034/1324/1130 1257/1628/1397
f 1435/1609/1378 1059/1428/1234 1451/1431/1237 1650/1627/1396
f 957/1447/1253 1429/1629/1398 1651/1630/1399 1240/1466/1268
f 1240/1466/1268 1651/1630/1399 1267/1631/1400 914/1264/1070
f 1651/1630/1399 1452/1427/1233 1044/1360/1166 1267/1631/1400
f 1429/1629/1398 1053/1423/1229 1452/1427/1233 1651/1630/1399
f 908/1464/1266 1415/1632/1401 1652/1633/1402 1239/1462/1264
f 1239/1462/1264 1652/1633/1402 1275/1634/1403 956/1452/1258
f 1652/1633/1402 1453/1425/1231 1052/1418/1224 1275/1634/1403
f 1415/1632/1401 1039/1341/1147 1453/1425/1231 1652/1633/1402
f 956/1452/1258 1275/1634/1403 1653/1635/1404 1238/1450/1256
f 1238/1450/1256 1653/1635/1404 1429/1629/1398 957/1447/1253
f 1653/1635/1404 1454/1421/1227 1053/1423/1229 1429/1629/1398
f 1275/1634/1403 1052/1418/1224 1454/1421/1227 1653/1635/1404
f 874/1002/880 1425/1636/1405 1654/1637/1406 1237/999/877
f 1237/999/877 1654/1637/1406 1265/1622/1391 909/1000/878
f 1654/1637/1406 1455/1415/1221 1042/1417/1223 1265/1622/1391
f 1425/1636/1405 1049/1378/1184 1455/1415/1221 1654/1637/1406
f 1007/1482/1273 1436/1606/1375 1655/1638/1407 1365/1483/1274
f 1365/1483/1274 1655/1638/1407 1271/1616/1385 862/1487/1278
f 1655/1638/1407 1456/1410/1216 1048/1412/1218 1271/1616/1385
f 1436/1606/1375 1060/1407/1213 1456/1410/1216 1655/1638/1407
f 1006/1180/1021 1437/1603/1372 1656/1639/1408 1364/1570/1347
f 1364/1570/1347 1656/1639/1408 1247/1640/1409 928/859/754
f 1656/1639/1408 1457/1405/1211 1024/1285/1091 1247/1640/1409
f 1437/1603/1372 1061/1402/1208 1457/1405/1211 1656/1639/1408
f 925/849/744 1397/1641/1410 1657/1642/1411 1234/949/830
f 1234/949/830 1657/1642/1411 1253/1643/1412 854/880/774
f 1657/1642/1411 1458/1401/1207 1030/1312/1118 1253/1643/1412
f 1397/1641/1410 1021/1277/1083 1458/1401/1207 1657/1642/1411
f 855/1520/1308 1411/1644/1413 1658/1645/1414 1233/1537/1325
f 1233/1537/1325 1658/1645/1414 1252/1598/1367 844/1505/1296
f 1658/1645/1414 1459/1397/1203 1029/1399/1205 1252/1598/1367
f 1411/1644/1413 1035/1329/1135 1459/1397/1203 1658/1645/1414
f 877/1111/983 1427/1646/1415 1659/1647/1416 1232/1109/981
f 1232/1109/981 1659/1647/1416 1269/1613/1382 873/1110/982
f 1659/1647/1416 1460/1393/1199 1046/1395/1201 1269/1613/1382
f 1427/1646/1415 1051/1385/1191 1460/1393/1199 1659/1647/1416
f 860/1531/1319 1423/1648/1417 1660/1649/1418 1231/1529/1317
f 1231/1529/1317 1660/1649/1418 1264/1650/1419 876/1499/1290
f 1660/1649/1418 1461/1391/1197 1041/1349/1155 1264/1650/1419
f 1423/1648/1417 1047/1371/1177 1461/1391/1197 1660/1649/1418
f 937/888/782 1409/1651/1420 1661/1652/1421 1230/1174/1015
f 1230/1174/1015 1661/1652/1421 1263/1653/1422 875/907/793
f 1661/1652/1421 1462/1389/1195 1040/1343/1149 1263/1653/1422
f 1409/1651/1420 1033/1323/1129 1462/1389/1195 1661/1652/1421
f 949/1129/1001 1421/1654/1423 1662/1655/1424 1229/1127/999
f 1229/1127/999 1662/1655/1424 1273/1656/1425 955/1128/1000
f 1662/1655/1424 1463/1387/1193 1050/1380/1186 1273/1656/1425
f 1421/1654/1423 1045/1365/1171 1463/1387/1193 1662/1655/1424
f 955/1128/1000 1273/1656/1425 1663/1657/1426 1228/1165/1006
f 1228/1165/1006 1663/1657/1426 1427/1646/1415 877/1111/983
f 1663/1657/1426 1464/1383/1189 1051/1385/1191 1427/1646/1415
f 1273/1656/1425 1050/1380/1186 1464/1383/1189 1663/1657/1426
f 989/1271/1077 1432/1618/1387 1664/1658/1427 1227/1270/1076
f 1227/1270/1076 1664/1658/1427 1425/1636/1405 874/1002/880
f 1664/1658/1427 1465/1376/1182 1049/1378/1184 1425/1636/1405
f 1432/1618/1387 1056/1373/1179 1465/1376/1182 1664/1658/1427
f 988/1108/980 1433/1615/1384 1665/1659/1428 1322/1530/1318
f 1322/1530/1318 1665/1659/1428 1423/1648/1417 860/1531/1319
f 1665/1659/1428 1466/1369/1175 1047/1371/1177 1423/1648/1417
f 1433/1615/1384 1057/1366/1172 1466/1369/1175 1665/1659/1428
f 914/1264/1070 1267/1631/1400 1666/1660/1429 1225/1262/1068
f 1225/1262/1068 1666/1660/1429 1421/1654/1423 949/1129/1001
f 1666/1660/1429 1467/1363/1169 1045/1365/1171 1421/1654/1423
f 1267/1631/1400 1044/1360/1166 1467/1363/1169 1666/1660/1429
f 973/1183/1024 1430/1624/1393 1667/1661/1430 1224/1181/1022
f 1224/1181/1022 1667/1661/1430 1419/1601/1370 863/1182/1023
f 1667/1661/1430 1468/1356/1162 1043/1358/1164 1419/1601/1370
f 1430/1624/1393 1054/1353/1159 1468/1356/1162 1667/1661/1430
f 876/1499/1290 1264/1650/1419 1668/1662/1431 1223/1497/1288
f 1223/1497/1288 1668/1662/1431 1259/1663/1432 856/1494/1285
f 1668/1662/1431 1469/1352/1158 1036/1330/1136 1259/1663/1432
f 1264/1650/1419 1041/1349/1155 1469/1352/1158 1668/1662/1431
f 875/907/793 1263/1653/1422 1669/1664/1433 1222/905/791
f 1222/905/791 1669/1664/1433 1261/1619/1388 861/906/792
f 1669/1664/1433 1470/1346/1152 1038/1348/1154 1261/1619/1388
f 1263/1653/1422 1040/1343/1149 1470/1346/1152 1669/1664/1433
f 972/904/790 1431/1621/1390 1670/1665/1434 1291/1463/1265
f 1291/1463/1265 1670/1665/1434 1415/1632/1401 908/1464/1266
f 1670/1665/1434 1471/1339/1145 1039/1341/1147 1415/1632/1401
f 1431/1621/1390 1055/1336/1142 1471/1339/1145 1670/1665/1434
f 856/1494/1285 1259/1663/1432 1671/1666/1435 1220/1527/1315
f 1220/1527/1315 1671/1666/1435 1413/1607/1376 859/1493/1284
f 1671/1666/1435 1472/1333/1139 1037/1335/1141 1413/1607/1376
f 1259/1663/1432 1036/1330/1136 1472/1333/1139 1671/1666/1435
f 852/1525/1313 1257/1628/1397 1672/1667/1436 1219/1523/1311
f 1219/1523/1311 1672/1667/1436 1411/1644/1413 855/1520/1308
f 1672/1667/1436 1473/1327/1133 1035/1329/1135 1411/1644/1413
f 1257/1628/1397 1034/1324/1130 1473/1327/1133 1672/1667/1436
f 858/889/783 1255/1626/1395 1673/1668/1437 1218/887/781
f 1218/887/781 1673/1668/1437 1409/1651/1420 937/888/782
f 1673/1668/1437 1474/1321/1127 1033/1323/1129 1409/1651/1420
f 1255/1626/1395 1032/1318/1124 1474/1321/1127 1673/1668/1437
f 854/880/774 1253/1643/1412 1674/1669/1438 1217/878/772
f 1217/878/772 1674/1669/1438 1407/1610/1379 935/879/773
f 1674/1669/1438 1475/1315/1121 1031/1317/1123 1407/1610/1379
f 1253/1643/1412 1030/1312/1118 1475/1315/1121 1674/1669/1438
f 1017/1500/1291 1438/1600/1369 1675/1670/1439 1216/1577/1353
f 1216/1577/1353 1675/1670/1439 1251/1671/1440 851/1519/1307
f 1675/1670/1439 1476/1310/1116 1028/1299/1105 1251/1671/1440
f 1438/1600/1369 1062/1307/1113 1476/1310/1116 1675/1670/1439
f 850/865/760 1403/1672/1441 1676/1673/1442 1215/870/765
f 1215/870/765 1676/1673/1442 1243/1595/1364 846/871/766
f 1676/1673/1442 1477/1304/1110 1020/1306/1112 1243/1595/1364
f 1403/1672/1441 1027/1298/1104 1477/1304/1110 1676/1673/1442
f 851/1519/1307 1251/1671/1440 1677/1674/1443 1214/1517/1306
f 1214/1517/1306 1677/1674/1443 1249/1675/1444 849/1515/1305
f 1677/1674/1443 1478/1302/1108 1026/1291/1097 1249/1675/1444
f 1251/1671/1440 1028/1299/1105 1478/1302/1108 1677/1674/1443
f 848/858/753 1401/1676/1445 1678/1677/1446 1213/864/759
f 1213/864/759 1678/1677/1446 1403/1672/1441 850/865/760
f 1678/1677/1446 1479/1296/1102 1027/1298/1104 1403/1672/1441
f 1401/1676/1445 1025/1290/1096 1479/1296/1102 1678/1677/1446
f 849/1515/1305 1249/1675/1444 1679/1678/1447 1212/1513/1303
f 1212/1513/1303 1679/1678/1447 1245/1679/1448 847/1511/1301
f 1679/1678/1447 1480/1294/1100 1022/1279/1085 1245/1679/1448
f 1249/1675/1444 1026/1291/1097 1480/1294/1100 1679/1678/1447
f 928/859/754 1247/1640/1409 1680/1680/1449 1211/857/752
f 1211/857/752 1680/1680/1449 1401/1676/1445 848/858/753
f 1680/1680/1449 1481/1288/1094 1025/1290/1096 1401/1676/1445
f 1247/1640/1409 1024/1285/1091 1481/1288/1094 1680/1680/1449
f 847/1511/1301 1245/1679/1448 1681/1681/1450 1210/1509/1299
f 1210/1509/1299 1681/1681/1450 1399/1604/1373 842/1506/1297
f 1681/1681/1450 1482/1282/1088 1023/1284/1090 1399/1604/1373
f 1245/1679/1448 1022/1279/1085 1482/1282/1088 1681/1681/1450
f 1016/850/745 1439/1597/1366 1682/1682/1451 1209/848/743
f 1209/848/743 1682/1682/1451 1397/1641/1410 925/849/744
f 1682/1682/1451 1483/1275/1081 1021/1277/1083 1397/1641/1410
f 1439/1597/1366 1063/1272/1078 1483/1275/1081 1682/1682/1451
