# Blender v3.3.1 OBJ File: ''
# www.blender.org
mtllib 1.4Screws.mtl
o Grip.011_Plane.022
v 0.849538 0.130173 0.107754
v 0.847664 0.130072 0.107754
v 0.845847 0.129521 0.107754
v 0.844173 0.128626 0.107754
v 0.842706 0.127422 0.107754
v 0.841502 0.125955 0.107754
v 0.840607 0.124280 0.107754
v 0.840056 0.122464 0.107754
v 0.839870 0.120575 0.107754
v 0.840056 0.118685 0.107754
v 0.840607 0.116869 0.107754
v 0.841502 0.115194 0.107754
v 0.842706 0.113727 0.107754
v 0.844173 0.112523 0.107754
v 0.845847 0.111628 0.107754
v 0.847664 0.111077 0.107754
v 0.849553 0.110891 0.107754
v 0.851443 0.111077 0.107754
v 0.853259 0.111628 0.107754
v 0.854933 0.112523 0.107754
v 0.856401 0.113727 0.107754
v 0.857605 0.115194 0.107754
v 0.858500 0.116869 0.107754
v 0.859051 0.118685 0.107754
v 0.859237 0.120574 0.107754
v 0.859051 0.122464 0.107754
v 0.858500 0.124280 0.107754
v 0.857605 0.125955 0.107754
v 0.856401 0.127422 0.107754
v 0.854933 0.128626 0.107754
v 0.853258 0.129512 0.107754
v 0.851402 0.129842 0.107754
v 1.205326 0.074810 0.107353
v 1.203452 0.074711 0.107380
v 1.201637 0.074165 0.107430
v 1.199964 0.073273 0.107496
v 1.198497 0.072072 0.107574
v 1.197294 0.070608 0.107663
v 1.196400 0.068937 0.107694
v 1.195849 0.067121 0.107710
v 1.195663 0.065232 0.107727
v 1.195849 0.063343 0.107742
v 1.196400 0.061526 0.107754
v 1.197295 0.059852 0.107754
v 1.198499 0.058384 0.107754
v 1.199967 0.057180 0.107754
v 1.201641 0.056285 0.107754
v 1.203457 0.055734 0.107754
v 1.205347 0.055548 0.107754
v 1.207236 0.055734 0.107754
v 1.209052 0.056285 0.107754
v 1.210726 0.057180 0.107754
v 1.212194 0.058384 0.107752
v 1.213398 0.059852 0.107737
v 1.214293 0.061526 0.107721
v 1.214844 0.063342 0.107705
v 1.215030 0.065231 0.107688
v 1.214843 0.067116 0.107628
v 1.214291 0.068929 0.107542
v 1.213395 0.070600 0.107468
v 1.212189 0.072062 0.107409
v 1.210722 0.073264 0.107366
v 1.209046 0.074149 0.107341
v 1.207189 0.074479 0.107347
v 1.614360 -0.044820 0.107369
v 1.612487 -0.044917 0.107418
v 1.610672 -0.045462 0.107494
v 1.609001 -0.046348 0.107589
v 1.607538 -0.047540 0.107684
v 1.606335 -0.049003 0.107704
v 1.605441 -0.050674 0.107726
v 1.604890 -0.052490 0.107747
v 1.604704 -0.054379 0.107754
v 1.604890 -0.056268 0.107754
v 1.605441 -0.058085 0.107754
v 1.606336 -0.059759 0.107754
v 1.607540 -0.061227 0.107754
v 1.609008 -0.062431 0.107754
v 1.610682 -0.063326 0.107754
v 1.612499 -0.063877 0.107754
v 1.614388 -0.064063 0.107754
v 1.616277 -0.063877 0.107754
v 1.618093 -0.063326 0.107754
v 1.619768 -0.062431 0.107754
v 1.621235 -0.061227 0.107754
v 1.622439 -0.059759 0.107754
v 1.623334 -0.058086 0.107734
v 1.623885 -0.056269 0.107712
v 1.624071 -0.054380 0.107691
v 1.623881 -0.052503 0.107629
v 1.623327 -0.050696 0.107528
v 1.622430 -0.049027 0.107445
v 1.621223 -0.047568 0.107382
v 1.619755 -0.046368 0.107341
v 1.618078 -0.045483 0.107325
v 1.616223 -0.045152 0.107347
v 2.168194 -0.269367 0.106679
v 2.166359 -0.269378 0.106830
v 2.164669 -0.269920 0.107055
v 2.162914 -0.270953 0.107241
v 2.161504 -0.272023 0.107346
v 2.160477 -0.273091 0.107439
v 2.159598 -0.274727 0.107560
v 2.159033 -0.276562 0.107682
v 2.158856 -0.278399 0.107701
v 2.159060 -0.280258 0.107719
v 2.159648 -0.282002 0.107733
v 2.160545 -0.283673 0.107746
v 2.161746 -0.285147 0.107753
v 2.163214 -0.286350 0.107746
v 2.164889 -0.287244 0.107745
v 2.166704 -0.287797 0.107749
v 2.168597 -0.287976 0.107751
v 2.170485 -0.287793 0.107739
v 2.172268 -0.287307 0.107726
v 2.173922 -0.286453 0.107708
v 2.175367 -0.285295 0.107688
v 2.176589 -0.283817 0.107594
v 2.177469 -0.282162 0.107468
v 2.177797 -0.280769 0.107379
v 2.177882 -0.279030 0.107272
v 2.177756 -0.277023 0.107127
v 2.177175 -0.275195 0.106881
v 2.176249 -0.273577 0.106697
v 2.175022 -0.272151 0.106568
v 2.173546 -0.270964 0.106498
v 2.171873 -0.270074 0.106492
v 2.170036 -0.269733 0.106587
v 1.190063 -0.169523 0.107969
v 1.188197 -0.169628 0.108076
v 1.186391 -0.170177 0.108105
v 1.184716 -0.171068 0.108126
v 1.183224 -0.172246 0.108151
v 1.182018 -0.173704 0.108186
v 1.181121 -0.175366 0.108206
v 1.180572 -0.177178 0.108209
v 1.180423 -0.179078 0.108193
v 1.180616 -0.180967 0.108161
v 1.181172 -0.182781 0.108095
v 1.182062 -0.184449 0.108001
v 1.183267 -0.185909 0.107879
v 1.184742 -0.187110 0.107751
v 1.186392 -0.187974 0.107625
v 1.188246 -0.188529 0.107496
v 1.190119 -0.188695 0.107365
v 1.191883 -0.188479 0.107170
v 1.193830 -0.187919 0.107048
v 1.195511 -0.187033 0.107027
v 1.196965 -0.185831 0.107033
v 1.198165 -0.184369 0.107063
v 1.199055 -0.182702 0.107116
v 1.199602 -0.180892 0.107191
v 1.199783 -0.179015 0.107275
v 1.199587 -0.177175 0.107370
v 1.199038 -0.175375 0.107477
v 1.198151 -0.173723 0.107564
v 1.196940 -0.172272 0.107610
v 1.195460 -0.171060 0.107652
v 1.193750 -0.170176 0.107732
v 1.191930 -0.169854 0.107849
v 1.593587 -0.233114 0.107546
v 1.591727 -0.233207 0.107525
v 1.589921 -0.233753 0.107494
v 1.588248 -0.234640 0.107456
v 1.586758 -0.235813 0.107413
v 1.585554 -0.237266 0.107366
v 1.584666 -0.238905 0.107317
v 1.584120 -0.240712 0.107268
v 1.583973 -0.242606 0.107220
v 1.584167 -0.244492 0.107176
v 1.584709 -0.246342 0.107077
v 1.585599 -0.248010 0.106991
v 1.586802 -0.249474 0.106927
v 1.588275 -0.250680 0.106887
v 1.589923 -0.251552 0.106873
v 1.591774 -0.252116 0.106885
v 1.593640 -0.252293 0.106924
v 1.595397 -0.252094 0.106987
v 1.597338 -0.251547 0.107077
v 1.599033 -0.250631 0.107176
v 1.600484 -0.249434 0.107219
v 1.601682 -0.247977 0.107267
v 1.602571 -0.246313 0.107317
v 1.603128 -0.244479 0.107368
v 1.603309 -0.242603 0.107415
v 1.603112 -0.240766 0.107458
v 1.602562 -0.238966 0.107496
v 1.601671 -0.237324 0.107527
v 1.600461 -0.235872 0.107550
v 1.598981 -0.234659 0.107564
v 1.597271 -0.233773 0.107567
v 1.595453 -0.233448 0.107556
v 1.982637 -0.442253 0.107608
v 1.980777 -0.442346 0.107568
v 1.978972 -0.442891 0.107518
v 1.977313 -0.443757 0.107461
v 1.975825 -0.444934 0.107394
v 1.974625 -0.446381 0.107325
v 1.973741 -0.448006 0.107256
v 1.973199 -0.449805 0.107189
v 1.972983 -0.451802 0.107055
v 1.973182 -0.453680 0.106926
v 1.973720 -0.455558 0.106807
v 1.974610 -0.457224 0.106711
v 1.975878 -0.458557 0.106663
v 1.977338 -0.459736 0.106637
v 1.978997 -0.460614 0.106639
v 1.980847 -0.461179 0.106676
v 1.982659 -0.461484 0.106735
v 1.984413 -0.461290 0.106836
v 1.986351 -0.460752 0.106976
v 1.988042 -0.459846 0.107138
v 1.989561 -0.458524 0.107238
v 1.990755 -0.457091 0.107316
v 1.991640 -0.455420 0.107390
v 1.992194 -0.453594 0.107460
v 1.992371 -0.451726 0.107523
v 1.992160 -0.449914 0.107577
v 1.991612 -0.448111 0.107624
v 1.990722 -0.446461 0.107656
v 1.989512 -0.445010 0.107671
v 1.988032 -0.443798 0.107674
v 1.986323 -0.442911 0.107664
v 1.984504 -0.442585 0.107637
v 0.849538 0.130173 0.108334
v 0.847664 0.130072 0.108334
v 0.845847 0.129521 0.108334
v 0.844173 0.128626 0.108334
v 0.842706 0.127422 0.108334
v 0.841502 0.125955 0.108334
v 0.840607 0.124280 0.108334
v 0.840056 0.122464 0.108334
v 0.839870 0.120575 0.108334
v 0.840056 0.118685 0.108334
v 0.840607 0.116869 0.108334
v 0.841502 0.115194 0.108334
v 0.842706 0.113727 0.108334
v 0.844173 0.112523 0.108334
v 0.845847 0.111628 0.108334
v 0.847664 0.111077 0.108334
v 0.849553 0.110891 0.108334
v 0.851443 0.111077 0.108334
v 0.853259 0.111628 0.108334
v 0.854933 0.112523 0.108334
v 0.856401 0.113727 0.108334
v 0.857605 0.115194 0.108334
v 0.858500 0.116869 0.108334
v 0.859051 0.118685 0.108334
v 0.859237 0.120574 0.108334
v 0.859051 0.122464 0.108334
v 0.858500 0.124280 0.108334
v 0.857605 0.125955 0.108334
v 0.856401 0.127422 0.108334
v 0.854933 0.128626 0.108334
v 0.853258 0.129512 0.108334
v 0.851402 0.129842 0.108334
v 1.205326 0.074810 0.107932
v 1.203452 0.074711 0.107960
v 1.201637 0.074165 0.108010
v 1.199964 0.073273 0.108075
v 1.198497 0.072072 0.108154
v 1.197294 0.070608 0.108243
v 1.196400 0.068937 0.108274
v 1.195849 0.067121 0.108290
v 1.195663 0.065232 0.108306
v 1.195849 0.063343 0.108322
v 1.196400 0.061526 0.108334
v 1.197295 0.059852 0.108334
v 1.198499 0.058384 0.108334
v 1.199967 0.057180 0.108334
v 1.201641 0.056285 0.108334
v 1.203457 0.055734 0.108334
v 1.205347 0.055548 0.108334
v 1.207236 0.055734 0.108334
v 1.209052 0.056285 0.108334
v 1.210726 0.057180 0.108334
v 1.212194 0.058384 0.108332
v 1.213398 0.059852 0.108317
v 1.214293 0.061526 0.108301
v 1.214844 0.063342 0.108284
v 1.215030 0.065231 0.108268
v 1.214843 0.067116 0.108207
v 1.214291 0.068929 0.108121
v 1.213395 0.070600 0.108048
v 1.212189 0.072062 0.107988
v 1.210722 0.073264 0.107945
v 1.209046 0.074149 0.107921
v 1.207189 0.074479 0.107926
v 1.614360 -0.044820 0.107949
v 1.612487 -0.044917 0.107998
v 1.610672 -0.045462 0.108074
v 1.609001 -0.046348 0.108168
v 1.607538 -0.047540 0.108264
v 1.606335 -0.049003 0.108284
v 1.605441 -0.050674 0.108305
v 1.604890 -0.052490 0.108327
v 1.604704 -0.054379 0.108334
v 1.604890 -0.056268 0.108334
v 1.605441 -0.058085 0.108334
v 1.606336 -0.059759 0.108334
v 1.607540 -0.061227 0.108334
v 1.609008 -0.062431 0.108334
v 1.610682 -0.063326 0.108334
v 1.612499 -0.063877 0.108334
v 1.614388 -0.064063 0.108334
v 1.616277 -0.063877 0.108334
v 1.618093 -0.063326 0.108334
v 1.619768 -0.062431 0.108334
v 1.621235 -0.061227 0.108334
v 1.622439 -0.059759 0.108334
v 1.623334 -0.058086 0.108313
v 1.623885 -0.056269 0.108292
v 1.624071 -0.054380 0.108271
v 1.623881 -0.052503 0.108208
v 1.623327 -0.050696 0.108108
v 1.622430 -0.049027 0.108024
v 1.621223 -0.047568 0.107961
v 1.619755 -0.046368 0.107921
v 1.618078 -0.045483 0.107905
v 1.616223 -0.045152 0.107927
v 2.168194 -0.269367 0.107259
v 2.166359 -0.269378 0.107410
v 2.164669 -0.269920 0.107635
v 2.162914 -0.270953 0.107821
v 2.161504 -0.272023 0.107925
v 2.160477 -0.273091 0.108018
v 2.159598 -0.274727 0.108140
v 2.159033 -0.276562 0.108262
v 2.158856 -0.278399 0.108281
v 2.159060 -0.280258 0.108298
v 2.159648 -0.282002 0.108313
v 2.160545 -0.283673 0.108326
v 2.161746 -0.285147 0.108332
v 2.163214 -0.286350 0.108326
v 2.164889 -0.287244 0.108324
v 2.166704 -0.287797 0.108329
v 2.168597 -0.287976 0.108330
v 2.170485 -0.287793 0.108319
v 2.172268 -0.287307 0.108305
v 2.173922 -0.286453 0.108288
v 2.175367 -0.285295 0.108268
v 2.176589 -0.283817 0.108173
v 2.177469 -0.282162 0.108048
v 2.177797 -0.280769 0.107958
v 2.177882 -0.279030 0.107851
v 2.177756 -0.277023 0.107707
v 2.177175 -0.275195 0.107461
v 2.176249 -0.273577 0.107277
v 2.175022 -0.272151 0.107148
v 2.173546 -0.270964 0.107078
v 2.171873 -0.270074 0.107071
v 2.170036 -0.269733 0.107167
v 1.190063 -0.169523 0.108548
v 1.188197 -0.169628 0.108656
v 1.186391 -0.170177 0.108684
v 1.184716 -0.171068 0.108706
v 1.183224 -0.172246 0.108730
v 1.182018 -0.173704 0.108766
v 1.181121 -0.175366 0.108786
v 1.180572 -0.177178 0.108788
v 1.180423 -0.179078 0.108772
v 1.180616 -0.180967 0.108741
v 1.181172 -0.182781 0.108675
v 1.182062 -0.184449 0.108581
v 1.183267 -0.185909 0.108459
v 1.184742 -0.187110 0.108331
v 1.186392 -0.187974 0.108204
v 1.188246 -0.188529 0.108076
v 1.190119 -0.188695 0.107945
v 1.191883 -0.188479 0.107750
v 1.193830 -0.187919 0.107627
v 1.195511 -0.187033 0.107607
v 1.196965 -0.185831 0.107613
v 1.198165 -0.184369 0.107642
v 1.199055 -0.182702 0.107696
v 1.199602 -0.180892 0.107770
v 1.199783 -0.179015 0.107855
v 1.199587 -0.177175 0.107950
v 1.199038 -0.175375 0.108057
v 1.198151 -0.173723 0.108144
v 1.196940 -0.172272 0.108189
v 1.195460 -0.171060 0.108231
v 1.193750 -0.170176 0.108311
v 1.191930 -0.169854 0.108428
v 1.593587 -0.233114 0.108125
v 1.591727 -0.233207 0.108105
v 1.589921 -0.233753 0.108074
v 1.588248 -0.234640 0.108036
v 1.586758 -0.235813 0.107993
v 1.585554 -0.237266 0.107946
v 1.584666 -0.238905 0.107897
v 1.584120 -0.240712 0.107847
v 1.583973 -0.242606 0.107800
v 1.584167 -0.244492 0.107755
v 1.584709 -0.246342 0.107656
v 1.585599 -0.248010 0.107570
v 1.586802 -0.249474 0.107507
v 1.588275 -0.250680 0.107467
v 1.589923 -0.251552 0.107453
v 1.591774 -0.252116 0.107465
v 1.593640 -0.252293 0.107504
v 1.595397 -0.252094 0.107567
v 1.597338 -0.251547 0.107657
v 1.599033 -0.250631 0.107756
v 1.600484 -0.249434 0.107799
v 1.601682 -0.247977 0.107847
v 1.602571 -0.246313 0.107897
v 1.603128 -0.244479 0.107947
v 1.603309 -0.242603 0.107995
v 1.603112 -0.240766 0.108038
v 1.602562 -0.238966 0.108076
v 1.601671 -0.237324 0.108106
v 1.600461 -0.235872 0.108129
v 1.598981 -0.234659 0.108143
v 1.597271 -0.233773 0.108147
v 1.595453 -0.233448 0.108136
v 1.982637 -0.442253 0.108188
v 1.980777 -0.442346 0.108148
v 1.978972 -0.442891 0.108097
v 1.977313 -0.443757 0.108041
v 1.975825 -0.444934 0.107974
v 1.974625 -0.446381 0.107904
v 1.973741 -0.448006 0.107836
v 1.973199 -0.449805 0.107768
v 1.972983 -0.451802 0.107634
v 1.973182 -0.453680 0.107505
v 1.973720 -0.455558 0.107387
v 1.974610 -0.457224 0.107291
v 1.975878 -0.458557 0.107242
v 1.977338 -0.459736 0.107217
v 1.978997 -0.460614 0.107218
v 1.980847 -0.461179 0.107256
v 1.982659 -0.461484 0.107315
v 1.984413 -0.461290 0.107416
v 1.986351 -0.460752 0.107556
v 1.988042 -0.459846 0.107717
v 1.989561 -0.458524 0.107817
v 1.990755 -0.457091 0.107896
v 1.991640 -0.455420 0.107970
v 1.992194 -0.453594 0.108040
v 1.992371 -0.451726 0.108103
v 1.992160 -0.449914 0.108157
v 1.991612 -0.448111 0.108204
v 1.990722 -0.446461 0.108236
v 1.989512 -0.445010 0.108251
v 1.988032 -0.443798 0.108254
v 1.986323 -0.442911 0.108244
v 1.984504 -0.442585 0.108216
v 0.849542 0.127565 0.108736
v 0.848176 0.127491 0.108736
v 0.846853 0.127090 0.108736
v 0.845633 0.126438 0.108736
v 0.844564 0.125561 0.108736
v 0.843687 0.124491 0.108736
v 0.843035 0.123272 0.108736
v 0.842633 0.121948 0.108736
v 0.842498 0.120572 0.108736
v 0.842633 0.119195 0.108736
v 0.843035 0.117872 0.108736
v 0.843687 0.116652 0.108736
v 0.844564 0.115583 0.108736
v 0.845633 0.114706 0.108736
v 0.846853 0.114054 0.108736
v 0.848176 0.113652 0.108736
v 0.849553 0.113516 0.108736
v 0.850929 0.113652 0.108736
v 0.852253 0.114054 0.108736
v 0.853473 0.114706 0.108736
v 0.854542 0.115583 0.108736
v 0.855419 0.116652 0.108736
v 0.856071 0.117872 0.108736
v 0.856473 0.119195 0.108736
v 0.856608 0.120572 0.108736
v 0.856473 0.121948 0.108736
v 0.856071 0.123272 0.108736
v 0.855419 0.124492 0.108736
v 0.854542 0.125560 0.108736
v 0.853473 0.126438 0.108736
v 0.852252 0.127084 0.108736
v 0.850899 0.127324 0.108736
v 1.205331 0.072206 0.108409
v 1.203966 0.072134 0.108429
v 1.202643 0.071736 0.108465
v 1.201424 0.071086 0.108513
v 1.200356 0.070211 0.108570
v 1.199479 0.069145 0.108635
v 1.198827 0.067927 0.108658
v 1.198426 0.066604 0.108670
v 1.198290 0.065227 0.108681
v 1.198426 0.063851 0.108693
v 1.198827 0.062528 0.108701
v 1.199479 0.061308 0.108701
v 1.200357 0.060239 0.108701
v 1.201426 0.059361 0.108701
v 1.202646 0.058709 0.108701
v 1.203969 0.058308 0.108701
v 1.205346 0.058172 0.108701
v 1.206722 0.058308 0.108701
v 1.208046 0.058709 0.108701
v 1.209265 0.059361 0.108701
v 1.210334 0.060239 0.108700
v 1.211212 0.061308 0.108689
v 1.211864 0.062528 0.108677
v 1.212265 0.063851 0.108665
v 1.212401 0.065227 0.108653
v 1.212265 0.066601 0.108609
v 1.211862 0.067921 0.108547
v 1.211210 0.069139 0.108493
v 1.210331 0.070204 0.108450
v 1.209262 0.071080 0.108419
v 1.208041 0.071724 0.108400
v 1.206688 0.071965 0.108405
v 1.614366 -0.047420 0.108425
v 1.613002 -0.047491 0.108460
v 1.611679 -0.047888 0.108516
v 1.610462 -0.048534 0.108584
v 1.609396 -0.049402 0.108654
v 1.608519 -0.050468 0.108669
v 1.607868 -0.051686 0.108684
v 1.607466 -0.053009 0.108700
v 1.607331 -0.054385 0.108705
v 1.607466 -0.055762 0.108705
v 1.607868 -0.057085 0.108705
v 1.608520 -0.058305 0.108705
v 1.609397 -0.059374 0.108705
v 1.610466 -0.060251 0.108705
v 1.611686 -0.060903 0.108705
v 1.613010 -0.061305 0.108705
v 1.614386 -0.061440 0.108705
v 1.615762 -0.061305 0.108705
v 1.617086 -0.060903 0.108705
v 1.618306 -0.060251 0.108705
v 1.619375 -0.059374 0.108705
v 1.620252 -0.058305 0.108705
v 1.620904 -0.057085 0.108690
v 1.621306 -0.055762 0.108674
v 1.621441 -0.054386 0.108659
v 1.621303 -0.053018 0.108614
v 1.620899 -0.051702 0.108540
v 1.620246 -0.050486 0.108480
v 1.619366 -0.049423 0.108434
v 1.618297 -0.048548 0.108404
v 1.617075 -0.047904 0.108392
v 1.615723 -0.047663 0.108409
v 2.168255 -0.271882 0.107841
v 2.166918 -0.271890 0.107951
v 2.165687 -0.272285 0.108115
v 2.164409 -0.273037 0.108250
v 2.163381 -0.273817 0.108326
v 2.162633 -0.274595 0.108394
v 2.161992 -0.275787 0.108483
v 2.161581 -0.277124 0.108572
v 2.161452 -0.278462 0.108586
v 2.161601 -0.279816 0.108598
v 2.162029 -0.281087 0.108609
v 2.162682 -0.282305 0.108618
v 2.163557 -0.283379 0.108623
v 2.164627 -0.284255 0.108618
v 2.165847 -0.284907 0.108617
v 2.167170 -0.285309 0.108620
v 2.168549 -0.285440 0.108621
v 2.169924 -0.285307 0.108613
v 2.171224 -0.284952 0.108603
v 2.172429 -0.284330 0.108591
v 2.173481 -0.283486 0.108576
v 2.174371 -0.282409 0.108507
v 2.175013 -0.281204 0.108416
v 2.175252 -0.280189 0.108351
v 2.175314 -0.278922 0.108273
v 2.175222 -0.277460 0.108167
v 2.174799 -0.276128 0.107988
v 2.174124 -0.274949 0.107854
v 2.173230 -0.273910 0.107760
v 2.172155 -0.273045 0.107709
v 2.170936 -0.272397 0.107704
v 2.169597 -0.272148 0.107774
v 1.190071 -0.172114 0.108873
v 1.188712 -0.172191 0.108951
v 1.187396 -0.172591 0.108972
v 1.186176 -0.173240 0.108987
v 1.185089 -0.174099 0.109005
v 1.184210 -0.175161 0.109031
v 1.183556 -0.176371 0.109046
v 1.183156 -0.177692 0.109047
v 1.183048 -0.179076 0.109036
v 1.183189 -0.180452 0.109013
v 1.183594 -0.181774 0.108965
v 1.184242 -0.182989 0.108896
v 1.185120 -0.184053 0.108807
v 1.186194 -0.184928 0.108714
v 1.187396 -0.185558 0.108622
v 1.188747 -0.185962 0.108528
v 1.190112 -0.186083 0.108433
v 1.191397 -0.185925 0.108291
v 1.192816 -0.185517 0.108202
v 1.194041 -0.184872 0.108187
v 1.195100 -0.183996 0.108191
v 1.195974 -0.182931 0.108213
v 1.196622 -0.181716 0.108251
v 1.197021 -0.180398 0.108306
v 1.197153 -0.179030 0.108367
v 1.197010 -0.177690 0.108436
v 1.196610 -0.176378 0.108515
v 1.195964 -0.175175 0.108578
v 1.195082 -0.174118 0.108611
v 1.194003 -0.173234 0.108642
v 1.192757 -0.172590 0.108700
v 1.191431 -0.172355 0.108785
v 1.593597 -0.235703 0.108455
v 1.592241 -0.235771 0.108440
v 1.590926 -0.236168 0.108418
v 1.589707 -0.236815 0.108390
v 1.588621 -0.237670 0.108359
v 1.587744 -0.238728 0.108324
v 1.587097 -0.239922 0.108289
v 1.586699 -0.241238 0.108253
v 1.586592 -0.242619 0.108218
v 1.586734 -0.243992 0.108186
v 1.587129 -0.245341 0.108113
v 1.587777 -0.246555 0.108051
v 1.588653 -0.247622 0.108004
v 1.589726 -0.248501 0.107975
v 1.590927 -0.249137 0.107965
v 1.592276 -0.249547 0.107974
v 1.593635 -0.249676 0.108003
v 1.594915 -0.249531 0.108048
v 1.596330 -0.249133 0.108114
v 1.597564 -0.248465 0.108186
v 1.598621 -0.247593 0.108217
v 1.599494 -0.246532 0.108252
v 1.600142 -0.245320 0.108289
v 1.600548 -0.243983 0.108325
v 1.600679 -0.242616 0.108360
v 1.600536 -0.241278 0.108391
v 1.600136 -0.239967 0.108419
v 1.599487 -0.238770 0.108441
v 1.598605 -0.237713 0.108458
v 1.597526 -0.236829 0.108468
v 1.596281 -0.236183 0.108471
v 1.594956 -0.235946 0.108463
v 1.982647 -0.444842 0.108489
v 1.981291 -0.444909 0.108460
v 1.979976 -0.445306 0.108423
v 1.978768 -0.445937 0.108382
v 1.977683 -0.446795 0.108334
v 1.976809 -0.447849 0.108283
v 1.976165 -0.449033 0.108233
v 1.975770 -0.450344 0.108184
v 1.975613 -0.451799 0.108086
v 1.975757 -0.453167 0.107992
v 1.976150 -0.454535 0.107906
v 1.976798 -0.455749 0.107836
v 1.977722 -0.456720 0.107800
v 1.978785 -0.457579 0.107782
v 1.979995 -0.458219 0.107783
v 1.981343 -0.458630 0.107810
v 1.982662 -0.458852 0.107853
v 1.983941 -0.458711 0.107927
v 1.985353 -0.458319 0.108029
v 1.986584 -0.457659 0.108146
v 1.987691 -0.456696 0.108219
v 1.988561 -0.455652 0.108277
v 1.989206 -0.454435 0.108331
v 1.989609 -0.453104 0.108381
v 1.989738 -0.451743 0.108428
v 1.989585 -0.450423 0.108467
v 1.989185 -0.449109 0.108501
v 1.988537 -0.447907 0.108524
v 1.987656 -0.446850 0.108535
v 1.986577 -0.445967 0.108538
v 1.985332 -0.445321 0.108530
v 1.984007 -0.445083 0.108510
v 0.849546 0.124288 0.109171
v 0.848820 0.124249 0.109171
v 0.848116 0.124035 0.109171
v 0.847467 0.123688 0.109171
v 0.846899 0.123222 0.109171
v 0.846432 0.122653 0.109171
v 0.846085 0.122004 0.109171
v 0.845872 0.121300 0.109171
v 0.845800 0.120568 0.109171
v 0.845872 0.119836 0.109171
v 0.846085 0.119132 0.109171
v 0.846432 0.118483 0.109171
v 0.846899 0.117915 0.109171
v 0.847467 0.117448 0.109171
v 0.848116 0.117101 0.109171
v 0.848820 0.116888 0.109171
v 0.849552 0.116816 0.109171
v 0.850284 0.116888 0.109171
v 0.850988 0.117101 0.109171
v 0.851637 0.117448 0.109171
v 0.852206 0.117915 0.109171
v 0.852672 0.118483 0.109171
v 0.853019 0.119132 0.109171
v 0.853233 0.119836 0.109171
v 0.853305 0.120568 0.109171
v 0.853233 0.121300 0.109171
v 0.853019 0.122004 0.109171
v 0.852672 0.122653 0.109171
v 0.852206 0.123222 0.109171
v 0.851637 0.123688 0.109171
v 0.850988 0.124032 0.109171
v 0.850268 0.124160 0.109171
v 1.205337 0.068934 0.108937
v 1.204611 0.068895 0.108947
v 1.203907 0.068684 0.108967
v 1.203259 0.068338 0.108992
v 1.202690 0.067873 0.109023
v 1.202224 0.067306 0.109057
v 1.201878 0.066658 0.109069
v 1.201664 0.065954 0.109075
v 1.201592 0.065222 0.109082
v 1.201664 0.064490 0.109088
v 1.201878 0.063786 0.109092
v 1.202224 0.063137 0.109092
v 1.202691 0.062569 0.109092
v 1.203260 0.062102 0.109092
v 1.203908 0.061755 0.109092
v 1.204612 0.061542 0.109092
v 1.205345 0.061470 0.109092
v 1.206077 0.061542 0.109092
v 1.206781 0.061755 0.109092
v 1.207429 0.062102 0.109092
v 1.207998 0.062569 0.109091
v 1.208465 0.063137 0.109086
v 1.208811 0.063786 0.109079
v 1.209025 0.064490 0.109073
v 1.209097 0.065222 0.109067
v 1.209025 0.065953 0.109043
v 1.208811 0.066655 0.109010
v 1.208464 0.067303 0.108981
v 1.207996 0.067869 0.108958
v 1.207428 0.068335 0.108942
v 1.206778 0.068678 0.108932
v 1.206059 0.068806 0.108934
v 1.614374 -0.050688 0.108951
v 1.613648 -0.050726 0.108970
v 1.612945 -0.050937 0.108999
v 1.612297 -0.051280 0.109036
v 1.611730 -0.051742 0.109073
v 1.611264 -0.052309 0.109081
v 1.610917 -0.052957 0.109089
v 1.610704 -0.053660 0.109097
v 1.610632 -0.054392 0.109100
v 1.610704 -0.055125 0.109100
v 1.610917 -0.055828 0.109100
v 1.611264 -0.056477 0.109100
v 1.611731 -0.057046 0.109100
v 1.612300 -0.057513 0.109100
v 1.612948 -0.057859 0.109100
v 1.613652 -0.058073 0.109100
v 1.614384 -0.058145 0.109100
v 1.615116 -0.058073 0.109100
v 1.615820 -0.057859 0.109100
v 1.616469 -0.057513 0.109100
v 1.617038 -0.057046 0.109100
v 1.617505 -0.056477 0.109100
v 1.617851 -0.055829 0.109092
v 1.618065 -0.055125 0.109084
v 1.618137 -0.054393 0.109076
v 1.618063 -0.053665 0.109051
v 1.617848 -0.052965 0.109013
v 1.617501 -0.052318 0.108980
v 1.617033 -0.051753 0.108956
v 1.616464 -0.051288 0.108940
v 1.615815 -0.050945 0.108934
v 1.615096 -0.050817 0.108942
v 2.168332 -0.275041 0.108501
v 2.167621 -0.275046 0.108560
v 2.166967 -0.275256 0.108647
v 2.166287 -0.275656 0.108719
v 2.165740 -0.276071 0.108759
v 2.165342 -0.276485 0.108795
v 2.165001 -0.277118 0.108843
v 2.164783 -0.277830 0.108890
v 2.164714 -0.278542 0.108897
v 2.164793 -0.279262 0.108904
v 2.165021 -0.279938 0.108910
v 2.165368 -0.280585 0.108915
v 2.165834 -0.281157 0.108917
v 2.166403 -0.281622 0.108915
v 2.167052 -0.281969 0.108914
v 2.167755 -0.282183 0.108916
v 2.168489 -0.282253 0.108916
v 2.169220 -0.282182 0.108912
v 2.169911 -0.281993 0.108907
v 2.170552 -0.281663 0.108900
v 2.171112 -0.281214 0.108892
v 2.171585 -0.280641 0.108856
v 2.171927 -0.280000 0.108807
v 2.172054 -0.279460 0.108772
v 2.172087 -0.278786 0.108731
v 2.172038 -0.278008 0.108675
v 2.171813 -0.277300 0.108579
v 2.171454 -0.276673 0.108508
v 2.170979 -0.276120 0.108458
v 2.170407 -0.275660 0.108431
v 2.169758 -0.275315 0.108429
v 2.169046 -0.275183 0.108465
v 1.190081 -0.175371 0.109209
v 1.189359 -0.175411 0.109251
v 1.188659 -0.175624 0.109262
v 1.188010 -0.175970 0.109270
v 1.187431 -0.176426 0.109279
v 1.186964 -0.176991 0.109293
v 1.186617 -0.177635 0.109301
v 1.186404 -0.178337 0.109302
v 1.186346 -0.179073 0.109296
v 1.186421 -0.179806 0.109284
v 1.186636 -0.180509 0.109258
v 1.186981 -0.181155 0.109222
v 1.187448 -0.181721 0.109174
v 1.188020 -0.182186 0.109125
v 1.188659 -0.182521 0.109076
v 1.189377 -0.182736 0.109026
v 1.190103 -0.182800 0.108975
v 1.190787 -0.182716 0.108900
v 1.191541 -0.182499 0.108852
v 1.192193 -0.182156 0.108844
v 1.192756 -0.181690 0.108846
v 1.193221 -0.181124 0.108858
v 1.193566 -0.180478 0.108879
v 1.193778 -0.179777 0.108907
v 1.193848 -0.179049 0.108940
v 1.193772 -0.178336 0.108977
v 1.193559 -0.177638 0.109019
v 1.193216 -0.176998 0.109052
v 1.192747 -0.176436 0.109070
v 1.192173 -0.175966 0.109086
v 1.191510 -0.175624 0.109117
v 1.190805 -0.175499 0.109162
v 1.593608 -0.238956 0.108798
v 1.592887 -0.238992 0.108791
v 1.592188 -0.239204 0.108779
v 1.591540 -0.239547 0.108764
v 1.590962 -0.240002 0.108747
v 1.590496 -0.240565 0.108729
v 1.590151 -0.241200 0.108710
v 1.589940 -0.241900 0.108691
v 1.589883 -0.242634 0.108672
v 1.589958 -0.243365 0.108655
v 1.590168 -0.244082 0.108617
v 1.590513 -0.244728 0.108583
v 1.590979 -0.245296 0.108559
v 1.591550 -0.245763 0.108543
v 1.592188 -0.246101 0.108538
v 1.592906 -0.246319 0.108542
v 1.593629 -0.246388 0.108558
v 1.594310 -0.246311 0.108582
v 1.595062 -0.246099 0.108617
v 1.595719 -0.245744 0.108655
v 1.596281 -0.245280 0.108672
v 1.596745 -0.244715 0.108691
v 1.597089 -0.244071 0.108710
v 1.597306 -0.243360 0.108729
v 1.597376 -0.242633 0.108748
v 1.597299 -0.241921 0.108764
v 1.597086 -0.241224 0.108779
v 1.596741 -0.240587 0.108791
v 1.596272 -0.240025 0.108800
v 1.595698 -0.239555 0.108805
v 1.595036 -0.239211 0.108807
v 1.594331 -0.239085 0.108803
v 1.982659 -0.448094 0.108797
v 1.981938 -0.448130 0.108782
v 1.981238 -0.448341 0.108762
v 1.980595 -0.448677 0.108740
v 1.980018 -0.449133 0.108714
v 1.979553 -0.449693 0.108687
v 1.979211 -0.450323 0.108660
v 1.979001 -0.451020 0.108635
v 1.978917 -0.451794 0.108583
v 1.978994 -0.452522 0.108532
v 1.979203 -0.453249 0.108487
v 1.979548 -0.453895 0.108449
v 1.980039 -0.454412 0.108431
v 1.980605 -0.454868 0.108421
v 1.981248 -0.455209 0.108421
v 1.981965 -0.455428 0.108436
v 1.982667 -0.455546 0.108459
v 1.983347 -0.455471 0.108498
v 1.984098 -0.455262 0.108552
v 1.984753 -0.454911 0.108615
v 1.985341 -0.454399 0.108653
v 1.985804 -0.453843 0.108684
v 1.986147 -0.453196 0.108713
v 1.986362 -0.452488 0.108740
v 1.986430 -0.451765 0.108764
v 1.986349 -0.451062 0.108785
v 1.986136 -0.450364 0.108803
v 1.985791 -0.449724 0.108816
v 1.985323 -0.449162 0.108821
v 1.984749 -0.448692 0.108823
v 1.984087 -0.448349 0.108819
v 1.983382 -0.448222 0.108808
v 0.849538 0.130173 -0.108547
v 0.847664 0.130072 -0.108547
v 0.845847 0.129521 -0.108547
v 0.844173 0.128626 -0.108547
v 0.842706 0.127422 -0.108547
v 0.841502 0.125955 -0.108547
v 0.840607 0.124280 -0.108547
v 0.840056 0.122464 -0.108547
v 0.839870 0.120575 -0.108547
v 0.840056 0.118685 -0.108547
v 0.840607 0.116869 -0.108547
v 0.841502 0.115195 -0.108547
v 0.842706 0.113727 -0.108547
v 0.844173 0.112523 -0.108547
v 0.845847 0.111628 -0.108547
v 0.847664 0.111077 -0.108547
v 0.849553 0.110891 -0.108547
v 0.851443 0.111077 -0.108547
v 0.853259 0.111628 -0.108547
v 0.854933 0.112523 -0.108547
v 0.856401 0.113727 -0.108547
v 0.857605 0.115194 -0.108547
v 0.858500 0.116869 -0.108547
v 0.859051 0.118685 -0.108547
v 0.859237 0.120574 -0.108547
v 0.859051 0.122464 -0.108547
v 0.858500 0.124280 -0.108547
v 0.857605 0.125955 -0.108547
v 0.856401 0.127422 -0.108547
v 0.854933 0.128626 -0.108547
v 0.853258 0.129512 -0.108547
v 0.851402 0.129842 -0.108547
v 1.205326 0.074810 -0.108146
v 1.203452 0.074711 -0.108174
v 1.201637 0.074165 -0.108224
v 1.199964 0.073273 -0.108289
v 1.198497 0.072072 -0.108368
v 1.197294 0.070608 -0.108457
v 1.196400 0.068937 -0.108487
v 1.195849 0.067121 -0.108504
v 1.195663 0.065232 -0.108520
v 1.195849 0.063343 -0.108535
v 1.196400 0.061526 -0.108547
v 1.197295 0.059852 -0.108547
v 1.198499 0.058384 -0.108547
v 1.199967 0.057180 -0.108547
v 1.201641 0.056285 -0.108547
v 1.203457 0.055734 -0.108547
v 1.205347 0.055548 -0.108547
v 1.207236 0.055734 -0.108547
v 1.209052 0.056285 -0.108547
v 1.210726 0.057180 -0.108547
v 1.212194 0.058384 -0.108545
v 1.213398 0.059852 -0.108531
v 1.214293 0.061526 -0.108515
v 1.214844 0.063342 -0.108498
v 1.215030 0.065231 -0.108481
v 1.214843 0.067116 -0.108421
v 1.214291 0.068929 -0.108335
v 1.213395 0.070600 -0.108261
v 1.212189 0.072062 -0.108202
v 1.210722 0.073264 -0.108159
v 1.209046 0.074149 -0.108134
v 1.207189 0.074479 -0.108140
v 1.614360 -0.044820 -0.108163
v 1.612487 -0.044917 -0.108212
v 1.610672 -0.045462 -0.108288
v 1.609001 -0.046348 -0.108382
v 1.607538 -0.047540 -0.108477
v 1.606335 -0.049003 -0.108498
v 1.605441 -0.050674 -0.108519
v 1.604890 -0.052490 -0.108540
v 1.604704 -0.054379 -0.108547
v 1.604890 -0.056268 -0.108547
v 1.605441 -0.058085 -0.108547
v 1.606336 -0.059759 -0.108547
v 1.607540 -0.061227 -0.108547
v 1.609008 -0.062431 -0.108547
v 1.610682 -0.063326 -0.108547
v 1.612499 -0.063877 -0.108547
v 1.614388 -0.064063 -0.108547
v 1.616277 -0.063877 -0.108547
v 1.618093 -0.063326 -0.108547
v 1.619768 -0.062431 -0.108547
v 1.621235 -0.061227 -0.108547
v 1.622439 -0.059759 -0.108547
v 1.623334 -0.058086 -0.108527
v 1.623885 -0.056269 -0.108505
v 1.624071 -0.054380 -0.108485
v 1.623881 -0.052503 -0.108422
v 1.623327 -0.050696 -0.108322
v 1.622430 -0.049027 -0.108238
v 1.621223 -0.047568 -0.108175
v 1.619755 -0.046368 -0.108134
v 1.618078 -0.045483 -0.108119
v 1.616223 -0.045152 -0.108141
v 2.168194 -0.269367 -0.107472
v 2.166359 -0.269378 -0.107623
v 2.164669 -0.269920 -0.107848
v 2.162914 -0.270953 -0.108035
v 2.161504 -0.272023 -0.108139
v 2.160477 -0.273091 -0.108232
v 2.159598 -0.274727 -0.108353
v 2.159033 -0.276562 -0.108476
v 2.158856 -0.278399 -0.108495
v 2.159060 -0.280258 -0.108512
v 2.159648 -0.282002 -0.108527
v 2.160545 -0.283673 -0.108539
v 2.161746 -0.285147 -0.108546
v 2.163214 -0.286350 -0.108539
v 2.164889 -0.287244 -0.108538
v 2.166704 -0.287797 -0.108542
v 2.168597 -0.287976 -0.108544
v 2.170485 -0.287793 -0.108533
v 2.172268 -0.287307 -0.108519
v 2.173922 -0.286453 -0.108501
v 2.175367 -0.285295 -0.108482
v 2.176589 -0.283817 -0.108387
v 2.177469 -0.282162 -0.108262
v 2.177797 -0.280769 -0.108172
v 2.177882 -0.279030 -0.108065
v 2.177756 -0.277023 -0.107920
v 2.177175 -0.275195 -0.107674
v 2.176249 -0.273577 -0.107490
v 2.175022 -0.272151 -0.107361
v 2.173546 -0.270964 -0.107291
v 2.171873 -0.270074 -0.107285
v 2.170036 -0.269733 -0.107380
v 1.190063 -0.169523 -0.108762
v 1.188197 -0.169628 -0.108869
v 1.186391 -0.170177 -0.108898
v 1.184716 -0.171068 -0.108919
v 1.183224 -0.172246 -0.108944
v 1.182018 -0.173704 -0.108980
v 1.181121 -0.175366 -0.108999
v 1.180572 -0.177178 -0.109002
v 1.180423 -0.179078 -0.108986
v 1.180616 -0.180967 -0.108955
v 1.181172 -0.182781 -0.108889
v 1.182062 -0.184449 -0.108794
v 1.183267 -0.185909 -0.108672
v 1.184742 -0.187110 -0.108545
v 1.186392 -0.187974 -0.108418
v 1.188246 -0.188529 -0.108289
v 1.190119 -0.188695 -0.108159
v 1.191883 -0.188479 -0.107964
v 1.193830 -0.187919 -0.107841
v 1.195511 -0.187033 -0.107821
v 1.196965 -0.185831 -0.107826
v 1.198165 -0.184369 -0.107856
v 1.199055 -0.182702 -0.107909
v 1.199602 -0.180892 -0.107984
v 1.199783 -0.179015 -0.108068
v 1.199587 -0.177175 -0.108163
v 1.199038 -0.175375 -0.108271
v 1.198151 -0.173723 -0.108357
v 1.196940 -0.172272 -0.108403
v 1.195460 -0.171060 -0.108445
v 1.193750 -0.170176 -0.108525
v 1.191930 -0.169854 -0.108642
v 1.593587 -0.233114 -0.108339
v 1.591727 -0.233207 -0.108318
v 1.589921 -0.233753 -0.108287
v 1.588248 -0.234640 -0.108250
v 1.586758 -0.235813 -0.108206
v 1.585554 -0.237266 -0.108159
v 1.584666 -0.238905 -0.108110
v 1.584120 -0.240712 -0.108061
v 1.583973 -0.242606 -0.108013
v 1.584167 -0.244492 -0.107969
v 1.584709 -0.246342 -0.107870
v 1.585599 -0.248010 -0.107784
v 1.586802 -0.249474 -0.107720
v 1.588275 -0.250680 -0.107680
v 1.589923 -0.251552 -0.107667
v 1.591774 -0.252116 -0.107678
v 1.593640 -0.252293 -0.107718
v 1.595397 -0.252094 -0.107780
v 1.597338 -0.251547 -0.107871
v 1.599033 -0.250631 -0.107969
v 1.600484 -0.249434 -0.108013
v 1.601682 -0.247977 -0.108060
v 1.602571 -0.246313 -0.108110
v 1.603128 -0.244479 -0.108161
v 1.603309 -0.242603 -0.108208
v 1.603112 -0.240766 -0.108251
v 1.602562 -0.238966 -0.108289
v 1.601671 -0.237324 -0.108320
v 1.600461 -0.235872 -0.108343
v 1.598981 -0.234659 -0.108357
v 1.597271 -0.233773 -0.108361
v 1.595453 -0.233448 -0.108349
v 1.982637 -0.442253 -0.108401
v 1.980777 -0.442346 -0.108362
v 1.978972 -0.442891 -0.108311
v 1.977313 -0.443757 -0.108254
v 1.975825 -0.444934 -0.108188
v 1.974625 -0.446381 -0.108118
v 1.973741 -0.448006 -0.108049
v 1.973199 -0.449805 -0.107982
v 1.972983 -0.451802 -0.107848
v 1.973182 -0.453680 -0.107719
v 1.973720 -0.455558 -0.107600
v 1.974610 -0.457224 -0.107504
v 1.975878 -0.458557 -0.107456
v 1.977338 -0.459736 -0.107430
v 1.978997 -0.460614 -0.107432
v 1.980847 -0.461179 -0.107469
v 1.982659 -0.461484 -0.107528
v 1.984413 -0.461290 -0.107629
v 1.986351 -0.460752 -0.107769
v 1.988042 -0.459846 -0.107931
v 1.989561 -0.458524 -0.108031
v 1.990755 -0.457091 -0.108110
v 1.991640 -0.455420 -0.108184
v 1.992194 -0.453594 -0.108253
v 1.992371 -0.451726 -0.108317
v 1.992160 -0.449914 -0.108371
v 1.991612 -0.448111 -0.108418
v 1.990722 -0.446461 -0.108449
v 1.989512 -0.445010 -0.108464
v 1.988032 -0.443798 -0.108468
v 1.986323 -0.442911 -0.108457
v 1.984504 -0.442585 -0.108430
v 0.849538 0.130173 -0.109127
v 0.847664 0.130072 -0.109127
v 0.845847 0.129521 -0.109127
v 0.844173 0.128626 -0.109127
v 0.842706 0.127422 -0.109127
v 0.841502 0.125955 -0.109127
v 0.840607 0.124280 -0.109127
v 0.840056 0.122464 -0.109127
v 0.839870 0.120575 -0.109127
v 0.840056 0.118685 -0.109127
v 0.840607 0.116869 -0.109127
v 0.841502 0.115195 -0.109127
v 0.842706 0.113727 -0.109127
v 0.844173 0.112523 -0.109127
v 0.845847 0.111628 -0.109127
v 0.847664 0.111077 -0.109127
v 0.849553 0.110891 -0.109127
v 0.851443 0.111077 -0.109127
v 0.853259 0.111628 -0.109127
v 0.854933 0.112523 -0.109127
v 0.856401 0.113727 -0.109127
v 0.857605 0.115194 -0.109127
v 0.858500 0.116869 -0.109127
v 0.859051 0.118685 -0.109127
v 0.859237 0.120574 -0.109127
v 0.859051 0.122464 -0.109127
v 0.858500 0.124280 -0.109127
v 0.857605 0.125955 -0.109127
v 0.856401 0.127422 -0.109127
v 0.854933 0.128626 -0.109127
v 0.853258 0.129512 -0.109127
v 0.851402 0.129842 -0.109127
v 1.205326 0.074810 -0.108725
v 1.203452 0.074711 -0.108753
v 1.201637 0.074165 -0.108803
v 1.199964 0.073273 -0.108869
v 1.198497 0.072072 -0.108947
v 1.197294 0.070608 -0.109036
v 1.196400 0.068937 -0.109067
v 1.195849 0.067121 -0.109083
v 1.195663 0.065232 -0.109099
v 1.195849 0.063343 -0.109115
v 1.196400 0.061526 -0.109127
v 1.197295 0.059852 -0.109127
v 1.198499 0.058384 -0.109127
v 1.199967 0.057180 -0.109127
v 1.201641 0.056285 -0.109127
v 1.203457 0.055734 -0.109127
v 1.205347 0.055548 -0.109127
v 1.207236 0.055734 -0.109127
v 1.209052 0.056285 -0.109127
v 1.210726 0.057180 -0.109127
v 1.212194 0.058384 -0.109125
v 1.213398 0.059852 -0.109110
v 1.214293 0.061526 -0.109094
v 1.214844 0.063342 -0.109078
v 1.215030 0.065231 -0.109061
v 1.214843 0.067116 -0.109000
v 1.214291 0.068929 -0.108915
v 1.213395 0.070600 -0.108841
v 1.212189 0.072062 -0.108782
v 1.210722 0.073264 -0.108739
v 1.209046 0.074149 -0.108714
v 1.207189 0.074479 -0.108720
v 1.614360 -0.044820 -0.108742
v 1.612487 -0.044917 -0.108791
v 1.610672 -0.045462 -0.108867
v 1.609001 -0.046348 -0.108961
v 1.607538 -0.047540 -0.109057
v 1.606335 -0.049003 -0.109077
v 1.605441 -0.050674 -0.109099
v 1.604890 -0.052490 -0.109120
v 1.604704 -0.054379 -0.109127
v 1.604890 -0.056268 -0.109127
v 1.605441 -0.058085 -0.109127
v 1.606336 -0.059759 -0.109127
v 1.607540 -0.061227 -0.109127
v 1.609008 -0.062431 -0.109127
v 1.610682 -0.063326 -0.109127
v 1.612499 -0.063877 -0.109127
v 1.614388 -0.064063 -0.109127
v 1.616277 -0.063877 -0.109127
v 1.618093 -0.063326 -0.109127
v 1.619768 -0.062431 -0.109127
v 1.621235 -0.061227 -0.109127
v 1.622439 -0.059759 -0.109127
v 1.623334 -0.058086 -0.109107
v 1.623885 -0.056269 -0.109085
v 1.624071 -0.054380 -0.109064
v 1.623881 -0.052503 -0.109002
v 1.623327 -0.050696 -0.108901
v 1.622430 -0.049027 -0.108818
v 1.621223 -0.047568 -0.108755
v 1.619755 -0.046368 -0.108714
v 1.618078 -0.045483 -0.108698
v 1.616223 -0.045152 -0.108720
v 2.168194 -0.269367 -0.108052
v 2.166359 -0.269378 -0.108203
v 2.164669 -0.269920 -0.108428
v 2.162914 -0.270953 -0.108614
v 2.161504 -0.272023 -0.108719
v 2.160477 -0.273091 -0.108811
v 2.159598 -0.274727 -0.108933
v 2.159033 -0.276562 -0.109055
v 2.158856 -0.278399 -0.109074
v 2.159060 -0.280258 -0.109092
v 2.159648 -0.282002 -0.109106
v 2.160545 -0.283673 -0.109119
v 2.161746 -0.285147 -0.109126
v 2.163214 -0.286350 -0.109119
v 2.164889 -0.287244 -0.109118
v 2.166704 -0.287797 -0.109122
v 2.168597 -0.287976 -0.109123
v 2.170485 -0.287793 -0.109112
v 2.172268 -0.287307 -0.109099
v 2.173922 -0.286453 -0.109081
v 2.175367 -0.285295 -0.109061
v 2.176589 -0.283817 -0.108967
v 2.177469 -0.282162 -0.108841
v 2.177797 -0.280769 -0.108752
v 2.177882 -0.279030 -0.108645
v 2.177756 -0.277023 -0.108500
v 2.177175 -0.275195 -0.108254
v 2.176249 -0.273577 -0.108070
v 2.175022 -0.272151 -0.107941
v 2.173546 -0.270964 -0.107871
v 2.171873 -0.270074 -0.107865
v 2.170036 -0.269733 -0.107960
v 1.190063 -0.169523 -0.109342
v 1.188197 -0.169628 -0.109449
v 1.186391 -0.170177 -0.109477
v 1.184716 -0.171068 -0.109499
v 1.183224 -0.172246 -0.109523
v 1.182018 -0.173704 -0.109559
v 1.181121 -0.175366 -0.109579
v 1.180572 -0.177178 -0.109582
v 1.180423 -0.179078 -0.109565
v 1.180616 -0.180967 -0.109534
v 1.181172 -0.182781 -0.109468
v 1.182062 -0.184449 -0.109374
v 1.183267 -0.185909 -0.109252
v 1.184742 -0.187110 -0.109124
v 1.186392 -0.187974 -0.108997
v 1.188246 -0.188529 -0.108869
v 1.190119 -0.188695 -0.108738
v 1.191883 -0.188479 -0.108543
v 1.193830 -0.187919 -0.108421
v 1.195511 -0.187033 -0.108400
v 1.196965 -0.185831 -0.108406
v 1.198165 -0.184369 -0.108436
v 1.199055 -0.182702 -0.108489
v 1.199602 -0.180892 -0.108564
v 1.199783 -0.179015 -0.108648
v 1.199587 -0.177175 -0.108743
v 1.199038 -0.175375 -0.108850
v 1.198151 -0.173723 -0.108937
v 1.196940 -0.172272 -0.108982
v 1.195460 -0.171060 -0.109025
v 1.193750 -0.170176 -0.109104
v 1.191930 -0.169854 -0.109222
v 1.593587 -0.233114 -0.108918
v 1.591727 -0.233207 -0.108898
v 1.589921 -0.233753 -0.108867
v 1.588248 -0.234640 -0.108829
v 1.586758 -0.235813 -0.108786
v 1.585554 -0.237266 -0.108739
v 1.584666 -0.238905 -0.108690
v 1.584120 -0.240712 -0.108641
v 1.583973 -0.242606 -0.108593
v 1.584167 -0.244492 -0.108549
v 1.584709 -0.246342 -0.108450
v 1.585599 -0.248010 -0.108364
v 1.586802 -0.249474 -0.108300
v 1.588275 -0.250680 -0.108260
v 1.589923 -0.251552 -0.108246
v 1.591774 -0.252116 -0.108258
v 1.593640 -0.252293 -0.108297
v 1.595397 -0.252094 -0.108360
v 1.597338 -0.251547 -0.108450
v 1.599033 -0.250631 -0.108549
v 1.600484 -0.249434 -0.108592
v 1.601682 -0.247977 -0.108640
v 1.602571 -0.246313 -0.108690
v 1.603128 -0.244479 -0.108740
v 1.603309 -0.242603 -0.108788
v 1.603112 -0.240766 -0.108831
v 1.602562 -0.238966 -0.108869
v 1.601671 -0.237324 -0.108900
v 1.600461 -0.235872 -0.108922
v 1.598981 -0.234659 -0.108936
v 1.597271 -0.233773 -0.108940
v 1.595453 -0.233448 -0.108929
v 1.982637 -0.442253 -0.108981
v 1.980777 -0.442346 -0.108941
v 1.978972 -0.442891 -0.108890
v 1.977313 -0.443757 -0.108834
v 1.975825 -0.444934 -0.108767
v 1.974625 -0.446381 -0.108697
v 1.973741 -0.448006 -0.108629
v 1.973199 -0.449805 -0.108562
v 1.972983 -0.451802 -0.108428
v 1.973182 -0.453680 -0.108298
v 1.973720 -0.455558 -0.108180
v 1.974610 -0.457224 -0.108084
v 1.975878 -0.458557 -0.108035
v 1.977338 -0.459736 -0.108010
v 1.978997 -0.460614 -0.108011
v 1.980847 -0.461179 -0.108049
v 1.982659 -0.461484 -0.108108
v 1.984413 -0.461290 -0.108209
v 1.986351 -0.460752 -0.108349
v 1.988042 -0.459846 -0.108510
v 1.989561 -0.458524 -0.108611
v 1.990755 -0.457091 -0.108689
v 1.991640 -0.455420 -0.108763
v 1.992194 -0.453594 -0.108833
v 1.992371 -0.451726 -0.108896
v 1.992160 -0.449914 -0.108950
v 1.991612 -0.448111 -0.108997
v 1.990722 -0.446461 -0.109029
v 1.989512 -0.445010 -0.109044
v 1.988032 -0.443798 -0.109047
v 1.986323 -0.442911 -0.109037
v 1.984504 -0.442585 -0.109009
v 0.849542 0.127565 -0.109530
v 0.848176 0.127491 -0.109530
v 0.846853 0.127090 -0.109530
v 0.845633 0.126438 -0.109530
v 0.844564 0.125561 -0.109530
v 0.843687 0.124491 -0.109530
v 0.843035 0.123272 -0.109530
v 0.842633 0.121948 -0.109530
v 0.842498 0.120572 -0.109530
v 0.842633 0.119195 -0.109530
v 0.843035 0.117872 -0.109530
v 0.843687 0.116652 -0.109530
v 0.844564 0.115583 -0.109530
v 0.845633 0.114706 -0.109530
v 0.846853 0.114054 -0.109530
v 0.848176 0.113652 -0.109530
v 0.849553 0.113516 -0.109530
v 0.850929 0.113652 -0.109530
v 0.852253 0.114054 -0.109530
v 0.853473 0.114706 -0.109530
v 0.854542 0.115583 -0.109530
v 0.855419 0.116652 -0.109530
v 0.856071 0.117872 -0.109530
v 0.856473 0.119195 -0.109530
v 0.856608 0.120572 -0.109530
v 0.856473 0.121948 -0.109530
v 0.856071 0.123272 -0.109530
v 0.855419 0.124492 -0.109530
v 0.854542 0.125560 -0.109530
v 0.853473 0.126438 -0.109530
v 0.852252 0.127084 -0.109530
v 0.850899 0.127324 -0.109530
v 1.205331 0.072206 -0.109202
v 1.203966 0.072134 -0.109222
v 1.202643 0.071736 -0.109259
v 1.201424 0.071086 -0.109306
v 1.200356 0.070211 -0.109364
v 1.199479 0.069145 -0.109429
v 1.198827 0.067927 -0.109451
v 1.198426 0.066604 -0.109463
v 1.198290 0.065227 -0.109475
v 1.198426 0.063851 -0.109486
v 1.198827 0.062528 -0.109495
v 1.199479 0.061308 -0.109495
v 1.200357 0.060239 -0.109495
v 1.201426 0.059361 -0.109495
v 1.202646 0.058709 -0.109495
v 1.203969 0.058308 -0.109495
v 1.205346 0.058172 -0.109495
v 1.206722 0.058308 -0.109495
v 1.208046 0.058709 -0.109495
v 1.209265 0.059361 -0.109495
v 1.210334 0.060239 -0.109493
v 1.211212 0.061308 -0.109482
v 1.211864 0.062528 -0.109471
v 1.212265 0.063851 -0.109459
v 1.212401 0.065227 -0.109447
v 1.212265 0.066601 -0.109402
v 1.211862 0.067921 -0.109340
v 1.211210 0.069139 -0.109286
v 1.210331 0.070204 -0.109243
v 1.209262 0.071080 -0.109212
v 1.208041 0.071724 -0.109194
v 1.206688 0.071965 -0.109198
v 1.614366 -0.047420 -0.109218
v 1.613002 -0.047491 -0.109254
v 1.611679 -0.047888 -0.109309
v 1.610462 -0.048534 -0.109377
v 1.609396 -0.049402 -0.109447
v 1.608519 -0.050468 -0.109462
v 1.607868 -0.051686 -0.109477
v 1.607466 -0.053009 -0.109493
v 1.607331 -0.054385 -0.109498
v 1.607466 -0.055762 -0.109498
v 1.607868 -0.057085 -0.109498
v 1.608520 -0.058305 -0.109498
v 1.609397 -0.059374 -0.109498
v 1.610466 -0.060251 -0.109498
v 1.611686 -0.060903 -0.109498
v 1.613010 -0.061305 -0.109498
v 1.614386 -0.061440 -0.109498
v 1.615762 -0.061305 -0.109498
v 1.617086 -0.060903 -0.109498
v 1.618306 -0.060251 -0.109498
v 1.619375 -0.059374 -0.109498
v 1.620252 -0.058305 -0.109498
v 1.620904 -0.057085 -0.109483
v 1.621306 -0.055762 -0.109468
v 1.621441 -0.054386 -0.109452
v 1.621303 -0.053018 -0.109407
v 1.620899 -0.051702 -0.109334
v 1.620246 -0.050486 -0.109273
v 1.619366 -0.049423 -0.109227
v 1.618297 -0.048548 -0.109197
v 1.617075 -0.047904 -0.109186
v 1.615723 -0.047663 -0.109202
v 2.168255 -0.271882 -0.108634
v 2.166918 -0.271890 -0.108744
v 2.165687 -0.272285 -0.108908
v 2.164409 -0.273037 -0.109044
v 2.163381 -0.273817 -0.109120
v 2.162633 -0.274595 -0.109187
v 2.161992 -0.275787 -0.109276
v 2.161581 -0.277124 -0.109365
v 2.161452 -0.278462 -0.109379
v 2.161601 -0.279816 -0.109392
v 2.162029 -0.281087 -0.109402
v 2.162682 -0.282305 -0.109411
v 2.163557 -0.283379 -0.109416
v 2.164627 -0.284255 -0.109411
v 2.165847 -0.284907 -0.109410
v 2.167170 -0.285309 -0.109414
v 2.168549 -0.285440 -0.109415
v 2.169924 -0.285307 -0.109407
v 2.171224 -0.284952 -0.109397
v 2.172429 -0.284330 -0.109384
v 2.173481 -0.283486 -0.109369
v 2.174371 -0.282409 -0.109300
v 2.175013 -0.281204 -0.109209
v 2.175252 -0.280189 -0.109144
v 2.175314 -0.278922 -0.109066
v 2.175222 -0.277460 -0.108961
v 2.174799 -0.276128 -0.108781
v 2.174124 -0.274949 -0.108647
v 2.173230 -0.273910 -0.108553
v 2.172155 -0.273045 -0.108502
v 2.170936 -0.272397 -0.108498
v 2.169597 -0.272148 -0.108567
v 1.190071 -0.172114 -0.109666
v 1.188712 -0.172191 -0.109744
v 1.187396 -0.172591 -0.109765
v 1.186176 -0.173240 -0.109781
v 1.185089 -0.174099 -0.109798
v 1.184210 -0.175161 -0.109824
v 1.183556 -0.176371 -0.109839
v 1.183156 -0.177692 -0.109841
v 1.183048 -0.179076 -0.109829
v 1.183189 -0.180452 -0.109806
v 1.183594 -0.181774 -0.109758
v 1.184242 -0.182989 -0.109690
v 1.185120 -0.184053 -0.109601
v 1.186194 -0.184928 -0.109508
v 1.187396 -0.185558 -0.109415
v 1.188747 -0.185962 -0.109321
v 1.190112 -0.186083 -0.109226
v 1.191397 -0.185925 -0.109084
v 1.192816 -0.185517 -0.108995
v 1.194041 -0.184872 -0.108980
v 1.195100 -0.183996 -0.108984
v 1.195974 -0.182931 -0.109006
v 1.196622 -0.181716 -0.109045
v 1.197021 -0.180398 -0.109099
v 1.197153 -0.179030 -0.109160
v 1.197010 -0.177690 -0.109230
v 1.196610 -0.176378 -0.109308
v 1.195964 -0.175175 -0.109371
v 1.195082 -0.174118 -0.109404
v 1.194003 -0.173234 -0.109435
v 1.192757 -0.172590 -0.109493
v 1.191431 -0.172355 -0.109578
v 1.593597 -0.235703 -0.109248
v 1.592241 -0.235771 -0.109233
v 1.590926 -0.236168 -0.109211
v 1.589707 -0.236815 -0.109183
v 1.588621 -0.237670 -0.109152
v 1.587744 -0.238728 -0.109117
v 1.587097 -0.239922 -0.109082
v 1.586699 -0.241238 -0.109046
v 1.586592 -0.242619 -0.109011
v 1.586734 -0.243992 -0.108979
v 1.587129 -0.245341 -0.108907
v 1.587777 -0.246555 -0.108844
v 1.588653 -0.247622 -0.108798
v 1.589726 -0.248501 -0.108769
v 1.590927 -0.249137 -0.108759
v 1.592276 -0.249547 -0.108767
v 1.593635 -0.249676 -0.108796
v 1.594915 -0.249531 -0.108841
v 1.596330 -0.249133 -0.108907
v 1.597564 -0.248465 -0.108979
v 1.598621 -0.247593 -0.109011
v 1.599494 -0.246532 -0.109045
v 1.600142 -0.245320 -0.109082
v 1.600548 -0.243983 -0.109119
v 1.600679 -0.242616 -0.109153
v 1.600536 -0.241278 -0.109184
v 1.600136 -0.239967 -0.109212
v 1.599487 -0.238770 -0.109235
v 1.598605 -0.237713 -0.109251
v 1.597526 -0.236829 -0.109261
v 1.596281 -0.236183 -0.109264
v 1.594956 -0.235946 -0.109256
v 1.982647 -0.444842 -0.109283
v 1.981291 -0.444909 -0.109254
v 1.979976 -0.445306 -0.109217
v 1.978768 -0.445937 -0.109175
v 1.977683 -0.446795 -0.109127
v 1.976809 -0.447849 -0.109076
v 1.976165 -0.449033 -0.109026
v 1.975770 -0.450344 -0.108977
v 1.975613 -0.451799 -0.108879
v 1.975757 -0.453167 -0.108785
v 1.976150 -0.454535 -0.108699
v 1.976798 -0.455749 -0.108629
v 1.977722 -0.456720 -0.108594
v 1.978785 -0.457579 -0.108575
v 1.979995 -0.458219 -0.108576
v 1.981343 -0.458630 -0.108603
v 1.982662 -0.458852 -0.108646
v 1.983941 -0.458711 -0.108720
v 1.985353 -0.458319 -0.108822
v 1.986584 -0.457659 -0.108940
v 1.987691 -0.456696 -0.109013
v 1.988561 -0.455652 -0.109070
v 1.989206 -0.454435 -0.109124
v 1.989609 -0.453104 -0.109175
v 1.989738 -0.451743 -0.109221
v 1.989585 -0.450423 -0.109260
v 1.989185 -0.449109 -0.109294
v 1.988537 -0.447907 -0.109317
v 1.987656 -0.446850 -0.109328
v 1.986577 -0.445967 -0.109331
v 1.985332 -0.445321 -0.109323
v 1.984007 -0.445083 -0.109303
v 0.849546 0.124288 -0.109964
v 0.848820 0.124249 -0.109964
v 0.848116 0.124035 -0.109964
v 0.847467 0.123688 -0.109964
v 0.846899 0.123222 -0.109964
v 0.846432 0.122653 -0.109964
v 0.846085 0.122004 -0.109964
v 0.845872 0.121300 -0.109964
v 0.845800 0.120568 -0.109964
v 0.845872 0.119836 -0.109964
v 0.846085 0.119132 -0.109964
v 0.846432 0.118484 -0.109964
v 0.846899 0.117915 -0.109964
v 0.847467 0.117448 -0.109964
v 0.848116 0.117101 -0.109964
v 0.848820 0.116888 -0.109964
v 0.849552 0.116816 -0.109964
v 0.850284 0.116888 -0.109964
v 0.850988 0.117101 -0.109964
v 0.851637 0.117448 -0.109964
v 0.852206 0.117915 -0.109964
v 0.852672 0.118483 -0.109964
v 0.853019 0.119132 -0.109964
v 0.853233 0.119836 -0.109964
v 0.853305 0.120568 -0.109964
v 0.853233 0.121300 -0.109964
v 0.853019 0.122004 -0.109964
v 0.852672 0.122653 -0.109964
v 0.852206 0.123222 -0.109964
v 0.851637 0.123688 -0.109964
v 0.850988 0.124032 -0.109964
v 0.850268 0.124160 -0.109964
v 1.205337 0.068934 -0.109730
v 1.204611 0.068895 -0.109741
v 1.203907 0.068684 -0.109760
v 1.203259 0.068338 -0.109785
v 1.202690 0.067873 -0.109816
v 1.202224 0.067306 -0.109850
v 1.201878 0.066658 -0.109862
v 1.201664 0.065954 -0.109868
v 1.201592 0.065222 -0.109875
v 1.201664 0.064490 -0.109881
v 1.201878 0.063786 -0.109885
v 1.202224 0.063137 -0.109885
v 1.202691 0.062569 -0.109885
v 1.203260 0.062102 -0.109885
v 1.203908 0.061755 -0.109885
v 1.204612 0.061542 -0.109885
v 1.205345 0.061470 -0.109885
v 1.206077 0.061542 -0.109885
v 1.206781 0.061755 -0.109885
v 1.207429 0.062102 -0.109885
v 1.207998 0.062569 -0.109885
v 1.208465 0.063137 -0.109879
v 1.208811 0.063786 -0.109873
v 1.209025 0.064490 -0.109866
v 1.209097 0.065222 -0.109860
v 1.209025 0.065953 -0.109836
v 1.208811 0.066655 -0.109803
v 1.208464 0.067303 -0.109775
v 1.207996 0.067869 -0.109752
v 1.207428 0.068335 -0.109735
v 1.206778 0.068678 -0.109725
v 1.206059 0.068806 -0.109728
v 1.614374 -0.050688 -0.109744
v 1.613648 -0.050726 -0.109763
v 1.612945 -0.050937 -0.109793
v 1.612297 -0.051280 -0.109829
v 1.611730 -0.051742 -0.109866
v 1.611264 -0.052309 -0.109874
v 1.610917 -0.052957 -0.109882
v 1.610704 -0.053660 -0.109891
v 1.610632 -0.054392 -0.109893
v 1.610704 -0.055125 -0.109893
v 1.610917 -0.055828 -0.109893
v 1.611264 -0.056477 -0.109893
v 1.611731 -0.057046 -0.109893
v 1.612300 -0.057513 -0.109893
v 1.612948 -0.057859 -0.109893
v 1.613652 -0.058073 -0.109893
v 1.614384 -0.058145 -0.109893
v 1.615116 -0.058073 -0.109893
v 1.615820 -0.057859 -0.109893
v 1.616469 -0.057513 -0.109893
v 1.617038 -0.057046 -0.109893
v 1.617505 -0.056477 -0.109893
v 1.617851 -0.055829 -0.109885
v 1.618065 -0.055125 -0.109877
v 1.618137 -0.054393 -0.109869
v 1.618063 -0.053665 -0.109845
v 1.617848 -0.052965 -0.109806
v 1.617501 -0.052318 -0.109773
v 1.617033 -0.051753 -0.109749
v 1.616464 -0.051288 -0.109733
v 1.615815 -0.050945 -0.109727
v 1.615096 -0.050817 -0.109736
v 2.168332 -0.275041 -0.109294
v 2.167621 -0.275046 -0.109353
v 2.166967 -0.275256 -0.109440
v 2.166287 -0.275656 -0.109512
v 2.165740 -0.276071 -0.109553
v 2.165342 -0.276485 -0.109589
v 2.165001 -0.277118 -0.109636
v 2.164783 -0.277830 -0.109683
v 2.164714 -0.278542 -0.109691
v 2.164793 -0.279262 -0.109697
v 2.165021 -0.279938 -0.109703
v 2.165368 -0.280585 -0.109708
v 2.165834 -0.281157 -0.109710
v 2.166403 -0.281622 -0.109708
v 2.167052 -0.281969 -0.109707
v 2.167755 -0.282183 -0.109709
v 2.168489 -0.282253 -0.109710
v 2.169220 -0.282182 -0.109705
v 2.169911 -0.281993 -0.109700
v 2.170552 -0.281663 -0.109693
v 2.171112 -0.281214 -0.109685
v 2.171585 -0.280641 -0.109649
v 2.171927 -0.280000 -0.109600
v 2.172054 -0.279460 -0.109565
v 2.172087 -0.278786 -0.109524
v 2.172038 -0.278008 -0.109468
v 2.171813 -0.277300 -0.109373
v 2.171454 -0.276673 -0.109301
v 2.170979 -0.276120 -0.109251
v 2.170407 -0.275660 -0.109224
v 2.169758 -0.275315 -0.109222
v 2.169046 -0.275183 -0.109259
v 1.190081 -0.175371 -0.110002
v 1.189359 -0.175411 -0.110044
v 1.188659 -0.175624 -0.110055
v 1.188010 -0.175970 -0.110063
v 1.187431 -0.176426 -0.110073
v 1.186964 -0.176991 -0.110087
v 1.186617 -0.177635 -0.110094
v 1.186404 -0.178337 -0.110095
v 1.186346 -0.179073 -0.110089
v 1.186421 -0.179806 -0.110077
v 1.186636 -0.180509 -0.110051
v 1.186981 -0.181155 -0.110015
v 1.187448 -0.181721 -0.109967
v 1.188020 -0.182186 -0.109918
v 1.188659 -0.182521 -0.109869
v 1.189377 -0.182736 -0.109819
v 1.190103 -0.182800 -0.109768
v 1.190787 -0.182716 -0.109693
v 1.191541 -0.182499 -0.109645
v 1.192193 -0.182156 -0.109637
v 1.192756 -0.181690 -0.109640
v 1.193221 -0.181124 -0.109651
v 1.193566 -0.180478 -0.109672
v 1.193778 -0.179777 -0.109701
v 1.193848 -0.179049 -0.109733
v 1.193772 -0.178336 -0.109770
v 1.193559 -0.177638 -0.109812
v 1.193216 -0.176998 -0.109845
v 1.192747 -0.176436 -0.109863
v 1.192173 -0.175966 -0.109879
v 1.191510 -0.175624 -0.109910
v 1.190805 -0.175499 -0.109956
v 1.593608 -0.238956 -0.109592
v 1.592887 -0.238992 -0.109584
v 1.592188 -0.239204 -0.109572
v 1.591540 -0.239547 -0.109557
v 1.590962 -0.240002 -0.109540
v 1.590496 -0.240565 -0.109522
v 1.590151 -0.241200 -0.109503
v 1.589940 -0.241900 -0.109484
v 1.589883 -0.242634 -0.109465
v 1.589958 -0.243365 -0.109448
v 1.590168 -0.244082 -0.109410
v 1.590513 -0.244728 -0.109377
v 1.590979 -0.245296 -0.109352
v 1.591550 -0.245763 -0.109337
v 1.592188 -0.246101 -0.109331
v 1.592906 -0.246319 -0.109336
v 1.593629 -0.246388 -0.109351
v 1.594310 -0.246311 -0.109375
v 1.595062 -0.246099 -0.109410
v 1.595719 -0.245744 -0.109448
v 1.596281 -0.245280 -0.109465
v 1.596745 -0.244715 -0.109484
v 1.597089 -0.244071 -0.109503
v 1.597306 -0.243360 -0.109523
v 1.597376 -0.242633 -0.109541
v 1.597299 -0.241921 -0.109558
v 1.597086 -0.241224 -0.109572
v 1.596741 -0.240587 -0.109584
v 1.596272 -0.240025 -0.109593
v 1.595698 -0.239555 -0.109599
v 1.595036 -0.239211 -0.109600
v 1.594331 -0.239085 -0.109596
v 1.982659 -0.448094 -0.109590
v 1.981938 -0.448130 -0.109575
v 1.981238 -0.448341 -0.109555
v 1.980595 -0.448677 -0.109533
v 1.980018 -0.449133 -0.109507
v 1.979553 -0.449693 -0.109480
v 1.979211 -0.450323 -0.109454
v 1.979001 -0.451020 -0.109428
v 1.978917 -0.451794 -0.109376
v 1.978994 -0.452522 -0.109326
v 1.979203 -0.453249 -0.109280
v 1.979548 -0.453895 -0.109243
v 1.980039 -0.454412 -0.109224
v 1.980605 -0.454868 -0.109214
v 1.981248 -0.455209 -0.109215
v 1.981965 -0.455428 -0.109229
v 1.982667 -0.455546 -0.109252
v 1.983347 -0.455471 -0.109291
v 1.984098 -0.455262 -0.109345
v 1.984753 -0.454911 -0.109408
v 1.985341 -0.454399 -0.109447
v 1.985804 -0.453843 -0.109477
v 1.986147 -0.453196 -0.109506
v 1.986362 -0.452488 -0.109533
v 1.986430 -0.451765 -0.109557
v 1.986349 -0.451062 -0.109578
v 1.986136 -0.450364 -0.109597
v 1.985791 -0.449724 -0.109609
v 1.985323 -0.449162 -0.109615
v 1.984749 -0.448692 -0.109616
v 1.984087 -0.448349 -0.109612
v 1.983382 -0.448222 -0.109601
vt 0.664388 0.849543
vt 0.674395 0.849761
vt 0.676954 0.878494
vt 0.666947 0.878276
vt 0.662839 0.818306
vt 0.672845 0.818520
vt 0.662335 0.785732
vt 0.672342 0.785950
vt 0.662929 0.753149
vt 0.672936 0.753363
vt 0.665219 0.723399
vt 0.675226 0.723617
vt 0.667464 0.693361
vt 0.677471 0.693575
vt 0.670641 0.666991
vt 0.680648 0.667209
vt 0.745305 0.689631
vt 0.735319 0.690311
vt 0.737671 0.667670
vt 0.747657 0.666991
vt 0.744159 0.720161
vt 0.734173 0.720840
vt 0.744263 0.748246
vt 0.734277 0.748925
vt 0.744344 0.773060
vt 0.734358 0.773740
vt 0.744424 0.805188
vt 0.734438 0.805867
vt 0.744519 0.837667
vt 0.734533 0.838346
vt 0.746172 0.866793
vt 0.736186 0.867474
vt 0.747657 0.893019
vt 0.737671 0.893699
vt 0.841156 0.690108
vt 0.831146 0.690112
vt 0.831388 0.666995
vt 0.841397 0.666991
vt 0.840949 0.717343
vt 0.830940 0.717347
vt 0.840849 0.747616
vt 0.830840 0.747620
vt 0.840980 0.779758
vt 0.830970 0.779762
vt 0.841016 0.812538
vt 0.831007 0.812542
vt 0.840956 0.844701
vt 0.830947 0.844705
vt 0.840944 0.874999
vt 0.830935 0.875003
vt 0.841149 0.902291
vt 0.831140 0.902295
vt 0.841397 0.925515
vt 0.831388 0.925519
vt 0.918881 0.693591
vt 0.908885 0.693078
vt 0.909921 0.666991
vt 0.919917 0.667503
vt 0.917725 0.722727
vt 0.907729 0.722213
vt 0.917699 0.755097
vt 0.907703 0.754584
vt 0.918200 0.787529
vt 0.908204 0.787015
vt 0.918517 0.811575
vt 0.908520 0.811061
vt 0.918955 0.839057
vt 0.908959 0.838544
vt 0.919917 0.869011
vt 0.909921 0.868499
vt 0.680648 0.904230
vt 0.670641 0.904012
vt 0.534777 0.673113
vt 0.523054 0.716029
vt 0.500018 0.711262
vt 0.503159 0.666575
vt 0.563816 0.686044
vt 0.544211 0.725461
vt 0.591076 0.704184
vt 0.564073 0.738661
vt 0.614472 0.727224
vt 0.581118 0.755455
vt 0.632752 0.754430
vt 0.594436 0.775270
vt 0.645411 0.784665
vt 0.603657 0.797301
vt 0.651960 0.816783
vt 0.608429 0.820702
vt 0.651960 0.849609
vt 0.608430 0.844623
vt 0.645747 0.881763
vt 0.603903 0.868045
vt 0.634479 0.911633
vt 0.595693 0.889816
vt 0.617120 0.938682
vt 0.583047 0.909517
vt 0.594858 0.961639
vt 0.566827 0.926240
vt 0.567454 0.980252
vt 0.546862 0.939806
vt 0.537579 0.992715
vt 0.525096 0.948880
vt 0.513096 0.996083
vt 0.507258 0.951342
vt 0.483056 0.994740
vt 0.485371 0.950358
vt 0.448775 0.989318
vt 0.460395 0.946410
vt 0.418294 0.976399
vt 0.438188 0.936998
vt 0.391981 0.957868
vt 0.419017 0.923494
vt 0.369459 0.934474
vt 0.402609 0.906453
vt 0.351458 0.907174
vt 0.389494 0.886568
vt 0.338871 0.876975
vt 0.380324 0.864558
vt 0.335999 0.844816
vt 0.378231 0.841123
vt 0.332700 0.812551
vt 0.375827 0.817623
vt 0.335882 0.780993
vt 0.378146 0.794637
vt 0.347939 0.752807
vt 0.386929 0.774097
vt 0.368553 0.724292
vt 0.401948 0.753322
vt 0.389237 0.701768
vt 0.417018 0.736903
vt 0.409273 0.685851
vt 0.431615 0.725313
vt 0.438816 0.673376
vt 0.453139 0.716215
vt 0.471284 0.666641
vt 0.476796 0.711323
vt 0.431251 0.811777
vt 0.430019 0.824000
vt 0.435922 0.800850
vt 0.443911 0.789804
vt 0.451927 0.781071
vt 0.459690 0.774908
vt 0.471139 0.770066
vt 0.483720 0.767468
vt 0.496072 0.767435
vt 0.508324 0.769972
vt 0.519577 0.774978
vt 0.530141 0.782006
vt 0.539207 0.790936
vt 0.546291 0.801480
vt 0.551196 0.813193
vt 0.553734 0.825639
vt 0.553733 0.838365
vt 0.551326 0.850827
vt 0.546959 0.862400
vt 0.540233 0.872878
vt 0.531606 0.881775
vt 0.520988 0.888984
vt 0.509410 0.893814
vt 0.499922 0.895123
vt 0.488282 0.894604
vt 0.474998 0.892500
vt 0.463186 0.887494
vt 0.452990 0.880314
vt 0.444262 0.871252
vt 0.437287 0.860675
vt 0.432409 0.848962
vt 0.431296 0.836504
vt 0.972479 0.852217
vt 0.982488 0.852218
vt 0.982489 0.879122
vt 0.972479 0.879122
vt 0.972479 0.822176
vt 0.982488 0.822177
vt 0.972479 0.790153
vt 0.982488 0.790154
vt 0.972479 0.757377
vt 0.982489 0.757377
vt 0.972479 0.725110
vt 0.982489 0.725111
vt 0.972479 0.694591
vt 0.982489 0.694591
vt 0.972479 0.666991
vt 0.982489 0.666991
vt 0.929926 0.692109
vt 0.919917 0.692109
vt 0.919917 0.666991
vt 0.929926 0.666991
vt 0.929926 0.720854
vt 0.919917 0.720854
vt 0.929926 0.752120
vt 0.919917 0.752120
vt 0.929926 0.784708
vt 0.919917 0.784708
vt 0.929926 0.817303
vt 0.919917 0.817303
vt 0.929926 0.847252
vt 0.919917 0.847252
vt 0.929926 0.877322
vt 0.919917 0.877322
vt 0.929926 0.903464
vt 0.919917 0.903464
vt 0.929926 0.879116
vt 0.939935 0.879116
vt 0.939935 0.902760
vt 0.929926 0.902760
vt 0.929926 0.851498
vt 0.939935 0.851498
vt 0.929926 0.820965
vt 0.939935 0.820965
vt 0.929926 0.788691
vt 0.939935 0.788691
vt 0.929926 0.755916
vt 0.939935 0.755916
vt 0.929926 0.723900
vt 0.939935 0.723900
vt 0.929926 0.693874
vt 0.939935 0.693874
vt 0.929926 0.666991
vt 0.939935 0.666991
vt 0.874000 0.690137
vt 0.863990 0.690137
vt 0.863990 0.666991
vt 0.874000 0.666991
vt 0.874000 0.717367
vt 0.863990 0.717367
vt 0.874000 0.747635
vt 0.863990 0.747635
vt 0.874000 0.779777
vt 0.863990 0.779777
vt 0.874000 0.812559
vt 0.863990 0.812559
vt 0.874000 0.844720
vt 0.863990 0.844720
vt 0.874000 0.875023
vt 0.863990 0.875023
vt 0.873999 0.902307
vt 0.863990 0.902307
vt 0.873999 0.925522
vt 0.863990 0.925522
vt 0.326442 0.214947
vt 0.282962 0.201826
vt 0.286538 0.178489
vt 0.331349 0.182911
vt 0.313898 0.245232
vt 0.273823 0.223892
vt 0.295688 0.272489
vt 0.260556 0.243752
vt 0.272509 0.295670
vt 0.243669 0.260639
vt 0.245253 0.313883
vt 0.223811 0.273910
vt 0.214966 0.326428
vt 0.201745 0.283050
vt 0.182815 0.332826
vt 0.178321 0.287710
vt 0.150035 0.332825
vt 0.154438 0.287710
vt 0.117883 0.326433
vt 0.131013 0.283052
vt 0.087596 0.313891
vt 0.108947 0.273915
vt 0.060339 0.295680
vt 0.089088 0.260646
vt 0.037158 0.272501
vt 0.072199 0.243760
vt 0.018944 0.245246
vt 0.058929 0.223902
vt 0.006398 0.214962
vt 0.049788 0.201838
vt 0.000001 0.182809
vt 0.045128 0.178413
vt 0.000000 0.150032
vt 0.045127 0.154532
vt 0.006394 0.117879
vt 0.049785 0.131107
vt 0.018937 0.087594
vt 0.058924 0.109041
vt 0.037149 0.060337
vt 0.072193 0.089183
vt 0.060327 0.037156
vt 0.089080 0.072295
vt 0.087583 0.018945
vt 0.108937 0.059026
vt 0.117869 0.006397
vt 0.131003 0.049884
vt 0.150020 0.000000
vt 0.154427 0.045223
vt 0.182801 0.000000
vt 0.178310 0.045224
vt 0.214954 0.006392
vt 0.201735 0.049882
vt 0.245240 0.018936
vt 0.223801 0.059019
vt 0.272499 0.037147
vt 0.243661 0.072287
vt 0.295676 0.060326
vt 0.260547 0.089175
vt 0.313891 0.087580
vt 0.273818 0.109032
vt 0.326283 0.117876
vt 0.282846 0.131104
vt 0.328811 0.150328
vt 0.284689 0.154748
vt 0.228329 0.185333
vt 0.230230 0.172921
vt 0.223467 0.197070
vt 0.216411 0.207631
vt 0.207429 0.216615
vt 0.196867 0.223674
vt 0.185131 0.228535
vt 0.172672 0.231012
vt 0.159969 0.231013
vt 0.147511 0.228536
vt 0.135774 0.223676
vt 0.125211 0.216619
vt 0.116229 0.207637
vt 0.109171 0.197074
vt 0.104309 0.185340
vt 0.101831 0.172881
vt 0.101830 0.160178
vt 0.104307 0.147720
vt 0.109168 0.135985
vt 0.116225 0.125421
vt 0.125207 0.116440
vt 0.135769 0.109382
vt 0.147505 0.104521
vt 0.159964 0.102041
vt 0.172667 0.102041
vt 0.185126 0.104518
vt 0.196862 0.109380
vt 0.207425 0.116436
vt 0.216406 0.125417
vt 0.223465 0.135979
vt 0.228267 0.147719
vt 0.229246 0.160295
vt 0.809083 0.667474
vt 0.819081 0.666991
vt 0.818484 0.693029
vt 0.808486 0.693513
vt 0.852392 0.690523
vt 0.842383 0.690586
vt 0.842724 0.667053
vt 0.852733 0.666991
vt 0.852193 0.718091
vt 0.842183 0.718154
vt 0.851960 0.748436
vt 0.841951 0.748499
vt 0.851543 0.780582
vt 0.841534 0.780645
vt 0.851406 0.813187
vt 0.841397 0.813250
vt 0.851562 0.845124
vt 0.841553 0.845187
vt 0.852028 0.874994
vt 0.842019 0.875056
vt 0.852733 0.901816
vt 0.842724 0.901879
vt 0.758804 0.690966
vt 0.748822 0.690221
vt 0.749412 0.666991
vt 0.759393 0.667736
vt 0.758410 0.718112
vt 0.748428 0.717367
vt 0.758266 0.748396
vt 0.748285 0.747651
vt 0.758067 0.780699
vt 0.748086 0.779953
vt 0.757859 0.812937
vt 0.747877 0.812192
vt 0.757638 0.845775
vt 0.747657 0.845032
vt 0.757661 0.875754
vt 0.747679 0.875009
vt 0.759149 0.901068
vt 0.749168 0.900325
vt 0.759393 0.926287
vt 0.749412 0.925542
vt 0.885031 0.850973
vt 0.895036 0.850709
vt 0.896098 0.877509
vt 0.886092 0.877773
vt 0.884338 0.821077
vt 0.894344 0.820812
vt 0.884009 0.789168
vt 0.894014 0.788903
vt 0.884065 0.756533
vt 0.894071 0.756268
vt 0.884505 0.724380
vt 0.894511 0.724116
vt 0.885156 0.694043
vt 0.895162 0.693778
vt 0.886092 0.667255
vt 0.896098 0.666991
vt 0.808961 0.878727
vt 0.818958 0.878243
vt 0.818312 0.903238
vt 0.808315 0.903722
vt 0.809083 0.850273
vt 0.819081 0.849790
vt 0.808356 0.819072
vt 0.818354 0.818588
vt 0.807495 0.786222
vt 0.817492 0.785736
vt 0.807271 0.753114
vt 0.817268 0.752630
vt 0.807870 0.723697
vt 0.817868 0.723214
vt 0.666990 0.453272
vt 0.710286 0.466000
vt 0.706895 0.489272
vt 0.662335 0.485210
vt 0.679197 0.423032
vt 0.719180 0.443973
vt 0.697083 0.395589
vt 0.732211 0.423977
vt 0.719624 0.371720
vt 0.748634 0.406586
vt 0.746537 0.353196
vt 0.768242 0.393090
vt 0.776490 0.340305
vt 0.790064 0.383701
vt 0.808507 0.333637
vt 0.813391 0.378837
vt 0.841411 0.333975
vt 0.837364 0.379086
vt 0.873612 0.340183
vt 0.860824 0.383611
vt 0.903969 0.352537
vt 0.882941 0.392611
vt 0.931292 0.370397
vt 0.902849 0.405625
vt 0.954578 0.393358
vt 0.919813 0.422350
vt 0.972974 0.420582
vt 0.933216 0.442187
vt 0.985326 0.450295
vt 0.942216 0.463834
vt 0.992036 0.483055
vt 0.947104 0.487701
vt 0.992036 0.515537
vt 0.947104 0.511362
vt 0.985622 0.545577
vt 0.942431 0.533255
vt 0.973017 0.578230
vt 0.933247 0.557041
vt 0.955212 0.605794
vt 0.920276 0.577127
vt 0.932309 0.628957
vt 0.903589 0.594001
vt 0.905327 0.647358
vt 0.883931 0.607408
vt 0.875299 0.660117
vt 0.862053 0.616704
vt 0.843332 0.666746
vt 0.838763 0.621536
vt 0.810754 0.666990
vt 0.815028 0.621715
vt 0.779412 0.660790
vt 0.792194 0.617194
vt 0.749286 0.648581
vt 0.770245 0.608299
vt 0.722231 0.630795
vt 0.750533 0.595345
vt 0.699124 0.607754
vt 0.733698 0.578555
vt 0.680532 0.580429
vt 0.720152 0.558647
vt 0.667933 0.549651
vt 0.710974 0.536221
vt 0.665173 0.517842
vt 0.708963 0.513044
vt 0.764690 0.482007
vt 0.762886 0.494381
vt 0.769421 0.470290
vt 0.776352 0.459658
vt 0.785086 0.450406
vt 0.795515 0.443226
vt 0.807122 0.438234
vt 0.819529 0.435649
vt 0.832280 0.435776
vt 0.844758 0.438185
vt 0.856521 0.442971
vt 0.867110 0.449894
vt 0.876133 0.458791
vt 0.883261 0.469341
vt 0.888048 0.480854
vt 0.890648 0.493547
vt 0.890648 0.506138
vt 0.888162 0.517777
vt 0.883278 0.530430
vt 0.876379 0.541112
vt 0.867503 0.550085
vt 0.857047 0.557220
vt 0.845412 0.562161
vt 0.833024 0.564734
vt 0.820400 0.564825
vt 0.808255 0.562424
vt 0.796581 0.557692
vt 0.786096 0.550800
vt 0.777143 0.541872
vt 0.769937 0.531283
vt 0.765056 0.519355
vt 0.763986 0.507029
vt 0.667000 0.214118
vt 0.662335 0.182142
vt 0.665169 0.149455
vt 0.667922 0.117599
vt 0.680496 0.086795
vt 0.699050 0.059467
vt 0.722126 0.036410
vt 0.749179 0.018570
vt 0.779321 0.006281
vt 0.810683 0.000000
vt 0.843290 0.000167
vt 0.875291 0.006717
vt 0.905355 0.019404
vt 0.932375 0.037746
vt 0.955316 0.060863
vt 0.973153 0.088400
vt 0.985758 0.121098
vt 0.992135 0.151252
vt 0.992135 0.183787
vt 0.985429 0.216603
vt 0.973078 0.246382
vt 0.954680 0.273678
vt 0.931388 0.296713
vt 0.904065 0.314637
vt 0.873712 0.327036
vt 0.841520 0.333273
vt 0.808622 0.333637
vt 0.776606 0.326988
vt 0.746649 0.314112
vt 0.719729 0.295595
vt 0.697163 0.271751
vt 0.679243 0.244331
vt 0.774376 0.666991
vt 0.784384 0.667172
vt 0.783428 0.693311
vt 0.773421 0.693132
vt 0.807035 0.690554
vt 0.797029 0.690819
vt 0.797265 0.667256
vt 0.807271 0.666991
vt 0.806636 0.718142
vt 0.796631 0.718408
vt 0.806085 0.748646
vt 0.796080 0.748911
vt 0.805403 0.780886
vt 0.795397 0.781150
vt 0.805741 0.813613
vt 0.795735 0.813878
vt 0.806308 0.845622
vt 0.796303 0.845887
vt 0.806825 0.875642
vt 0.796819 0.875908
vt 0.807271 0.902520
vt 0.797265 0.902785
vt 0.662144 0.689723
vt 0.652135 0.689731
vt 0.652326 0.666583
vt 0.662335 0.666575
vt 0.662166 0.716954
vt 0.652157 0.716962
vt 0.662191 0.747223
vt 0.652181 0.747231
vt 0.662217 0.779365
vt 0.652208 0.779373
vt 0.662243 0.812145
vt 0.652234 0.812153
vt 0.662270 0.844306
vt 0.652260 0.844314
vt 0.662294 0.874610
vt 0.652285 0.874618
vt 0.662316 0.901894
vt 0.652307 0.901902
vt 0.662335 0.925108
vt 0.652326 0.925116
vt 0.972202 0.693997
vt 0.962193 0.693894
vt 0.962470 0.666991
vt 0.972479 0.667094
vt 0.971926 0.724037
vt 0.961917 0.723934
vt 0.971853 0.756059
vt 0.961845 0.755956
vt 0.971793 0.788833
vt 0.961784 0.788731
vt 0.971746 0.821100
vt 0.961738 0.820997
vt 0.971716 0.851619
vt 0.961708 0.851516
vt 0.972479 0.879154
vt 0.962470 0.879051
vt 0.773348 0.878309
vt 0.783355 0.878490
vt 0.784384 0.903608
vt 0.774376 0.903427
vt 0.772592 0.849565
vt 0.782599 0.849746
vt 0.772132 0.818316
vt 0.782140 0.818498
vt 0.771979 0.785738
vt 0.781987 0.785917
vt 0.772141 0.753145
vt 0.782148 0.753326
vt 0.772780 0.723195
vt 0.782787 0.723374
vt 0.336229 0.117860
vt 0.379645 0.130985
vt 0.376090 0.154321
vt 0.331349 0.149897
vt 0.348679 0.087587
vt 0.388716 0.108930
vt 0.366841 0.060334
vt 0.401948 0.089071
vt 0.389963 0.037153
vt 0.418794 0.072185
vt 0.417152 0.018934
vt 0.438603 0.058910
vt 0.447387 0.006400
vt 0.460631 0.049774
vt 0.479536 0.000002
vt 0.484053 0.045111
vt 0.512313 0.000000
vt 0.507935 0.045115
vt 0.544462 0.006392
vt 0.531357 0.049770
vt 0.574747 0.018937
vt 0.553421 0.058910
vt 0.602004 0.037149
vt 0.573280 0.072179
vt 0.625183 0.060328
vt 0.590167 0.089067
vt 0.643395 0.087583
vt 0.603436 0.108922
vt 0.655940 0.117870
vt 0.612576 0.130988
vt 0.662335 0.150021
vt 0.617235 0.154414
vt 0.662335 0.182801
vt 0.617235 0.178297
vt 0.655940 0.214948
vt 0.612575 0.201719
vt 0.643395 0.245235
vt 0.603436 0.223787
vt 0.625182 0.272492
vt 0.590166 0.243644
vt 0.602002 0.295671
vt 0.573279 0.260532
vt 0.574748 0.313886
vt 0.553422 0.273799
vt 0.544464 0.326428
vt 0.531358 0.282943
vt 0.512316 0.332828
vt 0.507936 0.287602
vt 0.479537 0.332826
vt 0.484054 0.287602
vt 0.447459 0.326430
vt 0.460683 0.282941
vt 0.417238 0.313883
vt 0.438665 0.273801
vt 0.390037 0.295676
vt 0.418848 0.260534
vt 0.366966 0.272484
vt 0.402039 0.243640
vt 0.348790 0.245235
vt 0.388797 0.223787
vt 0.336421 0.214935
vt 0.379785 0.201709
vt 0.333891 0.182476
vt 0.377942 0.178060
vt 0.434198 0.147487
vt 0.432308 0.159898
vt 0.439023 0.135751
vt 0.446061 0.125193
vt 0.455021 0.116207
vt 0.465557 0.109148
vt 0.477273 0.104290
vt 0.489731 0.101812
vt 0.502432 0.101810
vt 0.514890 0.104290
vt 0.526626 0.109148
vt 0.537188 0.116207
vt 0.546170 0.125187
vt 0.553228 0.135751
vt 0.558089 0.147487
vt 0.560567 0.159947
vt 0.560567 0.172648
vt 0.558089 0.185107
vt 0.553228 0.196845
vt 0.546170 0.207403
vt 0.537187 0.216388
vt 0.526626 0.223443
vt 0.514891 0.228305
vt 0.502433 0.230786
vt 0.489731 0.230786
vt 0.477301 0.228310
vt 0.465590 0.223445
vt 0.455050 0.216386
vt 0.446109 0.207403
vt 0.439066 0.196843
vt 0.434273 0.185101
vt 0.433292 0.172521
vt 0.863990 0.902968
vt 0.853981 0.903018
vt 0.853501 0.876995
vt 0.863511 0.876946
vt 0.795224 0.690765
vt 0.785219 0.690464
vt 0.785392 0.666990
vt 0.795397 0.667292
vt 0.795051 0.718264
vt 0.785046 0.717963
vt 0.794885 0.748534
vt 0.784880 0.748233
vt 0.794735 0.780588
vt 0.784731 0.780287
vt 0.794607 0.812795
vt 0.784602 0.812494
vt 0.794503 0.844626
vt 0.784498 0.844325
vt 0.794431 0.874415
vt 0.784426 0.874114
vt 0.794389 0.901180
vt 0.784384 0.900879
vt 0.795397 0.924518
vt 0.785392 0.924217
vt 0.709510 0.874634
vt 0.719519 0.874634
vt 0.721005 0.901727
vt 0.710996 0.901727
vt 0.708409 0.844417
vt 0.718418 0.844417
vt 0.707718 0.812174
vt 0.717727 0.812174
vt 0.707480 0.779974
vt 0.717489 0.779974
vt 0.707678 0.747175
vt 0.717688 0.747175
vt 0.708358 0.717304
vt 0.718367 0.717304
vt 0.709438 0.692148
vt 0.719447 0.692148
vt 0.710996 0.666991
vt 0.721005 0.666991
vt 0.960857 0.694424
vt 0.950853 0.694736
vt 0.951703 0.667302
vt 0.961708 0.666991
vt 0.961033 0.724234
vt 0.951029 0.724545
vt 0.961200 0.756057
vt 0.951196 0.756368
vt 0.961353 0.788633
vt 0.951348 0.788944
vt 0.961494 0.821239
vt 0.951490 0.821550
vt 0.961614 0.851518
vt 0.951610 0.851829
vt 0.961708 0.878245
vt 0.951703 0.878556
vt 0.863454 0.691924
vt 0.853445 0.691973
vt 0.853981 0.667040
vt 0.863990 0.666991
vt 0.863063 0.720313
vt 0.853054 0.720363
vt 0.862824 0.751515
vt 0.852815 0.751564
vt 0.862742 0.784379
vt 0.852733 0.784429
vt 0.862841 0.817462
vt 0.852832 0.817512
vt 0.863177 0.846827
vt 0.853168 0.846875
vt 0.337380 0.451940
vt 0.380592 0.464979
vt 0.377182 0.488166
vt 0.332700 0.483769
vt 0.349747 0.421819
vt 0.389603 0.443035
vt 0.367763 0.394535
vt 0.402728 0.423155
vt 0.390398 0.370866
vt 0.419219 0.405909
vt 0.417355 0.352580
vt 0.438859 0.392586
vt 0.447007 0.340033
vt 0.460463 0.383444
vt 0.478959 0.333637
vt 0.483742 0.378788
vt 0.511767 0.334245
vt 0.507644 0.379230
vt 0.543853 0.340713
vt 0.531021 0.383942
vt 0.574770 0.353103
vt 0.553547 0.392969
vt 0.601961 0.371161
vt 0.573357 0.406127
vt 0.625145 0.394260
vt 0.590249 0.422958
vt 0.643442 0.421581
vt 0.603578 0.442860
vt 0.655706 0.451355
vt 0.612514 0.464555
vt 0.662335 0.484111
vt 0.617345 0.488420
vt 0.662292 0.516465
vt 0.617312 0.511990
vt 0.655954 0.546329
vt 0.612694 0.533747
vt 0.643354 0.578780
vt 0.603514 0.557391
vt 0.624799 0.606383
vt 0.589997 0.577501
vt 0.601824 0.629338
vt 0.573258 0.594223
vt 0.574797 0.647511
vt 0.553567 0.607466
vt 0.544733 0.660035
vt 0.531662 0.616587
vt 0.512274 0.666575
vt 0.508013 0.621355
vt 0.479736 0.666575
vt 0.484308 0.621355
vt 0.448476 0.660140
vt 0.461533 0.616665
vt 0.418456 0.647716
vt 0.439661 0.607616
vt 0.391692 0.629688
vt 0.420162 0.594480
vt 0.368746 0.606482
vt 0.403444 0.577571
vt 0.350344 0.579025
vt 0.390037 0.557572
vt 0.337936 0.548173
vt 0.380997 0.535093
vt 0.335355 0.516379
vt 0.379117 0.511930
vt 0.553457 0.530527
vt 0.558340 0.517950
vt 0.546267 0.541221
vt 0.537364 0.550114
vt 0.526890 0.557157
vt 0.515240 0.562011
vt 0.502662 0.564547
vt 0.490053 0.564547
vt 0.477940 0.562054
vt 0.466307 0.557237
vt 0.455936 0.550252
vt 0.447044 0.541256
vt 0.439913 0.530618
vt 0.435105 0.518666
vt 0.434105 0.506343
vt 0.433076 0.493706
vt 0.434890 0.481373
vt 0.439683 0.469701
vt 0.446663 0.459129
vt 0.455434 0.449956
vt 0.465881 0.442870
vt 0.477371 0.438006
vt 0.489752 0.435529
vt 0.502465 0.435762
vt 0.514898 0.438271
vt 0.526880 0.443074
vt 0.537417 0.450071
vt 0.546401 0.459022
vt 0.553490 0.469607
vt 0.558243 0.481145
vt 0.560812 0.493840
vt 0.560796 0.506376
vt 0.724165 0.666991
vt 0.734173 0.667145
vt 0.732922 0.693293
vt 0.722914 0.693140
vt 0.771248 0.690558
vt 0.761241 0.690805
vt 0.761973 0.667237
vt 0.771979 0.666991
vt 0.770300 0.718052
vt 0.760294 0.718299
vt 0.769399 0.748387
vt 0.759393 0.748634
vt 0.769840 0.780590
vt 0.759834 0.780837
vt 0.770279 0.813310
vt 0.760273 0.813556
vt 0.770697 0.845317
vt 0.760691 0.845563
vt 0.771317 0.875331
vt 0.761311 0.875578
vt 0.771979 0.902205
vt 0.761973 0.902453
vt 0.884009 0.690133
vt 0.874000 0.690133
vt 0.874000 0.666991
vt 0.884009 0.666991
vt 0.884009 0.717365
vt 0.874000 0.717365
vt 0.884009 0.747632
vt 0.874000 0.747632
vt 0.884009 0.779774
vt 0.874000 0.779774
vt 0.884009 0.812557
vt 0.874000 0.812557
vt 0.884009 0.844720
vt 0.874000 0.844720
vt 0.884009 0.875023
vt 0.874000 0.875023
vt 0.884009 0.902303
vt 0.874000 0.902303
vt 0.884009 0.925520
vt 0.874000 0.925520
vt 0.950578 0.693996
vt 0.940570 0.693894
vt 0.940844 0.666991
vt 0.950853 0.667092
vt 0.950271 0.724037
vt 0.940263 0.723935
vt 0.949944 0.756057
vt 0.939936 0.755955
vt 0.949961 0.788826
vt 0.939952 0.788723
vt 0.950004 0.821090
vt 0.939995 0.820989
vt 0.950052 0.851604
vt 0.940043 0.851501
vt 0.950853 0.879010
vt 0.940844 0.878907
vt 0.722817 0.878284
vt 0.732825 0.878438
vt 0.734173 0.903534
vt 0.724165 0.903380
vt 0.721814 0.849549
vt 0.731822 0.849703
vt 0.721206 0.818312
vt 0.731214 0.818467
vt 0.721005 0.785742
vt 0.731013 0.785896
vt 0.721233 0.753151
vt 0.731241 0.753305
vt 0.722074 0.723205
vt 0.732082 0.723360
vt 0.326513 0.547862
vt 0.283149 0.534723
vt 0.286672 0.511389
vt 0.331349 0.515829
vt 0.314072 0.578133
vt 0.274084 0.556778
vt 0.296018 0.605364
vt 0.260930 0.576620
vt 0.273070 0.628510
vt 0.244211 0.593482
vt 0.245885 0.646714
vt 0.224406 0.606745
vt 0.215656 0.659252
vt 0.202382 0.615883
vt 0.183513 0.665650
vt 0.178963 0.620543
vt 0.150736 0.665650
vt 0.155083 0.620548
vt 0.118586 0.659263
vt 0.131660 0.615891
vt 0.088300 0.646722
vt 0.109594 0.606749
vt 0.061042 0.628510
vt 0.089735 0.593486
vt 0.037861 0.605333
vt 0.072845 0.576598
vt 0.019646 0.578080
vt 0.059575 0.556741
vt 0.007099 0.547794
vt 0.050433 0.534677
vt 0.000700 0.515642
vt 0.045772 0.511253
vt 0.000697 0.482864
vt 0.045769 0.487374
vt 0.007089 0.450713
vt 0.050427 0.463946
vt 0.019633 0.420426
vt 0.059565 0.441882
vt 0.037843 0.393168
vt 0.072833 0.422021
vt 0.061020 0.369985
vt 0.089719 0.405131
vt 0.088273 0.351773
vt 0.109575 0.391863
vt 0.118551 0.339230
vt 0.131634 0.382721
vt 0.150695 0.332828
vt 0.155054 0.378057
vt 0.183470 0.332826
vt 0.178932 0.378055
vt 0.215420 0.339253
vt 0.202210 0.382740
vt 0.245529 0.351825
vt 0.224147 0.391898
vt 0.272693 0.370039
vt 0.243937 0.405168
vt 0.295719 0.393239
vt 0.260713 0.422075
vt 0.313868 0.420500
vt 0.273935 0.441934
vt 0.326230 0.450804
vt 0.282942 0.464013
vt 0.328783 0.483249
vt 0.284803 0.487652
vt 0.136350 0.556519
vt 0.148086 0.561381
vt 0.125787 0.549464
vt 0.116804 0.540480
vt 0.109746 0.529920
vt 0.104883 0.518186
vt 0.102404 0.505724
vt 0.102403 0.493025
vt 0.104880 0.480568
vt 0.109740 0.468830
vt 0.116797 0.458266
vt 0.125779 0.449285
vt 0.136340 0.442222
vt 0.148073 0.437361
vt 0.160528 0.434883
vt 0.173229 0.434881
vt 0.185610 0.437374
vt 0.197277 0.442246
vt 0.207803 0.449303
vt 0.216726 0.458295
vt 0.223759 0.468855
vt 0.228549 0.480599
vt 0.229539 0.493173
vt 0.230533 0.505798
vt 0.228659 0.518209
vt 0.223838 0.529938
vt 0.216842 0.540495
vt 0.207950 0.549460
vt 0.197415 0.556516
vt 0.185701 0.561375
vt 0.173245 0.563855
vt 0.160544 0.563855
vt 0.830840 0.903032
vt 0.820831 0.903024
vt 0.820162 0.877000
vt 0.830171 0.877006
vt 0.707167 0.690971
vt 0.697170 0.690463
vt 0.697484 0.666991
vt 0.707480 0.667499
vt 0.706770 0.718039
vt 0.696773 0.717531
vt 0.706379 0.748355
vt 0.696383 0.747847
vt 0.705962 0.780310
vt 0.695966 0.779802
vt 0.705527 0.812263
vt 0.695530 0.811755
vt 0.705075 0.843956
vt 0.695078 0.843447
vt 0.705766 0.875945
vt 0.695770 0.875436
vt 0.706645 0.902627
vt 0.696649 0.902119
vt 0.707480 0.926438
vt 0.697484 0.925929
vt 0.683072 0.874748
vt 0.693080 0.874624
vt 0.695078 0.901694
vt 0.685070 0.901817
vt 0.681861 0.844619
vt 0.691869 0.844495
vt 0.681024 0.812810
vt 0.691032 0.812686
vt 0.680648 0.780392
vt 0.690656 0.780268
vt 0.680889 0.747599
vt 0.690898 0.747476
vt 0.681533 0.717503
vt 0.691542 0.717376
vt 0.682961 0.692311
vt 0.692969 0.692187
vt 0.685070 0.667114
vt 0.695078 0.666991
vt 0.906248 0.694304
vt 0.896251 0.694793
vt 0.897706 0.667479
vt 0.907703 0.666991
vt 0.906095 0.726606
vt 0.896098 0.727095
vt 0.906273 0.758046
vt 0.896276 0.758535
vt 0.906593 0.790716
vt 0.896596 0.791204
vt 0.906977 0.823173
vt 0.896980 0.823662
vt 0.907353 0.853309
vt 0.897356 0.853798
vt 0.907703 0.879552
vt 0.897706 0.880041
vt 0.830014 0.691940
vt 0.820005 0.691934
vt 0.820831 0.666991
vt 0.830840 0.666999
vt 0.829448 0.720377
vt 0.819438 0.720371
vt 0.829167 0.751572
vt 0.819158 0.751566
vt 0.829090 0.784429
vt 0.819081 0.784423
vt 0.829244 0.817514
vt 0.819235 0.817508
vt 0.829701 0.846879
vt 0.819692 0.846873
vt 0.013059 0.774593
vt 0.055478 0.790489
vt 0.049211 0.811783
vt 0.004460 0.803824
vt 0.028061 0.743286
vt 0.066407 0.767680
vt 0.048580 0.717304
vt 0.081356 0.748750
vt 0.075648 0.695487
vt 0.101077 0.732862
vt 0.103621 0.679537
vt 0.121456 0.721231
vt 0.134699 0.669537
vt 0.144099 0.713944
vt 0.167424 0.665650
vt 0.167942 0.711120
vt 0.199714 0.668298
vt 0.191469 0.713042
vt 0.229896 0.677368
vt 0.213458 0.719650
vt 0.258880 0.692144
vt 0.234575 0.730421
vt 0.284248 0.712252
vt 0.253056 0.745073
vt 0.305253 0.737218
vt 0.268360 0.763254
vt 0.321400 0.766058
vt 0.280125 0.784264
vt 0.331307 0.797789
vt 0.287341 0.807390
vt 0.331349 0.829684
vt 0.287374 0.830627
vt 0.331349 0.862423
vt 0.287374 0.854481
vt 0.324153 0.893762
vt 0.282129 0.877315
vt 0.309425 0.922796
vt 0.271401 0.898468
vt 0.289688 0.948376
vt 0.257020 0.917102
vt 0.265182 0.970118
vt 0.239165 0.932941
vt 0.236951 0.986142
vt 0.218598 0.944613
vt 0.206653 0.996229
vt 0.196524 0.951970
vt 0.174430 1.000000
vt 0.173047 0.954716
vt 0.139818 0.997633
vt 0.147830 0.952991
vt 0.108491 0.988554
vt 0.125005 0.946383
vt 0.078191 0.973716
vt 0.102931 0.935563
vt 0.052556 0.953530
vt 0.084253 0.920857
vt 0.033728 0.927951
vt 0.070536 0.902219
vt 0.018097 0.899563
vt 0.059148 0.881539
vt 0.008182 0.868693
vt 0.051923 0.859047
vt 0.004171 0.835534
vt 0.049002 0.834892
vt 0.229327 0.856638
vt 0.232117 0.844485
vt 0.223620 0.867886
vt 0.215971 0.877792
vt 0.206474 0.886224
vt 0.195536 0.892432
vt 0.183796 0.896340
vt 0.171308 0.897801
vt 0.157896 0.896887
vt 0.145756 0.893371
vt 0.134015 0.887615
vt 0.124081 0.879793
vt 0.116785 0.869879
vt 0.110727 0.858886
vt 0.106887 0.846922
vt 0.105333 0.834069
vt 0.105444 0.821779
vt 0.108775 0.810453
vt 0.114589 0.798324
vt 0.122541 0.788253
vt 0.133029 0.779805
vt 0.143869 0.773617
vt 0.155912 0.769743
vt 0.168593 0.768236
vt 0.181107 0.769265
vt 0.192802 0.772777
vt 0.204034 0.778500
vt 0.213864 0.786298
vt 0.222004 0.795969
vt 0.228260 0.807147
vt 0.232099 0.819440
vt 0.232116 0.831800
vt 0.664388 0.849543
vt 0.666947 0.878276
vt 0.676954 0.878494
vt 0.674395 0.849761
vt 0.662839 0.818306
vt 0.672845 0.818520
vt 0.662335 0.785732
vt 0.672342 0.785950
vt 0.662929 0.753149
vt 0.672936 0.753363
vt 0.665219 0.723399
vt 0.675226 0.723617
vt 0.667464 0.693361
vt 0.677471 0.693575
vt 0.670641 0.666991
vt 0.680648 0.667209
vt 0.745305 0.689631
vt 0.747657 0.666991
vt 0.737671 0.667670
vt 0.735319 0.690311
vt 0.744159 0.720161
vt 0.734173 0.720840
vt 0.744263 0.748246
vt 0.734277 0.748925
vt 0.744344 0.773060
vt 0.734358 0.773740
vt 0.744424 0.805188
vt 0.734438 0.805867
vt 0.744519 0.837667
vt 0.734533 0.838346
vt 0.746172 0.866793
vt 0.736186 0.867474
vt 0.747657 0.893019
vt 0.737671 0.893699
vt 0.841156 0.690108
vt 0.841397 0.666991
vt 0.831388 0.666995
vt 0.831146 0.690112
vt 0.840949 0.717343
vt 0.830940 0.717347
vt 0.840849 0.747616
vt 0.830840 0.747620
vt 0.840980 0.779758
vt 0.830970 0.779762
vt 0.841016 0.812538
vt 0.831007 0.812542
vt 0.840956 0.844701
vt 0.830947 0.844705
vt 0.840944 0.874999
vt 0.830935 0.875003
vt 0.841149 0.902291
vt 0.831140 0.902295
vt 0.841397 0.925515
vt 0.831388 0.925519
vt 0.918881 0.693591
vt 0.919917 0.667503
vt 0.909921 0.666991
vt 0.908885 0.693078
vt 0.917725 0.722727
vt 0.907729 0.722213
vt 0.917699 0.755097
vt 0.907703 0.754584
vt 0.918200 0.787529
vt 0.908204 0.787015
vt 0.918517 0.811575
vt 0.908520 0.811061
vt 0.918955 0.839057
vt 0.908959 0.838544
vt 0.919917 0.869011
vt 0.909921 0.868499
vt 0.670641 0.904012
vt 0.680648 0.904230
vt 0.534777 0.673113
vt 0.503159 0.666575
vt 0.500018 0.711262
vt 0.523054 0.716029
vt 0.563816 0.686044
vt 0.544211 0.725461
vt 0.591076 0.704184
vt 0.564073 0.738661
vt 0.614472 0.727224
vt 0.581118 0.755455
vt 0.632752 0.754430
vt 0.594436 0.775270
vt 0.645411 0.784665
vt 0.603657 0.797301
vt 0.651960 0.816783
vt 0.608429 0.820702
vt 0.651960 0.849609
vt 0.608430 0.844623
vt 0.645747 0.881763
vt 0.603903 0.868045
vt 0.634479 0.911633
vt 0.595693 0.889816
vt 0.617120 0.938682
vt 0.583047 0.909517
vt 0.594858 0.961639
vt 0.566827 0.926240
vt 0.567454 0.980252
vt 0.546862 0.939806
vt 0.537579 0.992715
vt 0.525096 0.948880
vt 0.513096 0.996083
vt 0.507258 0.951342
vt 0.483056 0.994740
vt 0.485371 0.950358
vt 0.448775 0.989318
vt 0.460395 0.946410
vt 0.418294 0.976399
vt 0.438188 0.936998
vt 0.391981 0.957868
vt 0.419017 0.923494
vt 0.369459 0.934474
vt 0.402609 0.906453
vt 0.351458 0.907174
vt 0.389494 0.886568
vt 0.338871 0.876975
vt 0.380324 0.864558
vt 0.335999 0.844816
vt 0.378231 0.841123
vt 0.332700 0.812551
vt 0.375827 0.817623
vt 0.335882 0.780993
vt 0.378146 0.794637
vt 0.347939 0.752807
vt 0.386929 0.774097
vt 0.368553 0.724292
vt 0.401948 0.753322
vt 0.389237 0.701768
vt 0.417018 0.736903
vt 0.409273 0.685851
vt 0.431615 0.725313
vt 0.438816 0.673376
vt 0.453139 0.716215
vt 0.471284 0.666641
vt 0.476796 0.711323
vt 0.430019 0.824000
vt 0.431251 0.811777
vt 0.435922 0.800850
vt 0.443911 0.789804
vt 0.451927 0.781071
vt 0.459690 0.774908
vt 0.471139 0.770066
vt 0.483720 0.767468
vt 0.496072 0.767435
vt 0.508324 0.769972
vt 0.519577 0.774978
vt 0.530141 0.782006
vt 0.539207 0.790936
vt 0.546291 0.801480
vt 0.551196 0.813193
vt 0.553734 0.825639
vt 0.553733 0.838365
vt 0.551326 0.850827
vt 0.546959 0.862400
vt 0.540233 0.872878
vt 0.531606 0.881775
vt 0.520988 0.888984
vt 0.509410 0.893814
vt 0.499922 0.895123
vt 0.488282 0.894604
vt 0.474998 0.892500
vt 0.463186 0.887494
vt 0.452990 0.880314
vt 0.444262 0.871252
vt 0.437287 0.860675
vt 0.432409 0.848962
vt 0.431296 0.836504
vt 0.972479 0.852217
vt 0.972479 0.879122
vt 0.982489 0.879122
vt 0.982488 0.852218
vt 0.972479 0.822176
vt 0.982488 0.822177
vt 0.972479 0.790153
vt 0.982488 0.790154
vt 0.972479 0.757377
vt 0.982489 0.757377
vt 0.972479 0.725110
vt 0.982489 0.725111
vt 0.972479 0.694591
vt 0.982489 0.694591
vt 0.972479 0.666991
vt 0.982489 0.666991
vt 0.929926 0.692109
vt 0.929926 0.666991
vt 0.919917 0.666991
vt 0.919917 0.692109
vt 0.929926 0.720854
vt 0.919917 0.720854
vt 0.929926 0.752120
vt 0.919917 0.752120
vt 0.929926 0.784708
vt 0.919917 0.784708
vt 0.929926 0.817303
vt 0.919917 0.817303
vt 0.929926 0.847252
vt 0.919917 0.847252
vt 0.929926 0.877322
vt 0.919917 0.877322
vt 0.929926 0.903464
vt 0.919917 0.903464
vt 0.929926 0.879116
vt 0.929926 0.902760
vt 0.939935 0.902760
vt 0.939935 0.879116
vt 0.929926 0.851498
vt 0.939935 0.851498
vt 0.929926 0.820965
vt 0.939935 0.820965
vt 0.929926 0.788691
vt 0.939935 0.788691
vt 0.929926 0.755916
vt 0.939935 0.755916
vt 0.929926 0.723900
vt 0.939935 0.723900
vt 0.929926 0.693874
vt 0.939935 0.693874
vt 0.929926 0.666991
vt 0.939935 0.666991
vt 0.874000 0.690137
vt 0.874000 0.666991
vt 0.863990 0.666991
vt 0.863990 0.690137
vt 0.874000 0.717367
vt 0.863990 0.717367
vt 0.874000 0.747635
vt 0.863990 0.747635
vt 0.874000 0.779777
vt 0.863990 0.779777
vt 0.874000 0.812559
vt 0.863990 0.812559
vt 0.874000 0.844720
vt 0.863990 0.844720
vt 0.874000 0.875023
vt 0.863990 0.875023
vt 0.873999 0.902307
vt 0.863990 0.902307
vt 0.873999 0.925522
vt 0.863990 0.925522
vt 0.326442 0.214947
vt 0.331349 0.182911
vt 0.286538 0.178489
vt 0.282962 0.201826
vt 0.313898 0.245232
vt 0.273823 0.223892
vt 0.295688 0.272489
vt 0.260556 0.243752
vt 0.272509 0.295670
vt 0.243669 0.260639
vt 0.245253 0.313883
vt 0.223811 0.273910
vt 0.214966 0.326428
vt 0.201745 0.283050
vt 0.182815 0.332826
vt 0.178321 0.287710
vt 0.150035 0.332825
vt 0.154438 0.287710
vt 0.117883 0.326433
vt 0.131013 0.283052
vt 0.087596 0.313891
vt 0.108947 0.273915
vt 0.060339 0.295680
vt 0.089088 0.260646
vt 0.037158 0.272501
vt 0.072199 0.243760
vt 0.018944 0.245246
vt 0.058929 0.223902
vt 0.006398 0.214962
vt 0.049788 0.201838
vt 0.000001 0.182809
vt 0.045128 0.178413
vt 0.000000 0.150032
vt 0.045127 0.154532
vt 0.006394 0.117879
vt 0.049785 0.131107
vt 0.018937 0.087594
vt 0.058924 0.109041
vt 0.037149 0.060337
vt 0.072193 0.089183
vt 0.060327 0.037156
vt 0.089080 0.072295
vt 0.087583 0.018945
vt 0.108937 0.059026
vt 0.117869 0.006397
vt 0.131003 0.049884
vt 0.150020 0.000000
vt 0.154427 0.045223
vt 0.182801 0.000000
vt 0.178310 0.045224
vt 0.214954 0.006392
vt 0.201735 0.049882
vt 0.245240 0.018936
vt 0.223801 0.059019
vt 0.272499 0.037147
vt 0.243661 0.072287
vt 0.295676 0.060326
vt 0.260547 0.089175
vt 0.313891 0.087580
vt 0.273818 0.109032
vt 0.326283 0.117876
vt 0.282846 0.131104
vt 0.328811 0.150328
vt 0.284689 0.154748
vt 0.230230 0.172921
vt 0.228329 0.185333
vt 0.223467 0.197070
vt 0.216411 0.207631
vt 0.207429 0.216615
vt 0.196867 0.223674
vt 0.185131 0.228535
vt 0.172672 0.231012
vt 0.159969 0.231013
vt 0.147511 0.228536
vt 0.135774 0.223676
vt 0.125211 0.216619
vt 0.116229 0.207637
vt 0.109171 0.197074
vt 0.104309 0.185340
vt 0.101831 0.172881
vt 0.101830 0.160178
vt 0.104307 0.147720
vt 0.109168 0.135985
vt 0.116225 0.125421
vt 0.125207 0.116440
vt 0.135769 0.109382
vt 0.147505 0.104521
vt 0.159964 0.102041
vt 0.172667 0.102041
vt 0.185126 0.104518
vt 0.196862 0.109380
vt 0.207425 0.116436
vt 0.216406 0.125417
vt 0.223465 0.135979
vt 0.228267 0.147719
vt 0.229246 0.160295
vt 0.809083 0.667474
vt 0.808486 0.693513
vt 0.818484 0.693029
vt 0.819081 0.666991
vt 0.852392 0.690523
vt 0.852733 0.666991
vt 0.842724 0.667053
vt 0.842383 0.690586
vt 0.852193 0.718091
vt 0.842183 0.718154
vt 0.851960 0.748436
vt 0.841951 0.748499
vt 0.851543 0.780582
vt 0.841534 0.780645
vt 0.851406 0.813187
vt 0.841397 0.813250
vt 0.851562 0.845124
vt 0.841553 0.845187
vt 0.852028 0.874994
vt 0.842019 0.875056
vt 0.852733 0.901816
vt 0.842724 0.901879
vt 0.758804 0.690966
vt 0.759393 0.667736
vt 0.749412 0.666991
vt 0.748822 0.690221
vt 0.758410 0.718112
vt 0.748428 0.717367
vt 0.758266 0.748396
vt 0.748285 0.747651
vt 0.758067 0.780699
vt 0.748086 0.779953
vt 0.757859 0.812937
vt 0.747877 0.812192
vt 0.757638 0.845775
vt 0.747657 0.845032
vt 0.757661 0.875754
vt 0.747679 0.875009
vt 0.759149 0.901068
vt 0.749168 0.900325
vt 0.759393 0.926287
vt 0.749412 0.925542
vt 0.885031 0.850973
vt 0.886092 0.877773
vt 0.896098 0.877509
vt 0.895036 0.850709
vt 0.884338 0.821077
vt 0.894344 0.820812
vt 0.884009 0.789168
vt 0.894014 0.788903
vt 0.884065 0.756533
vt 0.894071 0.756268
vt 0.884505 0.724380
vt 0.894511 0.724116
vt 0.885156 0.694043
vt 0.895162 0.693778
vt 0.886092 0.667255
vt 0.896098 0.666991
vt 0.808961 0.878727
vt 0.808315 0.903722
vt 0.818312 0.903238
vt 0.818958 0.878243
vt 0.809083 0.850273
vt 0.819081 0.849790
vt 0.808356 0.819072
vt 0.818354 0.818588
vt 0.807495 0.786222
vt 0.817492 0.785736
vt 0.807271 0.753114
vt 0.817268 0.752630
vt 0.807870 0.723697
vt 0.817868 0.723214
vt 0.666990 0.453272
vt 0.662335 0.485210
vt 0.706895 0.489272
vt 0.710286 0.466000
vt 0.679197 0.423032
vt 0.719180 0.443973
vt 0.697083 0.395589
vt 0.732211 0.423977
vt 0.719624 0.371720
vt 0.748634 0.406586
vt 0.746537 0.353196
vt 0.768242 0.393090
vt 0.776490 0.340305
vt 0.790064 0.383701
vt 0.808507 0.333637
vt 0.813391 0.378837
vt 0.841411 0.333975
vt 0.837364 0.379086
vt 0.873612 0.340183
vt 0.860824 0.383611
vt 0.903969 0.352537
vt 0.882941 0.392611
vt 0.931292 0.370397
vt 0.902849 0.405625
vt 0.954578 0.393358
vt 0.919813 0.422350
vt 0.972974 0.420582
vt 0.933216 0.442187
vt 0.985326 0.450295
vt 0.942216 0.463834
vt 0.992036 0.483055
vt 0.947104 0.487701
vt 0.992036 0.515537
vt 0.947104 0.511362
vt 0.985622 0.545577
vt 0.942431 0.533255
vt 0.973017 0.578230
vt 0.933247 0.557041
vt 0.955212 0.605794
vt 0.920276 0.577127
vt 0.932309 0.628957
vt 0.903589 0.594001
vt 0.905327 0.647358
vt 0.883931 0.607408
vt 0.875299 0.660117
vt 0.862053 0.616704
vt 0.843332 0.666746
vt 0.838763 0.621536
vt 0.810754 0.666990
vt 0.815028 0.621715
vt 0.779412 0.660790
vt 0.792194 0.617194
vt 0.749286 0.648581
vt 0.770245 0.608299
vt 0.722231 0.630795
vt 0.750533 0.595345
vt 0.699124 0.607754
vt 0.733698 0.578555
vt 0.680532 0.580429
vt 0.720152 0.558647
vt 0.667933 0.549651
vt 0.710974 0.536221
vt 0.665173 0.517842
vt 0.708963 0.513044
vt 0.762886 0.494381
vt 0.764690 0.482007
vt 0.769421 0.470290
vt 0.776352 0.459658
vt 0.785086 0.450406
vt 0.795515 0.443226
vt 0.807122 0.438234
vt 0.819529 0.435649
vt 0.832280 0.435776
vt 0.844758 0.438185
vt 0.856521 0.442971
vt 0.867110 0.449894
vt 0.876133 0.458791
vt 0.883261 0.469341
vt 0.888048 0.480854
vt 0.890648 0.493547
vt 0.890648 0.506138
vt 0.888162 0.517777
vt 0.883278 0.530430
vt 0.876379 0.541112
vt 0.867503 0.550085
vt 0.857047 0.557220
vt 0.845412 0.562161
vt 0.833024 0.564734
vt 0.820400 0.564825
vt 0.808255 0.562424
vt 0.796581 0.557692
vt 0.786096 0.550800
vt 0.777143 0.541872
vt 0.769937 0.531283
vt 0.765056 0.519355
vt 0.763986 0.507029
vt 0.667000 0.214118
vt 0.679243 0.244331
vt 0.697163 0.271751
vt 0.719729 0.295595
vt 0.746649 0.314112
vt 0.776606 0.326988
vt 0.808622 0.333637
vt 0.841520 0.333273
vt 0.873712 0.327036
vt 0.904065 0.314637
vt 0.931388 0.296713
vt 0.954680 0.273678
vt 0.973078 0.246382
vt 0.985429 0.216603
vt 0.992135 0.183787
vt 0.992135 0.151252
vt 0.985758 0.121098
vt 0.973153 0.088400
vt 0.955316 0.060863
vt 0.932375 0.037746
vt 0.905355 0.019404
vt 0.875291 0.006717
vt 0.843290 0.000167
vt 0.810683 0.000000
vt 0.779321 0.006281
vt 0.749179 0.018570
vt 0.722126 0.036410
vt 0.699050 0.059467
vt 0.680496 0.086795
vt 0.667922 0.117599
vt 0.665169 0.149455
vt 0.662335 0.182142
vt 0.774376 0.666991
vt 0.773421 0.693132
vt 0.783428 0.693311
vt 0.784384 0.667172
vt 0.807035 0.690554
vt 0.807271 0.666991
vt 0.797265 0.667256
vt 0.797029 0.690819
vt 0.806636 0.718142
vt 0.796631 0.718408
vt 0.806085 0.748646
vt 0.796080 0.748911
vt 0.805403 0.780886
vt 0.795397 0.781150
vt 0.805741 0.813613
vt 0.795735 0.813878
vt 0.806308 0.845622
vt 0.796303 0.845887
vt 0.806825 0.875642
vt 0.796819 0.875908
vt 0.807271 0.902520
vt 0.797265 0.902785
vt 0.662144 0.689723
vt 0.662335 0.666575
vt 0.652326 0.666583
vt 0.652135 0.689731
vt 0.662166 0.716954
vt 0.652157 0.716962
vt 0.662191 0.747223
vt 0.652181 0.747231
vt 0.662217 0.779365
vt 0.652208 0.779373
vt 0.662243 0.812145
vt 0.652234 0.812153
vt 0.662270 0.844306
vt 0.652260 0.844314
vt 0.662294 0.874610
vt 0.652285 0.874618
vt 0.662316 0.901894
vt 0.652307 0.901902
vt 0.662335 0.925108
vt 0.652326 0.925116
vt 0.972202 0.693997
vt 0.972479 0.667094
vt 0.962470 0.666991
vt 0.962193 0.693894
vt 0.971926 0.724037
vt 0.961917 0.723934
vt 0.971853 0.756059
vt 0.961845 0.755956
vt 0.971793 0.788833
vt 0.961784 0.788731
vt 0.971746 0.821100
vt 0.961738 0.820997
vt 0.971716 0.851619
vt 0.961708 0.851516
vt 0.972479 0.879154
vt 0.962470 0.879051
vt 0.773348 0.878309
vt 0.774376 0.903427
vt 0.784384 0.903608
vt 0.783355 0.878490
vt 0.772592 0.849565
vt 0.782599 0.849746
vt 0.772132 0.818316
vt 0.782140 0.818498
vt 0.771979 0.785738
vt 0.781987 0.785917
vt 0.772141 0.753145
vt 0.782148 0.753326
vt 0.772780 0.723195
vt 0.782787 0.723374
vt 0.336229 0.117860
vt 0.331349 0.149897
vt 0.376090 0.154321
vt 0.379645 0.130985
vt 0.348679 0.087587
vt 0.388716 0.108930
vt 0.366841 0.060334
vt 0.401948 0.089071
vt 0.389963 0.037153
vt 0.418794 0.072185
vt 0.417152 0.018934
vt 0.438603 0.058910
vt 0.447387 0.006400
vt 0.460631 0.049774
vt 0.479536 0.000002
vt 0.484053 0.045111
vt 0.512313 0.000000
vt 0.507935 0.045115
vt 0.544462 0.006392
vt 0.531357 0.049770
vt 0.574747 0.018937
vt 0.553421 0.058910
vt 0.602004 0.037149
vt 0.573280 0.072179
vt 0.625183 0.060328
vt 0.590167 0.089067
vt 0.643395 0.087583
vt 0.603436 0.108922
vt 0.655940 0.117870
vt 0.612576 0.130988
vt 0.662335 0.150021
vt 0.617235 0.154414
vt 0.662335 0.182801
vt 0.617235 0.178297
vt 0.655940 0.214948
vt 0.612575 0.201719
vt 0.643395 0.245235
vt 0.603436 0.223787
vt 0.625182 0.272492
vt 0.590166 0.243644
vt 0.602002 0.295671
vt 0.573279 0.260532
vt 0.574748 0.313886
vt 0.553422 0.273799
vt 0.544464 0.326428
vt 0.531358 0.282943
vt 0.512316 0.332828
vt 0.507936 0.287602
vt 0.479537 0.332826
vt 0.484054 0.287602
vt 0.447459 0.326430
vt 0.460683 0.282941
vt 0.417238 0.313883
vt 0.438665 0.273801
vt 0.390037 0.295676
vt 0.418848 0.260534
vt 0.366966 0.272484
vt 0.402039 0.243640
vt 0.348790 0.245235
vt 0.388797 0.223787
vt 0.336421 0.214935
vt 0.379785 0.201709
vt 0.333891 0.182476
vt 0.377942 0.178060
vt 0.432308 0.159898
vt 0.434198 0.147487
vt 0.439023 0.135751
vt 0.446061 0.125193
vt 0.455021 0.116207
vt 0.465557 0.109148
vt 0.477273 0.104290
vt 0.489731 0.101812
vt 0.502432 0.101810
vt 0.514890 0.104290
vt 0.526626 0.109148
vt 0.537188 0.116207
vt 0.546170 0.125187
vt 0.553228 0.135751
vt 0.558089 0.147487
vt 0.560567 0.159947
vt 0.560567 0.172648
vt 0.558089 0.185107
vt 0.553228 0.196845
vt 0.546170 0.207403
vt 0.537187 0.216388
vt 0.526626 0.223443
vt 0.514891 0.228305
vt 0.502433 0.230786
vt 0.489731 0.230786
vt 0.477301 0.228310
vt 0.465590 0.223445
vt 0.455050 0.216386
vt 0.446109 0.207403
vt 0.439066 0.196843
vt 0.434273 0.185101
vt 0.433292 0.172521
vt 0.863990 0.902968
vt 0.863511 0.876946
vt 0.853501 0.876995
vt 0.853981 0.903018
vt 0.795224 0.690765
vt 0.795397 0.667292
vt 0.785392 0.666990
vt 0.785219 0.690464
vt 0.795051 0.718264
vt 0.785046 0.717963
vt 0.794885 0.748534
vt 0.784880 0.748233
vt 0.794735 0.780588
vt 0.784731 0.780287
vt 0.794607 0.812795
vt 0.784602 0.812494
vt 0.794503 0.844626
vt 0.784498 0.844325
vt 0.794431 0.874415
vt 0.784426 0.874114
vt 0.794389 0.901180
vt 0.784384 0.900879
vt 0.795397 0.924518
vt 0.785392 0.924217
vt 0.709510 0.874634
vt 0.710996 0.901727
vt 0.721005 0.901727
vt 0.719519 0.874634
vt 0.708409 0.844417
vt 0.718418 0.844417
vt 0.707718 0.812174
vt 0.717727 0.812174
vt 0.707480 0.779974
vt 0.717489 0.779974
vt 0.707678 0.747175
vt 0.717688 0.747175
vt 0.708358 0.717304
vt 0.718367 0.717304
vt 0.709438 0.692148
vt 0.719447 0.692148
vt 0.710996 0.666991
vt 0.721005 0.666991
vt 0.960857 0.694424
vt 0.961708 0.666991
vt 0.951703 0.667302
vt 0.950853 0.694736
vt 0.961033 0.724234
vt 0.951029 0.724545
vt 0.961200 0.756057
vt 0.951196 0.756368
vt 0.961353 0.788633
vt 0.951348 0.788944
vt 0.961494 0.821239
vt 0.951490 0.821550
vt 0.961614 0.851518
vt 0.951610 0.851829
vt 0.961708 0.878245
vt 0.951703 0.878556
vt 0.863454 0.691924
vt 0.863990 0.666991
vt 0.853981 0.667040
vt 0.853445 0.691973
vt 0.863063 0.720313
vt 0.853054 0.720363
vt 0.862824 0.751515
vt 0.852815 0.751564
vt 0.862742 0.784379
vt 0.852733 0.784429
vt 0.862841 0.817462
vt 0.852832 0.817512
vt 0.863177 0.846827
vt 0.853168 0.846875
vt 0.337380 0.451940
vt 0.332700 0.483769
vt 0.377182 0.488166
vt 0.380592 0.464979
vt 0.349747 0.421819
vt 0.389603 0.443035
vt 0.367763 0.394535
vt 0.402728 0.423155
vt 0.390398 0.370866
vt 0.419219 0.405909
vt 0.417355 0.352580
vt 0.438859 0.392586
vt 0.447007 0.340033
vt 0.460463 0.383444
vt 0.478959 0.333637
vt 0.483742 0.378788
vt 0.511767 0.334245
vt 0.507644 0.379230
vt 0.543853 0.340713
vt 0.531021 0.383942
vt 0.574770 0.353103
vt 0.553547 0.392969
vt 0.601961 0.371161
vt 0.573357 0.406127
vt 0.625145 0.394260
vt 0.590249 0.422958
vt 0.643442 0.421581
vt 0.603578 0.442860
vt 0.655706 0.451355
vt 0.612514 0.464555
vt 0.662335 0.484111
vt 0.617345 0.488420
vt 0.662292 0.516465
vt 0.617312 0.511990
vt 0.655954 0.546329
vt 0.612694 0.533747
vt 0.643354 0.578780
vt 0.603514 0.557391
vt 0.624799 0.606383
vt 0.589997 0.577501
vt 0.601824 0.629338
vt 0.573258 0.594223
vt 0.574797 0.647511
vt 0.553567 0.607466
vt 0.544733 0.660035
vt 0.531662 0.616587
vt 0.512274 0.666575
vt 0.508013 0.621355
vt 0.479736 0.666575
vt 0.484308 0.621355
vt 0.448476 0.660140
vt 0.461533 0.616665
vt 0.418456 0.647716
vt 0.439661 0.607616
vt 0.391692 0.629688
vt 0.420162 0.594480
vt 0.368746 0.606482
vt 0.403444 0.577571
vt 0.350344 0.579025
vt 0.390037 0.557572
vt 0.337936 0.548173
vt 0.380997 0.535093
vt 0.335355 0.516379
vt 0.379117 0.511930
vt 0.558340 0.517950
vt 0.553457 0.530527
vt 0.546267 0.541221
vt 0.537364 0.550114
vt 0.526890 0.557157
vt 0.515240 0.562011
vt 0.502662 0.564547
vt 0.490053 0.564547
vt 0.477940 0.562054
vt 0.466307 0.557237
vt 0.455936 0.550252
vt 0.447044 0.541256
vt 0.439913 0.530618
vt 0.435105 0.518666
vt 0.434105 0.506343
vt 0.433076 0.493706
vt 0.434890 0.481373
vt 0.439683 0.469701
vt 0.446663 0.459129
vt 0.455434 0.449956
vt 0.465881 0.442870
vt 0.477371 0.438006
vt 0.489752 0.435529
vt 0.502465 0.435762
vt 0.514898 0.438271
vt 0.526880 0.443074
vt 0.537417 0.450071
vt 0.546401 0.459022
vt 0.553490 0.469607
vt 0.558243 0.481145
vt 0.560812 0.493840
vt 0.560796 0.506376
vt 0.724165 0.666991
vt 0.722914 0.693140
vt 0.732922 0.693293
vt 0.734173 0.667145
vt 0.771248 0.690558
vt 0.771979 0.666991
vt 0.761973 0.667237
vt 0.761241 0.690805
vt 0.770300 0.718052
vt 0.760294 0.718299
vt 0.769399 0.748387
vt 0.759393 0.748634
vt 0.769840 0.780590
vt 0.759834 0.780837
vt 0.770279 0.813310
vt 0.760273 0.813556
vt 0.770697 0.845317
vt 0.760691 0.845563
vt 0.771317 0.875331
vt 0.761311 0.875578
vt 0.771979 0.902205
vt 0.761973 0.902453
vt 0.884009 0.690133
vt 0.884009 0.666991
vt 0.874000 0.666991
vt 0.874000 0.690133
vt 0.884009 0.717365
vt 0.874000 0.717365
vt 0.884009 0.747632
vt 0.874000 0.747632
vt 0.884009 0.779774
vt 0.874000 0.779774
vt 0.884009 0.812557
vt 0.874000 0.812557
vt 0.884009 0.844720
vt 0.874000 0.844720
vt 0.884009 0.875023
vt 0.874000 0.875023
vt 0.884009 0.902303
vt 0.874000 0.902303
vt 0.884009 0.925520
vt 0.874000 0.925520
vt 0.950578 0.693996
vt 0.950853 0.667092
vt 0.940844 0.666991
vt 0.940570 0.693894
vt 0.950271 0.724037
vt 0.940263 0.723935
vt 0.949944 0.756057
vt 0.939936 0.755955
vt 0.949961 0.788826
vt 0.939952 0.788723
vt 0.950004 0.821090
vt 0.939995 0.820989
vt 0.950052 0.851604
vt 0.940043 0.851501
vt 0.950853 0.879010
vt 0.940844 0.878907
vt 0.722817 0.878284
vt 0.724165 0.903380
vt 0.734173 0.903534
vt 0.732825 0.878438
vt 0.721814 0.849549
vt 0.731822 0.849703
vt 0.721206 0.818312
vt 0.731214 0.818467
vt 0.721005 0.785742
vt 0.731013 0.785896
vt 0.721233 0.753151
vt 0.731241 0.753305
vt 0.722074 0.723205
vt 0.732082 0.723360
vt 0.326513 0.547862
vt 0.331349 0.515829
vt 0.286672 0.511389
vt 0.283149 0.534723
vt 0.314072 0.578133
vt 0.274084 0.556778
vt 0.296018 0.605364
vt 0.260930 0.576620
vt 0.273070 0.628510
vt 0.244211 0.593482
vt 0.245885 0.646714
vt 0.224406 0.606745
vt 0.215656 0.659252
vt 0.202382 0.615883
vt 0.183513 0.665650
vt 0.178963 0.620543
vt 0.150736 0.665650
vt 0.155083 0.620548
vt 0.118586 0.659263
vt 0.131660 0.615891
vt 0.088300 0.646722
vt 0.109594 0.606749
vt 0.061042 0.628510
vt 0.089735 0.593486
vt 0.037861 0.605333
vt 0.072845 0.576598
vt 0.019646 0.578080
vt 0.059575 0.556741
vt 0.007099 0.547794
vt 0.050433 0.534677
vt 0.000700 0.515642
vt 0.045772 0.511253
vt 0.000697 0.482864
vt 0.045769 0.487374
vt 0.007089 0.450713
vt 0.050427 0.463946
vt 0.019633 0.420426
vt 0.059565 0.441882
vt 0.037843 0.393168
vt 0.072833 0.422021
vt 0.061020 0.369985
vt 0.089719 0.405131
vt 0.088273 0.351773
vt 0.109575 0.391863
vt 0.118551 0.339230
vt 0.131634 0.382721
vt 0.150695 0.332828
vt 0.155054 0.378057
vt 0.183470 0.332826
vt 0.178932 0.378055
vt 0.215420 0.339253
vt 0.202210 0.382740
vt 0.245529 0.351825
vt 0.224147 0.391898
vt 0.272693 0.370039
vt 0.243937 0.405168
vt 0.295719 0.393239
vt 0.260713 0.422075
vt 0.313868 0.420500
vt 0.273935 0.441934
vt 0.326230 0.450804
vt 0.282942 0.464013
vt 0.328783 0.483249
vt 0.284803 0.487652
vt 0.148086 0.561381
vt 0.136350 0.556519
vt 0.125787 0.549464
vt 0.116804 0.540480
vt 0.109746 0.529920
vt 0.104883 0.518186
vt 0.102404 0.505724
vt 0.102403 0.493025
vt 0.104880 0.480568
vt 0.109740 0.468830
vt 0.116797 0.458266
vt 0.125779 0.449285
vt 0.136340 0.442222
vt 0.148073 0.437361
vt 0.160528 0.434883
vt 0.173229 0.434881
vt 0.185610 0.437374
vt 0.197277 0.442246
vt 0.207803 0.449303
vt 0.216726 0.458295
vt 0.223759 0.468855
vt 0.228549 0.480599
vt 0.229539 0.493173
vt 0.230533 0.505798
vt 0.228659 0.518209
vt 0.223838 0.529938
vt 0.216842 0.540495
vt 0.207950 0.549460
vt 0.197415 0.556516
vt 0.185701 0.561375
vt 0.173245 0.563855
vt 0.160544 0.563855
vt 0.830840 0.903032
vt 0.830171 0.877006
vt 0.820162 0.877000
vt 0.820831 0.903024
vt 0.707167 0.690971
vt 0.707480 0.667499
vt 0.697484 0.666991
vt 0.697170 0.690463
vt 0.706770 0.718039
vt 0.696773 0.717531
vt 0.706379 0.748355
vt 0.696383 0.747847
vt 0.705962 0.780310
vt 0.695966 0.779802
vt 0.705527 0.812263
vt 0.695530 0.811755
vt 0.705075 0.843956
vt 0.695078 0.843447
vt 0.705766 0.875945
vt 0.695770 0.875436
vt 0.706645 0.902627
vt 0.696649 0.902119
vt 0.707480 0.926438
vt 0.697484 0.925929
vt 0.683072 0.874748
vt 0.685070 0.901817
vt 0.695078 0.901694
vt 0.693080 0.874624
vt 0.681861 0.844619
vt 0.691869 0.844495
vt 0.681024 0.812810
vt 0.691032 0.812686
vt 0.680648 0.780392
vt 0.690656 0.780268
vt 0.680889 0.747599
vt 0.690898 0.747476
vt 0.681533 0.717503
vt 0.691542 0.717376
vt 0.682961 0.692311
vt 0.692969 0.692187
vt 0.685070 0.667114
vt 0.695078 0.666991
vt 0.906248 0.694304
vt 0.907703 0.666991
vt 0.897706 0.667479
vt 0.896251 0.694793
vt 0.906095 0.726606
vt 0.896098 0.727095
vt 0.906273 0.758046
vt 0.896276 0.758535
vt 0.906593 0.790716
vt 0.896596 0.791204
vt 0.906977 0.823173
vt 0.896980 0.823662
vt 0.907353 0.853309
vt 0.897356 0.853798
vt 0.907703 0.879552
vt 0.897706 0.880041
vt 0.830014 0.691940
vt 0.830840 0.666999
vt 0.820831 0.666991
vt 0.820005 0.691934
vt 0.829448 0.720377
vt 0.819438 0.720371
vt 0.829167 0.751572
vt 0.819158 0.751566
vt 0.829090 0.784429
vt 0.819081 0.784423
vt 0.829244 0.817514
vt 0.819235 0.817508
vt 0.829701 0.846879
vt 0.819692 0.846873
vt 0.013059 0.774593
vt 0.004460 0.803824
vt 0.049211 0.811783
vt 0.055478 0.790489
vt 0.028061 0.743286
vt 0.066407 0.767680
vt 0.048580 0.717304
vt 0.081356 0.748750
vt 0.075648 0.695487
vt 0.101077 0.732862
vt 0.103621 0.679537
vt 0.121456 0.721231
vt 0.134699 0.669537
vt 0.144099 0.713944
vt 0.167424 0.665650
vt 0.167942 0.711120
vt 0.199714 0.668298
vt 0.191469 0.713042
vt 0.229896 0.677368
vt 0.213458 0.719650
vt 0.258880 0.692144
vt 0.234575 0.730421
vt 0.284248 0.712252
vt 0.253056 0.745073
vt 0.305253 0.737218
vt 0.268360 0.763254
vt 0.321400 0.766058
vt 0.280125 0.784264
vt 0.331307 0.797789
vt 0.287341 0.807390
vt 0.331349 0.829684
vt 0.287374 0.830627
vt 0.331349 0.862423
vt 0.287374 0.854481
vt 0.324153 0.893762
vt 0.282129 0.877315
vt 0.309425 0.922796
vt 0.271401 0.898468
vt 0.289688 0.948376
vt 0.257020 0.917102
vt 0.265182 0.970118
vt 0.239165 0.932941
vt 0.236951 0.986142
vt 0.218598 0.944613
vt 0.206653 0.996229
vt 0.196524 0.951970
vt 0.174430 1.000000
vt 0.173047 0.954716
vt 0.139818 0.997633
vt 0.147830 0.952991
vt 0.108491 0.988554
vt 0.125005 0.946383
vt 0.078191 0.973716
vt 0.102931 0.935563
vt 0.052556 0.953530
vt 0.084253 0.920857
vt 0.033728 0.927951
vt 0.070536 0.902219
vt 0.018097 0.899563
vt 0.059148 0.881539
vt 0.008182 0.868693
vt 0.051923 0.859047
vt 0.004171 0.835534
vt 0.049002 0.834892
vt 0.232117 0.844485
vt 0.229327 0.856638
vt 0.223620 0.867886
vt 0.215971 0.877792
vt 0.206474 0.886224
vt 0.195536 0.892432
vt 0.183796 0.896340
vt 0.171308 0.897801
vt 0.157896 0.896887
vt 0.145756 0.893371
vt 0.134015 0.887615
vt 0.124081 0.879793
vt 0.116785 0.869879
vt 0.110727 0.858886
vt 0.106887 0.846922
vt 0.105333 0.834069
vt 0.105444 0.821779
vt 0.108775 0.810453
vt 0.114589 0.798324
vt 0.122541 0.788253
vt 0.133029 0.779805
vt 0.143869 0.773617
vt 0.155912 0.769743
vt 0.168593 0.768236
vt 0.181107 0.769265
vt 0.192802 0.772777
vt 0.204034 0.778500
vt 0.213864 0.786298
vt 0.222004 0.795969
vt 0.228260 0.807147
vt 0.232099 0.819440
vt 0.232116 0.831800
vn 0.8138 0.5812 0.0000
vn 0.6257 0.4996 0.5990
vn 0.7024 0.3779 0.6031
vn 0.9125 0.4090 0.0000
vn 0.6931 0.7209 0.0000
vn 0.5368 0.5974 0.5958
vn 0.5496 0.8354 0.0000
vn 0.4339 0.6782 0.5931
vn 0.3322 0.9432 0.0000
vn 0.2806 0.7644 0.5805
vn 0.1885 0.9821 0.0000
vn 0.1788 0.7664 0.6170
vn 0.0991 0.9951 0.0000
vn 0.1122 0.7958 0.5951
vn -0.1474 0.9891 0.0000
vn -0.0717 0.8029 0.5917
vn -0.4018 0.9157 0.0000
vn -0.2622 0.7400 0.6194
vn -0.5544 0.8322 0.0000
vn -0.3908 0.6655 0.6359
vn -0.6625 0.7491 0.0000
vn -0.4876 0.6024 0.6319
vn -0.8051 0.5931 0.0000
vn -0.6078 0.4879 0.6266
vn -0.9211 0.3893 0.0000
vn -0.6934 0.3320 0.6395
vn -0.9801 0.1984 0.0000
vn -0.7405 0.1713 0.6498
vn -1.0000 -0.0060 0.0000
vn -0.7651 0.0010 0.6439
vn -0.9766 -0.2149 0.0000
vn -0.7486 -0.1597 0.6435
vn -0.9177 -0.3972 0.0000
vn -0.7006 -0.2984 0.6482
vn -0.8321 -0.5546 0.0000
vn -0.6365 -0.4207 0.6464
vn -0.7080 -0.7062 0.0000
vn -0.5405 -0.5391 0.6459
vn -0.5549 -0.8319 0.0000
vn -0.4231 -0.6363 0.6450
vn -0.3831 -0.9237 0.0000
vn -0.2932 -0.7057 0.6450
vn -0.1938 -0.9810 0.0000
vn -0.1488 -0.7494 0.6451
vn 0.0013 -1.0000 0.0000
vn 0.0025 -0.7625 0.6469
vn 0.1809 -0.9835 0.0000
vn 0.1416 -0.7482 0.6482
vn 0.3634 -0.9316 0.0000
vn 0.2824 -0.7107 0.6443
vn 0.5452 -0.8383 0.0000
vn 0.4215 -0.6376 0.6449
vn 0.7032 -0.7110 0.0000
vn 0.5474 -0.5292 0.6483
vn 0.8331 -0.5532 0.0000
vn 0.6558 -0.3966 0.6424
vn 0.9378 -0.3472 0.0000
vn 0.7399 -0.2385 0.6291
vn 0.9907 -0.1358 0.0000
vn 0.7723 -0.0718 0.6312
vn 1.0000 0.0094 0.0000
vn 0.7711 0.0460 0.6351
vn 0.9815 0.1916 0.0000
vn 0.7571 0.2002 0.6219
vn -0.1046 -0.0144 0.9944
vn -0.1063 0.0090 0.9943
vn -0.0990 -0.0350 0.9945
vn -0.0894 -0.0536 0.9946
vn -0.0734 -0.0733 0.9946
vn -0.0564 -0.0882 0.9945
vn -0.0409 -0.0965 0.9945
vn -0.0217 -0.1019 0.9946
vn 0.0026 -0.1037 0.9946
vn 0.0253 -0.1013 0.9945
vn 0.0457 -0.0944 0.9945
vn 0.0658 -0.0831 0.9944
vn 0.0959 -0.0548 0.9939
vn 0.1274 -0.0158 0.9917
vn 0.1436 0.0150 0.9895
vn 0.1512 0.0410 0.9877
vn 0.1540 0.0669 0.9858
vn 0.1461 0.1278 0.9810
vn 0.1345 0.1805 0.9743
vn 0.1288 0.1911 0.9731
vn 0.1216 0.1998 0.9723
vn 0.1129 0.2069 0.9718
vn 0.0994 0.2140 0.9718
vn 0.0911 0.2163 0.9721
vn 0.0853 0.2169 0.9725
vn 0.0700 0.2155 0.9740
vn 0.0280 0.1999 0.9794
vn -0.0257 0.1716 0.9848
vn -0.0531 0.1504 0.9872
vn -0.0699 0.1301 0.9890
vn -0.0845 0.1049 0.9909
vn -0.0978 0.0571 0.9936
vn 0.0527 0.1382 0.9890
vn 0.0587 0.1366 0.9889
vn 0.0306 0.1281 0.9913
vn 0.0038 0.1119 0.9937
vn -0.0102 0.1019 0.9947
vn -0.0198 0.0932 0.9955
vn -0.0260 0.0801 0.9964
vn -0.0328 0.0556 0.9979
vn -0.0373 0.0314 0.9988
vn -0.0365 0.0200 0.9991
vn -0.0331 0.0108 0.9994
vn -0.0289 0.0017 0.9996
vn -0.0213 -0.0081 0.9997
vn -0.0131 -0.0151 0.9998
vn -0.0059 -0.0189 0.9998
vn 0.0030 -0.0216 0.9998
vn 0.0148 -0.0222 0.9996
vn 0.0258 -0.0206 0.9995
vn 0.0355 -0.0182 0.9992
vn 0.0451 -0.0126 0.9989
vn 0.0601 0.0015 0.9982
vn 0.0763 0.0215 0.9969
vn 0.0852 0.0365 0.9957
vn 0.0878 0.0496 0.9949
vn 0.0880 0.0623 0.9942
vn 0.0860 0.0942 0.9918
vn 0.0799 0.1210 0.9894
vn 0.0771 0.1252 0.9891
vn 0.0740 0.1288 0.9889
vn 0.0703 0.1320 0.9888
vn 0.0656 0.1377 0.9883
vn 0.0591 0.1318 0.9895
vn 0.5556 -0.8315 0.0000
vn 0.4306 -0.6444 0.6319
vn 0.2966 -0.7160 0.6319
vn 0.3827 -0.9239 0.0000
vn 0.7071 -0.7071 0.0000
vn 0.5480 -0.5480 0.6319
vn 0.8315 -0.5556 0.0000
vn 0.6444 -0.4306 0.6319
vn 0.9239 -0.3827 0.0000
vn 0.7160 -0.2966 0.6319
vn 0.9808 -0.1951 0.0000
vn 0.7601 -0.1512 0.6320
vn 1.0000 -0.0000 0.0000
vn 0.7750 0.0000 0.6320
vn 0.9808 0.1951 0.0000
vn 0.7601 0.1512 0.6320
vn 0.9239 0.3827 0.0000
vn 0.7160 0.2966 0.6320
vn 0.8315 0.5556 0.0000
vn 0.6444 0.4306 0.6320
vn 0.7071 0.7071 0.0000
vn 0.5479 0.5480 0.6320
vn 0.5537 0.8327 0.0000
vn 0.4293 0.6456 0.6316
vn 0.3251 0.9457 0.0000
vn 0.2552 0.7409 0.6212
vn 0.1750 0.9846 0.0000
vn 0.1330 0.7482 0.6500
vn 0.0610 0.9981 0.0000
vn 0.0470 0.7766 0.6283
vn -0.1733 0.9849 0.0000
vn -0.1351 0.7666 0.6278
vn -0.3827 0.9239 0.0000
vn -0.2966 0.7160 0.6320
vn -0.5555 0.8315 0.0000
vn -0.4305 0.6444 0.6320
vn -0.7071 0.7071 0.0000
vn -0.5480 0.5480 0.6320
vn -0.8315 0.5555 0.0000
vn -0.6444 0.4305 0.6320
vn -0.9239 0.3827 0.0000
vn -0.7160 0.2966 0.6320
vn -0.9808 0.1951 0.0000
vn -0.7601 0.1512 0.6320
vn -1.0000 0.0000 0.0000
vn -0.7750 0.0000 0.6320
vn -0.9808 -0.1951 0.0000
vn -0.7601 -0.1512 0.6319
vn -0.9239 -0.3827 0.0000
vn -0.7160 -0.2966 0.6319
vn -0.8315 -0.5556 0.0000
vn -0.6444 -0.4306 0.6319
vn -0.7071 -0.7071 0.0000
vn -0.5480 -0.5480 0.6319
vn -0.5556 -0.8315 0.0000
vn -0.4306 -0.6444 0.6319
vn -0.3827 -0.9239 0.0000
vn -0.2966 -0.7161 0.6319
vn -0.1951 -0.9808 0.0000
vn -0.1512 -0.7602 0.6319
vn -0.0000 -1.0000 0.0000
vn -0.0000 -0.7750 0.6319
vn 0.1951 -0.9808 0.0000
vn 0.1512 -0.7602 0.6319
vn -0.0245 0.1395 0.9899
vn 0.0089 0.1428 0.9897
vn -0.0541 0.1307 0.9899
vn -0.0786 0.1176 0.9899
vn -0.1001 0.1001 0.9899
vn -0.1177 0.0786 0.9899
vn -0.1308 0.0542 0.9899
vn -0.1389 0.0276 0.9899
vn -0.1416 -0.0000 0.9899
vn -0.1389 -0.0276 0.9899
vn -0.1309 -0.0542 0.9899
vn -0.1178 -0.0787 0.9899
vn -0.1002 -0.1002 0.9899
vn -0.0787 -0.1178 0.9899
vn -0.0542 -0.1309 0.9899
vn -0.0277 -0.1390 0.9899
vn -0.0000 -0.1417 0.9899
vn 0.0276 -0.1390 0.9899
vn 0.0542 -0.1309 0.9899
vn 0.0787 -0.1178 0.9899
vn 0.1002 -0.1002 0.9899
vn 0.1178 -0.0787 0.9899
vn 0.1308 -0.0542 0.9899
vn 0.1389 -0.0276 0.9899
vn 0.1416 -0.0000 0.9899
vn 0.1388 0.0276 0.9899
vn 0.1307 0.0542 0.9899
vn 0.1176 0.0786 0.9899
vn 0.1000 0.1000 0.9899
vn 0.0783 0.1178 0.9899
vn 0.0460 0.1346 0.9898
vn 0.0252 0.1420 0.9895
vn -0.0121 0.0693 0.9975
vn 0.0047 0.0707 0.9975
vn -0.0266 0.0641 0.9976
vn -0.0386 0.0577 0.9976
vn -0.0491 0.0491 0.9976
vn -0.0577 0.0386 0.9976
vn -0.0642 0.0266 0.9976
vn -0.0681 0.0135 0.9976
vn -0.0695 -0.0000 0.9976
vn -0.0681 -0.0136 0.9976
vn -0.0642 -0.0266 0.9976
vn -0.0578 -0.0386 0.9976
vn -0.0492 -0.0492 0.9976
vn -0.0386 -0.0578 0.9976
vn -0.0266 -0.0642 0.9976
vn -0.0136 -0.0682 0.9976
vn -0.0000 -0.0695 0.9976
vn 0.0136 -0.0682 0.9976
vn 0.0266 -0.0642 0.9976
vn 0.0386 -0.0578 0.9976
vn 0.0491 -0.0491 0.9976
vn 0.0578 -0.0386 0.9976
vn 0.0642 -0.0266 0.9976
vn 0.0681 -0.0136 0.9976
vn 0.0694 -0.0000 0.9976
vn 0.0681 0.0135 0.9976
vn 0.0641 0.0266 0.9976
vn 0.0577 0.0386 0.9976
vn 0.0491 0.0491 0.9976
vn 0.0385 0.0579 0.9976
vn 0.0229 0.0682 0.9974
vn 0.0117 0.0659 0.9978
vn -0.1573 0.7332 -0.6616
vn -0.1122 0.7546 0.6465
vn 0.0811 0.7667 0.6368
vn 0.0128 0.7417 -0.6706
vn -0.3044 0.6787 -0.6683
vn -0.2836 0.7069 0.6479
vn -0.4196 0.6138 -0.6687
vn -0.4096 0.6405 0.6496
vn -0.5278 0.5287 -0.6648
vn -0.5261 0.5521 0.6469
vn -0.6199 0.4178 -0.6642
vn -0.6240 0.4314 0.6515
vn -0.6875 0.2941 -0.6640
vn -0.6986 0.2947 0.6519
vn -0.7324 0.1529 -0.6635
vn -0.7466 0.1385 0.6507
vn -0.7431 0.0127 -0.6690
vn -0.7570 -0.0165 0.6532
vn -0.7338 -0.1215 -0.6684
vn -0.7402 -0.1658 0.6516
vn -0.6951 -0.2554 -0.6720
vn -0.6924 -0.3157 0.6488
vn -0.6317 -0.3818 -0.6747
vn -0.6157 -0.4537 0.6442
vn -0.5419 -0.4939 -0.6800
vn -0.5141 -0.5733 0.6381
vn -0.4322 -0.5878 -0.6839
vn -0.3921 -0.6676 0.6329
vn -0.3073 -0.6563 -0.6891
vn -0.2561 -0.7344 0.6285
vn -0.1701 -0.7022 -0.6914
vn -0.1082 -0.7744 0.6234
vn -0.0174 -0.7240 -0.6895
vn 0.0649 -0.7811 0.6210
vn 0.1146 -0.6966 -0.7082
vn 0.2063 -0.7669 0.6077
vn 0.2435 -0.6651 -0.7059
vn 0.3167 -0.7338 0.6010
vn 0.3801 -0.5996 -0.7043
vn 0.4436 -0.6613 0.6049
vn 0.4945 -0.5055 -0.7070
vn 0.5595 -0.5649 0.6065
vn 0.5871 -0.3942 -0.7070
vn 0.6537 -0.4516 0.6072
vn 0.6563 -0.2648 -0.7065
vn 0.7253 -0.3207 0.6092
vn 0.6986 -0.1242 -0.7046
vn 0.7703 -0.1767 0.6127
vn 0.7116 0.0240 -0.7022
vn 0.7881 -0.0237 0.6150
vn 0.6931 0.1685 -0.7008
vn 0.7746 0.1257 0.6198
vn 0.6511 0.3051 -0.6950
vn 0.7318 0.2717 0.6251
vn 0.5797 0.4348 -0.6892
vn 0.6554 0.4175 0.6295
vn 0.4816 0.5413 -0.6892
vn 0.5563 0.5419 0.6300
vn 0.3668 0.6289 -0.6855
vn 0.4434 0.6405 0.6270
vn 0.2042 0.7124 -0.6714
vn 0.2790 0.7322 0.6213
vn 0.0872 0.7109 -0.6979
vn 0.1724 0.7352 0.6556
vn 0.0178 0.1078 0.9940
vn 0.0674 0.1142 0.9912
vn -0.0258 0.0968 0.9950
vn -0.0429 0.0879 0.9952
vn -0.0545 0.0786 0.9954
vn -0.0667 0.0627 0.9958
vn -0.0792 0.0394 0.9961
vn -0.0872 0.0128 0.9961
vn -0.0898 -0.0135 0.9959
vn -0.0862 -0.0436 0.9953
vn -0.0759 -0.0773 0.9941
vn -0.0591 -0.1081 0.9924
vn -0.0394 -0.1325 0.9904
vn -0.0181 -0.1495 0.9886
vn 0.0060 -0.1622 0.9867
vn 0.0357 -0.1704 0.9847
vn 0.0911 -0.1730 0.9807
vn 0.1206 -0.1738 0.9774
vn 0.1090 -0.1771 0.9781
vn 0.1180 -0.1702 0.9783
vn 0.1397 -0.1522 0.9784
vn 0.1570 -0.1309 0.9789
vn 0.1700 -0.1063 0.9797
vn 0.1785 -0.0775 0.9809
vn 0.1818 -0.0465 0.9822
vn 0.1792 -0.0181 0.9836
vn 0.1688 0.0149 0.9855
vn 0.1463 0.0568 0.9876
vn 0.1211 0.0897 0.9886
vn 0.1059 0.1036 0.9890
vn 0.0926 0.1107 0.9895
vn 0.0838 0.1133 0.9900
vn 0.0338 0.0372 0.9987
vn 0.0592 0.0403 0.9974
vn 0.0119 0.0308 0.9995
vn 0.0040 0.0264 0.9996
vn -0.0017 0.0227 0.9997
vn -0.0072 0.0150 0.9999
vn -0.0134 0.0036 0.9999
vn -0.0175 -0.0093 0.9998
vn -0.0182 -0.0223 0.9996
vn -0.0167 -0.0371 0.9992
vn -0.0115 -0.0539 0.9985
vn -0.0032 -0.0693 0.9976
vn 0.0066 -0.0814 0.9967
vn 0.0169 -0.0898 0.9958
vn 0.0288 -0.0958 0.9950
vn 0.0435 -0.1001 0.9940
vn 0.0719 -0.1016 0.9922
vn 0.0862 -0.1014 0.9911
vn 0.0794 -0.1043 0.9914
vn 0.0830 -0.1011 0.9914
vn 0.0936 -0.0920 0.9914
vn 0.1021 -0.0816 0.9914
vn 0.1085 -0.0695 0.9917
vn 0.1127 -0.0552 0.9921
vn 0.1144 -0.0399 0.9926
vn 0.1129 -0.0259 0.9933
vn 0.1077 -0.0094 0.9941
vn 0.0963 0.0120 0.9953
vn 0.0835 0.0284 0.9961
vn 0.0766 0.0354 0.9964
vn 0.0713 0.0403 0.9966
vn 0.0659 0.0354 0.9972
vn -0.1701 0.9854 0.0000
vn -0.1236 0.7770 0.6173
vn 0.0532 0.7856 0.6165
vn 0.0621 0.9981 0.0000
vn -0.3792 0.9253 0.0000
vn -0.2814 0.7295 0.6234
vn -0.5527 0.8334 0.0000
vn -0.4138 0.6610 0.6260
vn -0.7044 0.7098 0.0000
vn -0.5304 0.5684 0.6289
vn -0.8300 0.5578 0.0000
vn -0.6301 0.4444 0.6367
vn -0.9235 0.3836 0.0000
vn -0.7105 0.3025 0.6353
vn -0.9807 0.1956 0.0000
vn -0.7566 0.1557 0.6351
vn -1.0000 0.0005 0.0000
vn -0.7719 0.0050 0.6357
vn -0.9809 -0.1946 0.0000
vn -0.7574 -0.1462 0.6364
vn -0.9239 -0.3825 0.0000
vn -0.7126 -0.2931 0.6374
vn -0.8314 -0.5556 0.0000
vn -0.6412 -0.4285 0.6366
vn -0.5453 -0.5453 0.6366
vn -0.4284 -0.6412 0.6366
vn -0.2951 -0.7125 0.6366
vn -0.1504 -0.7564 0.6366
vn 0.0000 -0.7712 0.6366
vn 0.1505 -0.7564 0.6366
vn 0.2951 -0.7125 0.6366
vn 0.4286 -0.6409 0.6368
vn 0.7073 -0.7069 0.0000
vn 0.5467 -0.5430 0.6374
vn 0.8318 -0.5551 0.0000
vn 0.6443 -0.4246 0.6361
vn 0.9241 -0.3822 0.0000
vn 0.7153 -0.2907 0.6355
vn 0.9809 -0.1945 0.0000
vn 0.7588 -0.1456 0.6348
vn 1.0000 0.0016 0.0000
vn 0.7708 0.0125 0.6369
vn 0.9801 0.1983 0.0000
vn 0.7541 0.1741 0.6332
vn 0.9224 0.3861 0.0000
vn 0.7090 0.3214 0.6277
vn 0.8292 0.5590 0.0000
vn 0.6367 0.4520 0.6248
vn 0.7046 0.7096 0.0000
vn 0.5409 0.5652 0.6229
vn 0.5521 0.8338 0.0000
vn 0.4249 0.6589 0.6207
vn 0.3244 0.9459 0.0000
vn 0.2555 0.7510 0.6089
vn 0.1751 0.9846 0.0000
vn 0.1366 0.7570 0.6390
vn -0.0084 0.1677 0.9858
vn 0.0195 0.1704 0.9852
vn -0.0335 0.1603 0.9865
vn -0.0543 0.1494 0.9873
vn -0.0724 0.1347 0.9882
vn -0.0969 0.1026 0.9900
vn -0.1197 0.0629 0.9908
vn -0.1288 0.0343 0.9911
vn -0.1315 0.0083 0.9913
vn -0.1289 -0.0183 0.9915
vn -0.1202 -0.0463 0.9917
vn -0.1071 -0.0716 0.9917
vn -0.0911 -0.0911 0.9917
vn -0.0716 -0.1071 0.9917
vn -0.0493 -0.1191 0.9917
vn -0.0251 -0.1264 0.9917
vn -0.0000 -0.1289 0.9917
vn 0.0251 -0.1264 0.9917
vn 0.0493 -0.1190 0.9917
vn 0.0720 -0.1068 0.9917
vn 0.0943 -0.0881 0.9916
vn 0.1130 -0.0657 0.9914
vn 0.1252 -0.0426 0.9912
vn 0.1327 -0.0176 0.9910
vn 0.1352 0.0203 0.9906
vn 0.1309 0.0653 0.9892
vn 0.1223 0.0960 0.9878
vn 0.1112 0.1165 0.9869
vn 0.0963 0.1345 0.9862
vn 0.0779 0.1494 0.9857
vn 0.0506 0.1635 0.9852
vn 0.0332 0.1696 0.9850
vn -0.0012 0.0938 0.9956
vn 0.0126 0.0949 0.9954
vn -0.0134 0.0893 0.9959
vn -0.0234 0.0840 0.9962
vn -0.0321 0.0769 0.9965
vn -0.0444 0.0606 0.9972
vn -0.0560 0.0405 0.9976
vn -0.0605 0.0264 0.9978
vn -0.0618 0.0137 0.9980
vn -0.0605 0.0008 0.9982
vn -0.0562 -0.0131 0.9983
vn -0.0498 -0.0255 0.9984
vn -0.0421 -0.0350 0.9985
vn -0.0326 -0.0428 0.9986
vn -0.0217 -0.0486 0.9986
vn -0.0100 -0.0521 0.9986
vn 0.0022 -0.0533 0.9986
vn 0.0145 -0.0521 0.9985
vn 0.0262 -0.0485 0.9985
vn 0.0372 -0.0426 0.9984
vn 0.0482 -0.0333 0.9983
vn 0.0574 -0.0223 0.9981
vn 0.0634 -0.0111 0.9979
vn 0.0671 0.0011 0.9977
vn 0.0682 0.0201 0.9975
vn 0.0661 0.0429 0.9969
vn 0.0619 0.0582 0.9964
vn 0.0566 0.0681 0.9961
vn 0.0493 0.0768 0.9958
vn 0.0405 0.0841 0.9956
vn 0.0277 0.0932 0.9953
vn 0.0181 0.0898 0.9958
vn -0.1720 0.9851 0.0000
vn -0.1399 0.7581 0.6370
vn 0.0435 0.7681 0.6389
vn 0.0629 0.9980 0.0000
vn -0.3818 0.9243 0.0000
vn -0.3026 0.7060 0.6403
vn -0.5468 0.8373 0.0000
vn -0.4300 0.6365 0.6403
vn -0.6993 0.7148 0.0000
vn -0.5490 0.5426 0.6357
vn -0.8294 0.5586 0.0000
vn -0.6483 0.4196 0.6354
vn -0.9236 0.3833 0.0000
vn -0.7205 0.2836 0.6327
vn -0.9832 0.1828 0.0000
vn -0.7664 0.1287 0.6293
vn -0.9999 -0.0140 0.0000
vn -0.7757 -0.0241 0.6306
vn -0.9808 -0.1948 0.0000
vn -0.7557 -0.1711 0.6322
vn -0.9246 -0.3808 0.0000
vn -0.7136 -0.3218 0.6223
vn -0.8302 -0.5574 0.0000
vn -0.6400 -0.4550 0.6192
vn -0.7054 -0.7088 0.0000
vn -0.5448 -0.5679 0.6170
vn -0.5526 -0.8335 0.0000
vn -0.4294 -0.6611 0.6153
vn -0.3812 -0.9245 0.0000
vn -0.3001 -0.7287 0.6156
vn -0.1947 -0.9809 0.0000
vn -0.1605 -0.7721 0.6149
vn 0.0074 -1.0000 0.0000
vn -0.0090 -0.7879 0.6157
vn 0.1905 -0.9817 0.0000
vn 0.1273 -0.7721 0.6226
vn 0.3724 -0.9281 0.0000
vn 0.2687 -0.7368 0.6204
vn 0.5567 -0.8307 0.0000
vn 0.4149 -0.6554 0.6311
vn 0.7066 -0.7076 0.0000
vn 0.5397 -0.5590 0.6295
vn 0.8304 -0.5572 0.0000
vn 0.6363 -0.4438 0.6310
vn 0.9232 -0.3843 0.0000
vn 0.7089 -0.3107 0.6332
vn 0.9806 -0.1959 0.0000
vn 0.7547 -0.1651 0.6349
vn 1.0000 0.0039 0.0000
vn 0.7712 -0.0102 0.6365
vn 0.9800 0.1990 0.0000
vn 0.7557 0.1411 0.6395
vn 0.9228 0.3852 0.0000
vn 0.7130 0.2866 0.6399
vn 0.8281 0.5606 0.0000
vn 0.6398 0.4235 0.6413
vn 0.7045 0.7097 0.0000
vn 0.5434 0.5397 0.6429
vn 0.5503 0.8350 0.0000
vn 0.4242 0.6390 0.6417
vn 0.3216 0.9469 0.0000
vn 0.2485 0.7332 0.6330
vn 0.1761 0.9844 0.0000
vn 0.1284 0.7398 0.6605
vn -0.0334 0.1131 0.9930
vn -0.0007 0.1165 0.9932
vn -0.0626 0.1043 0.9926
vn -0.0854 0.0921 0.9921
vn -0.1061 0.0748 0.9915
vn -0.1239 0.0530 0.9909
vn -0.1368 0.0288 0.9902
vn -0.1451 0.0012 0.9894
vn -0.1479 -0.0260 0.9887
vn -0.1425 -0.0657 0.9876
vn -0.1317 -0.1056 0.9856
vn -0.1202 -0.1273 0.9846
vn -0.1060 -0.1443 0.9838
vn -0.0885 -0.1585 0.9834
vn -0.0690 -0.1690 0.9832
vn -0.0482 -0.1753 0.9833
vn -0.0262 -0.1775 0.9838
vn -0.0059 -0.1757 0.9844
vn 0.0170 -0.1687 0.9855
vn 0.0546 -0.1470 0.9876
vn 0.0878 -0.1216 0.9887
vn 0.1047 -0.1009 0.9894
vn 0.1174 -0.0771 0.9901
vn 0.1252 -0.0510 0.9908
vn 0.1278 -0.0234 0.9915
vn 0.1252 0.0035 0.9921
vn 0.1175 0.0294 0.9926
vn 0.1046 0.0538 0.9931
vn 0.0876 0.0747 0.9933
vn 0.0663 0.0923 0.9935
vn 0.0345 0.1088 0.9935
vn 0.0148 0.1158 0.9932
vn 0.0009 -0.0993 0.9951
vn -0.0103 -0.1016 0.9948
vn 0.0197 -0.0878 0.9959
vn 0.0364 -0.0750 0.9965
vn 0.0448 -0.0650 0.9969
vn 0.0510 -0.0533 0.9973
vn 0.0549 -0.0406 0.9977
vn 0.0562 -0.0270 0.9981
vn 0.0547 -0.0138 0.9984
vn 0.0511 -0.0012 0.9987
vn 0.0447 0.0108 0.9989
vn 0.0363 0.0209 0.9991
vn 0.0261 0.0298 0.9992
vn 0.0108 0.0398 0.9992
vn 0.0001 0.0372 0.9993
vn -0.0065 0.0420 0.9991
vn -0.0228 0.0407 0.9989
vn -0.0370 0.0354 0.9987
vn -0.0480 0.0292 0.9984
vn -0.0585 0.0213 0.9981
vn -0.0670 0.0104 0.9977
vn -0.0734 -0.0014 0.9973
vn -0.0778 -0.0149 0.9969
vn -0.0785 -0.0283 0.9965
vn -0.0758 -0.0483 0.9960
vn -0.0708 -0.0686 0.9951
vn -0.0651 -0.0791 0.9947
vn -0.0583 -0.0873 0.9945
vn -0.0499 -0.0942 0.9943
vn -0.0405 -0.0990 0.9943
vn -0.0306 -0.1023 0.9943
vn -0.0201 -0.1034 0.9944
vn -0.1685 0.9857 0.0000
vn -0.1160 0.7780 0.6174
vn 0.0596 0.7855 0.6160
vn 0.0638 0.9980 0.0000
vn -0.3774 0.9261 0.0000
vn -0.2721 0.7317 0.6250
vn -0.5500 0.8352 0.0000
vn -0.4044 0.6636 0.6294
vn -0.7041 0.7101 0.0000
vn -0.5301 0.5587 0.6379
vn -0.8307 0.5567 0.0000
vn -0.6388 0.4354 0.6343
vn -0.9236 0.3835 0.0000
vn -0.7110 0.3019 0.6351
vn -0.9807 0.1955 0.0000
vn -0.7553 0.1548 0.6369
vn -1.0000 0.0001 0.0000
vn -0.7712 0.0011 0.6366
vn -0.9808 -0.1950 0.0000
vn -0.7567 -0.1505 0.6362
vn -0.7128 -0.2953 0.6361
vn -0.6415 -0.4287 0.6361
vn -0.5456 -0.5456 0.6361
vn -0.4287 -0.6416 0.6361
vn -0.2953 -0.7129 0.6361
vn -0.1505 -0.7568 0.6361
vn 0.0000 -0.7716 0.6361
vn 0.1505 -0.7568 0.6361
vn 0.2953 -0.7128 0.6361
vn 0.4287 -0.6415 0.6362
vn 0.5456 -0.5456 0.6362
vn 0.8317 -0.5553 0.0000
vn 0.6424 -0.4254 0.6375
vn 0.9241 -0.3820 0.0000
vn 0.7158 -0.2893 0.6355
vn 0.9809 -0.1944 0.0000
vn 0.7593 -0.1442 0.6346
vn 1.0000 0.0027 0.0000
vn 0.7714 0.0142 0.6362
vn 0.9797 0.2006 0.0000
vn 0.7530 0.1782 0.6334
vn 0.9217 0.3879 0.0000
vn 0.7080 0.3264 0.6263
vn 0.8284 0.5601 0.0000
vn 0.6363 0.4552 0.6229
vn 0.7038 0.7104 0.0000
vn 0.5412 0.5670 0.6210
vn 0.5517 0.8340 0.0000
vn 0.4268 0.6594 0.6189
vn 0.3252 0.9457 0.0000
vn 0.2594 0.7508 0.6075
vn 0.1757 0.9844 0.0000
vn 0.1426 0.7563 0.6385
vn 0.0043 0.1678 0.9858
vn 0.0295 0.1702 0.9850
vn -0.0181 0.1613 0.9867
vn -0.0395 0.1496 0.9880
vn -0.0749 0.1185 0.9901
vn -0.1060 0.0841 0.9908
vn -0.1183 0.0612 0.9911
vn -0.1267 0.0328 0.9914
vn -0.1300 0.0018 0.9915
vn -0.1276 -0.0254 0.9915
vn -0.1202 -0.0498 0.9915
vn -0.1082 -0.0723 0.9915
vn -0.0921 -0.0921 0.9915
vn -0.0723 -0.1083 0.9915
vn -0.0498 -0.1203 0.9915
vn -0.0254 -0.1277 0.9915
vn -0.0000 -0.1302 0.9915
vn 0.0254 -0.1277 0.9915
vn 0.0498 -0.1203 0.9915
vn 0.0723 -0.1082 0.9915
vn 0.0920 -0.0920 0.9915
vn 0.1111 -0.0678 0.9915
vn 0.1262 -0.0404 0.9912
vn 0.1337 -0.0153 0.9909
vn 0.1361 0.0221 0.9904
vn 0.1312 0.0702 0.9889
vn 0.1222 0.1033 0.9871
vn 0.1122 0.1217 0.9862
vn 0.0988 0.1378 0.9855
vn 0.0825 0.1511 0.9851
vn 0.0579 0.1639 0.9848
vn 0.0419 0.1694 0.9847
vn -0.0553 -0.0156 0.9984
vn -0.0588 -0.0037 0.9983
vn -0.0494 -0.0265 0.9984
vn -0.0416 -0.0361 0.9985
vn -0.0320 -0.0440 0.9985
vn -0.0210 -0.0499 0.9985
vn -0.0091 -0.0535 0.9985
vn 0.0032 -0.0547 0.9985
vn 0.0156 -0.0535 0.9984
vn 0.0275 -0.0499 0.9984
vn 0.0384 -0.0440 0.9983
vn 0.0480 -0.0361 0.9982
vn 0.0574 -0.0241 0.9981
vn 0.0649 -0.0105 0.9978
vn 0.0686 0.0017 0.9976
vn 0.0698 0.0204 0.9974
vn 0.0672 0.0449 0.9967
vn 0.0628 0.0614 0.9961
vn 0.0581 0.0703 0.9958
vn 0.0517 0.0779 0.9956
vn 0.0440 0.0844 0.9955
vn 0.0327 0.0928 0.9951
vn 0.0235 0.0890 0.9958
vn 0.0189 0.0941 0.9954
vn 0.0066 0.0932 0.9956
vn -0.0041 0.0891 0.9960
vn -0.0145 0.0834 0.9964
vn -0.0325 0.0676 0.9972
vn -0.0482 0.0501 0.9976
vn -0.0543 0.0390 0.9978
vn -0.0584 0.0250 0.9980
vn -0.0600 0.0096 0.9982
vn -0.1726 0.9850 0.0000
vn -0.1454 0.7544 0.6401
vn 0.0371 0.7648 0.6432
vn 0.0618 0.9981 0.0000
vn -0.3793 0.9253 0.0000
vn -0.3052 0.7023 0.6432
vn -0.5455 0.8381 0.0000
vn -0.4337 0.6329 0.6414
vn -0.7004 0.7137 0.0000
vn -0.5541 0.5364 0.6366
vn -0.8294 0.5587 0.0000
vn -0.6518 0.4145 0.6351
vn -0.9238 0.3828 0.0000
vn -0.7237 0.2786 0.6313
vn -0.9806 0.1961 0.0000
vn -0.7632 0.1238 0.6342
vn -1.0000 -0.0033 0.0000
vn -0.7814 -0.0383 0.6228
vn -0.9809 -0.1947 0.0000
vn -0.7615 -0.1869 0.6207
vn -0.9254 -0.3790 0.0000
vn -0.7194 -0.3260 0.6133
vn -0.8087 -0.5883 0.0000
vn -0.6344 -0.4843 0.6025
vn -0.6773 -0.7357 0.0000
vn -0.5264 -0.5880 0.6141
vn -0.5502 -0.8350 0.0000
vn -0.4343 -0.6651 0.6075
vn -0.3821 -0.9241 0.0000
vn -0.3085 -0.7322 0.6072
vn -0.2306 -0.9731 0.0000
vn -0.1957 -0.7643 0.6144
vn -0.0324 -0.9995 0.0000
vn -0.0470 -0.7968 0.6024
vn 0.1860 -0.9825 0.0000
vn 0.1120 -0.7781 0.6180
vn 0.3671 -0.9302 0.0000
vn 0.2516 -0.7459 0.6167
vn 0.5642 -0.8257 0.0000
vn 0.4086 -0.6614 0.6290
vn 0.7131 -0.7011 0.0000
vn 0.5320 -0.5595 0.6356
vn 0.8289 -0.5595 0.0000
vn 0.6287 -0.4509 0.6336
vn 0.9237 -0.3832 0.0000
vn 0.7032 -0.3143 0.6377
vn 0.9807 -0.1953 0.0000
vn 0.7497 -0.1691 0.6398
vn 1.0000 0.0086 0.0000
vn 0.7670 -0.0109 0.6415
vn 0.9793 0.2026 0.0000
vn 0.7500 0.1393 0.6465
vn 0.9236 0.3834 0.0000
vn 0.7088 0.2816 0.6468
vn 0.8287 0.5597 0.0000
vn 0.6352 0.4205 0.6479
vn 0.7042 0.7100 0.0000
vn 0.5376 0.5381 0.6492
vn 0.5500 0.8352 0.0000
vn 0.4183 0.6370 0.6475
vn 0.3211 0.9470 0.0000
vn 0.2429 0.7307 0.6381
vn 0.1214 0.7369 0.6650
vn -0.0271 -0.1893 0.9816
vn -0.0496 -0.1909 0.9804
vn -0.0082 -0.1838 0.9829
vn 0.0307 -0.1612 0.9864
vn 0.0695 -0.1318 0.9888
vn 0.0888 -0.1083 0.9901
vn 0.1024 -0.0829 0.9913
vn 0.1101 -0.0574 0.9923
vn 0.1126 -0.0305 0.9932
vn 0.1102 -0.0048 0.9939
vn 0.1026 0.0201 0.9945
vn 0.0892 0.0454 0.9950
vn 0.0725 0.0663 0.9952
vn 0.0524 0.0828 0.9952
vn 0.0225 0.0984 0.9949
vn 0.0036 0.1050 0.9945
vn -0.0113 0.1057 0.9943
vn -0.0422 0.1025 0.9938
vn -0.0693 0.0943 0.9931
vn -0.0919 0.0820 0.9924
vn -0.1132 0.0644 0.9915
vn -0.1303 0.0436 0.9905
vn -0.1427 0.0203 0.9896
vn -0.1536 -0.0206 0.9879
vn -0.1592 -0.0667 0.9850
vn -0.1565 -0.0953 0.9831
vn -0.1486 -0.1195 0.9816
vn -0.1350 -0.1447 0.9802
vn -0.1217 -0.1610 0.9794
vn -0.1065 -0.1729 0.9792
vn -0.0867 -0.1838 0.9791
vn -0.0706 -0.1889 0.9795
vn -0.0344 0.0288 0.9990
vn -0.0190 0.0300 0.9994
vn -0.0475 0.0238 0.9986
vn -0.0585 0.0177 0.9981
vn -0.0691 0.0095 0.9976
vn -0.0773 -0.0009 0.9970
vn -0.0836 -0.0122 0.9964
vn -0.0887 -0.0329 0.9955
vn -0.0921 -0.0563 0.9942
vn -0.0902 -0.0702 0.9934
vn -0.0870 -0.0823 0.9928
vn -0.0811 -0.0956 0.9921
vn -0.0729 -0.1012 0.9922
vn -0.0664 -0.1080 0.9919
vn -0.0568 -0.1132 0.9919
vn -0.0489 -0.1144 0.9922
vn -0.0396 -0.1183 0.9922
vn -0.0285 -0.1151 0.9929
vn -0.0195 -0.1137 0.9933
vn 0.0004 -0.1020 0.9948
vn 0.0193 -0.0863 0.9961
vn 0.0295 -0.0752 0.9967
vn 0.0360 -0.0626 0.9974
vn 0.0399 -0.0502 0.9979
vn 0.0413 -0.0370 0.9985
vn 0.0395 -0.0246 0.9989
vn 0.0362 -0.0123 0.9993
vn 0.0296 0.0001 0.9996
vn 0.0213 0.0102 0.9997
vn 0.0117 0.0185 0.9998
vn -0.0025 0.0280 0.9996
vn -0.0129 0.0251 0.9996
vn 0.7024 0.3779 -0.6031
vn 0.6257 0.4996 -0.5990
vn 0.6930 0.7209 0.0000
vn 0.5368 0.5974 -0.5958
vn 0.4339 0.6782 -0.5931
vn 0.2806 0.7644 -0.5805
vn 0.1788 0.7664 -0.6170
vn 0.1122 0.7958 -0.5951
vn -0.0718 0.8029 -0.5917
vn -0.4019 0.9157 0.0000
vn -0.2622 0.7400 -0.6194
vn -0.3908 0.6655 -0.6359
vn -0.4876 0.6025 -0.6319
vn -0.6078 0.4879 -0.6266
vn -0.6934 0.3320 -0.6395
vn -0.7405 0.1714 -0.6498
vn -1.0000 -0.0059 0.0000
vn -0.7651 0.0010 -0.6439
vn -0.7486 -0.1597 -0.6435
vn -0.9178 -0.3971 0.0000
vn -0.7006 -0.2984 -0.6482
vn -0.6365 -0.4207 -0.6464
vn -0.5405 -0.5391 -0.6459
vn -0.4231 -0.6363 -0.6450
vn -0.2932 -0.7057 -0.6450
vn -0.1488 -0.7494 -0.6451
vn 0.0025 -0.7625 -0.6469
vn 0.1416 -0.7482 -0.6482
vn 0.2824 -0.7107 -0.6443
vn 0.4215 -0.6376 -0.6449
vn 0.5474 -0.5292 -0.6483
vn 0.6558 -0.3966 -0.6424
vn 0.7399 -0.2385 -0.6291
vn 0.7723 -0.0718 -0.6312
vn 0.7711 0.0460 -0.6351
vn 0.7571 0.2002 -0.6219
vn -0.1063 0.0090 -0.9943
vn -0.1046 -0.0144 -0.9944
vn -0.0990 -0.0350 -0.9945
vn -0.0894 -0.0536 -0.9946
vn -0.0734 -0.0733 -0.9946
vn -0.0564 -0.0882 -0.9945
vn -0.0409 -0.0965 -0.9945
vn -0.0217 -0.1019 -0.9946
vn 0.0026 -0.1037 -0.9946
vn 0.0253 -0.1013 -0.9945
vn 0.0457 -0.0944 -0.9945
vn 0.0658 -0.0831 -0.9944
vn 0.0959 -0.0548 -0.9939
vn 0.1274 -0.0157 -0.9917
vn 0.1436 0.0150 -0.9895
vn 0.1512 0.0410 -0.9877
vn 0.1540 0.0669 -0.9858
vn 0.1461 0.1278 -0.9810
vn 0.1345 0.1805 -0.9743
vn 0.1288 0.1911 -0.9731
vn 0.1216 0.1998 -0.9723
vn 0.1129 0.2069 -0.9718
vn 0.0994 0.2140 -0.9718
vn 0.0911 0.2163 -0.9721
vn 0.0853 0.2169 -0.9725
vn 0.0700 0.2155 -0.9740
vn 0.0280 0.1999 -0.9794
vn -0.0257 0.1716 -0.9848
vn -0.0531 0.1504 -0.9872
vn -0.0699 0.1301 -0.9890
vn -0.0845 0.1049 -0.9909
vn -0.0978 0.0571 -0.9936
vn 0.0587 0.1366 -0.9889
vn 0.0527 0.1382 -0.9890
vn 0.0306 0.1281 -0.9913
vn 0.0038 0.1119 -0.9937
vn -0.0102 0.1019 -0.9947
vn -0.0198 0.0932 -0.9955
vn -0.0260 0.0801 -0.9964
vn -0.0328 0.0556 -0.9979
vn -0.0373 0.0314 -0.9988
vn -0.0365 0.0200 -0.9991
vn -0.0331 0.0108 -0.9994
vn -0.0289 0.0017 -0.9996
vn -0.0213 -0.0081 -0.9997
vn -0.0131 -0.0151 -0.9998
vn -0.0059 -0.0189 -0.9998
vn 0.0030 -0.0216 -0.9998
vn 0.0148 -0.0222 -0.9996
vn 0.0258 -0.0206 -0.9995
vn 0.0355 -0.0182 -0.9992
vn 0.0451 -0.0126 -0.9989
vn 0.0601 0.0015 -0.9982
vn 0.0763 0.0215 -0.9969
vn 0.0852 0.0365 -0.9957
vn 0.0878 0.0496 -0.9949
vn 0.0880 0.0623 -0.9942
vn 0.0860 0.0942 -0.9918
vn 0.0799 0.1210 -0.9894
vn 0.0771 0.1252 -0.9891
vn 0.0740 0.1288 -0.9889
vn 0.0703 0.1320 -0.9888
vn 0.0656 0.1377 -0.9883
vn 0.0591 0.1318 -0.9895
vn 0.2966 -0.7160 -0.6319
vn 0.4306 -0.6444 -0.6319
vn 0.5480 -0.5480 -0.6319
vn 0.6444 -0.4306 -0.6319
vn 0.7160 -0.2966 -0.6319
vn 0.7601 -0.1512 -0.6320
vn 0.7750 0.0000 -0.6320
vn 0.7601 0.1512 -0.6320
vn 0.7160 0.2966 -0.6320
vn 0.6444 0.4306 -0.6320
vn 0.5479 0.5480 -0.6320
vn 0.4293 0.6456 -0.6316
vn 0.2552 0.7409 -0.6212
vn 0.1330 0.7482 -0.6500
vn 0.0470 0.7766 -0.6283
vn -0.1351 0.7666 -0.6278
vn -0.2966 0.7160 -0.6320
vn -0.4305 0.6444 -0.6320
vn -0.5480 0.5480 -0.6320
vn -0.6444 0.4305 -0.6320
vn -0.7160 0.2966 -0.6320
vn -0.7601 0.1512 -0.6320
vn -0.7750 0.0000 -0.6320
vn -0.7601 -0.1512 -0.6319
vn -0.7160 -0.2966 -0.6319
vn -0.6444 -0.4306 -0.6319
vn -0.5480 -0.5480 -0.6319
vn -0.4306 -0.6444 -0.6319
vn -0.2966 -0.7161 -0.6319
vn -0.1512 -0.7602 -0.6319
vn -0.0000 -0.7750 -0.6319
vn 0.1512 -0.7602 -0.6319
vn 0.0089 0.1428 -0.9897
vn -0.0245 0.1395 -0.9899
vn -0.0541 0.1307 -0.9899
vn -0.0786 0.1176 -0.9899
vn -0.1001 0.1001 -0.9899
vn -0.1177 0.0786 -0.9899
vn -0.1308 0.0542 -0.9899
vn -0.1389 0.0276 -0.9899
vn -0.1416 -0.0000 -0.9899
vn -0.1389 -0.0276 -0.9899
vn -0.1309 -0.0542 -0.9899
vn -0.1178 -0.0787 -0.9899
vn -0.1002 -0.1002 -0.9899
vn -0.0787 -0.1178 -0.9899
vn -0.0542 -0.1309 -0.9899
vn -0.0277 -0.1390 -0.9899
vn -0.0000 -0.1417 -0.9899
vn 0.0276 -0.1390 -0.9899
vn 0.0542 -0.1309 -0.9899
vn 0.0787 -0.1178 -0.9899
vn 0.1002 -0.1002 -0.9899
vn 0.1178 -0.0787 -0.9899
vn 0.1308 -0.0542 -0.9899
vn 0.1389 -0.0276 -0.9899
vn 0.1416 -0.0000 -0.9899
vn 0.1388 0.0276 -0.9899
vn 0.1307 0.0542 -0.9899
vn 0.1176 0.0786 -0.9899
vn 0.1000 0.1000 -0.9899
vn 0.0783 0.1178 -0.9899
vn 0.0460 0.1346 -0.9898
vn 0.0252 0.1420 -0.9895
vn 0.0047 0.0707 -0.9975
vn -0.0121 0.0693 -0.9975
vn -0.0266 0.0641 -0.9976
vn -0.0386 0.0577 -0.9976
vn -0.0491 0.0491 -0.9976
vn -0.0577 0.0386 -0.9976
vn -0.0642 0.0266 -0.9976
vn -0.0681 0.0135 -0.9976
vn -0.0695 -0.0000 -0.9976
vn -0.0681 -0.0136 -0.9976
vn -0.0642 -0.0266 -0.9976
vn -0.0578 -0.0386 -0.9976
vn -0.0492 -0.0492 -0.9976
vn -0.0386 -0.0578 -0.9976
vn -0.0266 -0.0642 -0.9976
vn -0.0136 -0.0682 -0.9976
vn -0.0000 -0.0695 -0.9976
vn 0.0136 -0.0682 -0.9976
vn 0.0266 -0.0642 -0.9976
vn 0.0386 -0.0578 -0.9976
vn 0.0491 -0.0491 -0.9976
vn 0.0578 -0.0386 -0.9976
vn 0.0642 -0.0266 -0.9976
vn 0.0681 -0.0136 -0.9976
vn 0.0694 -0.0000 -0.9976
vn 0.0681 0.0135 -0.9976
vn 0.0641 0.0266 -0.9976
vn 0.0577 0.0386 -0.9976
vn 0.0491 0.0491 -0.9976
vn 0.0385 0.0579 -0.9976
vn 0.0229 0.0682 -0.9974
vn 0.0117 0.0659 -0.9978
vn -0.1573 0.7332 0.6616
vn 0.0128 0.7417 0.6706
vn 0.0811 0.7667 -0.6368
vn -0.1122 0.7546 -0.6465
vn -0.3044 0.6787 0.6683
vn -0.2836 0.7069 -0.6479
vn -0.4196 0.6138 0.6687
vn -0.4096 0.6405 -0.6496
vn -0.5278 0.5287 0.6648
vn -0.5261 0.5521 -0.6469
vn -0.6199 0.4178 0.6642
vn -0.6240 0.4314 -0.6515
vn -0.6875 0.2941 0.6640
vn -0.6986 0.2947 -0.6519
vn -0.7324 0.1529 0.6635
vn -0.7466 0.1385 -0.6507
vn -0.7431 0.0127 0.6690
vn -0.7570 -0.0165 -0.6532
vn -0.7338 -0.1215 0.6684
vn -0.7402 -0.1658 -0.6516
vn -0.6951 -0.2554 0.6720
vn -0.6924 -0.3157 -0.6488
vn -0.6317 -0.3818 0.6747
vn -0.6157 -0.4537 -0.6442
vn -0.5420 -0.4939 0.6800
vn -0.5141 -0.5733 -0.6381
vn -0.4322 -0.5878 0.6839
vn -0.3921 -0.6676 -0.6329
vn -0.3073 -0.6563 0.6891
vn -0.2561 -0.7344 -0.6285
vn -0.1701 -0.7022 0.6914
vn -0.1082 -0.7744 -0.6234
vn -0.0174 -0.7240 0.6895
vn 0.0649 -0.7811 -0.6210
vn 0.1146 -0.6966 0.7082
vn 0.2063 -0.7669 -0.6077
vn 0.2435 -0.6651 0.7059
vn 0.3167 -0.7338 -0.6010
vn 0.3801 -0.5996 0.7043
vn 0.4436 -0.6613 -0.6049
vn 0.4945 -0.5055 0.7070
vn 0.5595 -0.5649 -0.6065
vn 0.5871 -0.3942 0.7070
vn 0.6537 -0.4516 -0.6072
vn 0.6563 -0.2648 0.7065
vn 0.7253 -0.3207 -0.6092
vn 0.6986 -0.1242 0.7046
vn 0.7703 -0.1767 -0.6127
vn 0.7116 0.0240 0.7022
vn 0.7881 -0.0237 -0.6150
vn 0.6931 0.1685 0.7008
vn 0.7746 0.1257 -0.6198
vn 0.6511 0.3051 0.6950
vn 0.7318 0.2717 -0.6251
vn 0.5797 0.4348 0.6892
vn 0.6554 0.4175 -0.6295
vn 0.4816 0.5413 0.6892
vn 0.5563 0.5419 -0.6300
vn 0.3668 0.6289 0.6855
vn 0.4435 0.6405 -0.6270
vn 0.2042 0.7124 0.6714
vn 0.2790 0.7322 -0.6213
vn 0.0872 0.7109 0.6979
vn 0.1724 0.7352 -0.6556
vn 0.0674 0.1142 -0.9912
vn 0.0178 0.1078 -0.9940
vn -0.0258 0.0968 -0.9950
vn -0.0429 0.0879 -0.9952
vn -0.0545 0.0786 -0.9954
vn -0.0667 0.0627 -0.9958
vn -0.0792 0.0394 -0.9961
vn -0.0872 0.0128 -0.9961
vn -0.0898 -0.0135 -0.9959
vn -0.0862 -0.0436 -0.9953
vn -0.0759 -0.0773 -0.9941
vn -0.0591 -0.1081 -0.9924
vn -0.0394 -0.1325 -0.9904
vn -0.0181 -0.1495 -0.9886
vn 0.0060 -0.1622 -0.9867
vn 0.0357 -0.1704 -0.9847
vn 0.0911 -0.1730 -0.9807
vn 0.1206 -0.1738 -0.9774
vn 0.1090 -0.1771 -0.9781
vn 0.1180 -0.1702 -0.9783
vn 0.1397 -0.1522 -0.9784
vn 0.1570 -0.1309 -0.9789
vn 0.1700 -0.1063 -0.9797
vn 0.1785 -0.0775 -0.9809
vn 0.1818 -0.0465 -0.9822
vn 0.1792 -0.0181 -0.9836
vn 0.1688 0.0149 -0.9855
vn 0.1463 0.0568 -0.9876
vn 0.1211 0.0897 -0.9886
vn 0.1059 0.1036 -0.9890
vn 0.0926 0.1107 -0.9895
vn 0.0838 0.1133 -0.9900
vn 0.0592 0.0403 -0.9974
vn 0.0338 0.0372 -0.9987
vn 0.0119 0.0308 -0.9995
vn 0.0040 0.0264 -0.9996
vn -0.0017 0.0227 -0.9997
vn -0.0072 0.0150 -0.9999
vn -0.0134 0.0036 -0.9999
vn -0.0175 -0.0093 -0.9998
vn -0.0182 -0.0223 -0.9996
vn -0.0167 -0.0371 -0.9992
vn -0.0115 -0.0539 -0.9985
vn -0.0032 -0.0693 -0.9976
vn 0.0066 -0.0814 -0.9967
vn 0.0169 -0.0898 -0.9958
vn 0.0288 -0.0958 -0.9950
vn 0.0435 -0.1001 -0.9940
vn 0.0719 -0.1016 -0.9922
vn 0.0862 -0.1014 -0.9911
vn 0.0794 -0.1043 -0.9914
vn 0.0830 -0.1011 -0.9914
vn 0.0936 -0.0920 -0.9914
vn 0.1021 -0.0816 -0.9914
vn 0.1085 -0.0695 -0.9917
vn 0.1127 -0.0552 -0.9921
vn 0.1144 -0.0399 -0.9926
vn 0.1129 -0.0259 -0.9933
vn 0.1077 -0.0094 -0.9941
vn 0.0963 0.0120 -0.9953
vn 0.0835 0.0284 -0.9961
vn 0.0766 0.0354 -0.9964
vn 0.0713 0.0403 -0.9966
vn 0.0659 0.0354 -0.9972
vn 0.0532 0.7856 -0.6165
vn -0.1236 0.7770 -0.6173
vn -0.2814 0.7295 -0.6234
vn -0.4138 0.6610 -0.6260
vn -0.5304 0.5684 -0.6289
vn -0.8300 0.5577 0.0000
vn -0.6301 0.4444 -0.6367
vn -0.7105 0.3025 -0.6353
vn -0.7566 0.1557 -0.6351
vn -0.7719 0.0050 -0.6357
vn -0.7574 -0.1462 -0.6364
vn -0.7126 -0.2931 -0.6374
vn -0.6412 -0.4285 -0.6366
vn -0.5453 -0.5453 -0.6366
vn -0.4284 -0.6412 -0.6366
vn -0.2951 -0.7125 -0.6366
vn -0.1505 -0.7564 -0.6366
vn 0.0000 -0.7712 -0.6366
vn 0.1505 -0.7564 -0.6366
vn 0.2951 -0.7125 -0.6366
vn 0.4286 -0.6409 -0.6368
vn 0.5467 -0.5430 -0.6374
vn 0.6443 -0.4246 -0.6361
vn 0.7153 -0.2907 -0.6355
vn 0.7588 -0.1456 -0.6348
vn 0.7708 0.0125 -0.6369
vn 0.7541 0.1741 -0.6332
vn 0.7090 0.3214 -0.6277
vn 0.6367 0.4520 -0.6248
vn 0.5409 0.5652 -0.6229
vn 0.4249 0.6589 -0.6207
vn 0.2555 0.7510 -0.6089
vn 0.1366 0.7570 -0.6390
vn 0.0195 0.1704 -0.9852
vn -0.0084 0.1677 -0.9858
vn -0.0335 0.1603 -0.9865
vn -0.0543 0.1494 -0.9873
vn -0.0724 0.1347 -0.9882
vn -0.0969 0.1026 -0.9900
vn -0.1197 0.0629 -0.9908
vn -0.1288 0.0343 -0.9911
vn -0.1315 0.0083 -0.9913
vn -0.1289 -0.0183 -0.9915
vn -0.1202 -0.0463 -0.9917
vn -0.1071 -0.0716 -0.9917
vn -0.0911 -0.0911 -0.9917
vn -0.0716 -0.1071 -0.9917
vn -0.0493 -0.1191 -0.9917
vn -0.0251 -0.1264 -0.9917
vn -0.0000 -0.1289 -0.9917
vn 0.0251 -0.1264 -0.9917
vn 0.0493 -0.1190 -0.9917
vn 0.0720 -0.1068 -0.9917
vn 0.0943 -0.0881 -0.9916
vn 0.1130 -0.0657 -0.9914
vn 0.1252 -0.0426 -0.9912
vn 0.1327 -0.0176 -0.9910
vn 0.1352 0.0203 -0.9906
vn 0.1309 0.0653 -0.9892
vn 0.1223 0.0960 -0.9878
vn 0.1112 0.1165 -0.9869
vn 0.0963 0.1345 -0.9862
vn 0.0779 0.1494 -0.9857
vn 0.0506 0.1635 -0.9852
vn 0.0332 0.1696 -0.9850
vn 0.0126 0.0949 -0.9954
vn -0.0012 0.0938 -0.9956
vn -0.0134 0.0893 -0.9959
vn -0.0234 0.0840 -0.9962
vn -0.0321 0.0769 -0.9965
vn -0.0444 0.0606 -0.9972
vn -0.0560 0.0405 -0.9976
vn -0.0605 0.0264 -0.9978
vn -0.0618 0.0137 -0.9980
vn -0.0605 0.0008 -0.9982
vn -0.0562 -0.0131 -0.9983
vn -0.0498 -0.0255 -0.9984
vn -0.0421 -0.0350 -0.9985
vn -0.0326 -0.0428 -0.9986
vn -0.0217 -0.0486 -0.9986
vn -0.0100 -0.0521 -0.9986
vn 0.0022 -0.0533 -0.9986
vn 0.0145 -0.0521 -0.9985
vn 0.0262 -0.0485 -0.9985
vn 0.0372 -0.0426 -0.9984
vn 0.0482 -0.0333 -0.9983
vn 0.0574 -0.0223 -0.9981
vn 0.0634 -0.0111 -0.9979
vn 0.0671 0.0011 -0.9977
vn 0.0682 0.0201 -0.9975
vn 0.0661 0.0429 -0.9969
vn 0.0619 0.0582 -0.9964
vn 0.0566 0.0681 -0.9961
vn 0.0493 0.0768 -0.9958
vn 0.0405 0.0841 -0.9956
vn 0.0277 0.0932 -0.9953
vn 0.0181 0.0898 -0.9958
vn 0.0435 0.7681 -0.6389
vn -0.1399 0.7581 -0.6370
vn -0.3026 0.7060 -0.6403
vn -0.4300 0.6365 -0.6403
vn -0.5491 0.5426 -0.6357
vn -0.8295 0.5586 0.0000
vn -0.6483 0.4196 -0.6354
vn -0.7205 0.2836 -0.6327
vn -0.7664 0.1286 -0.6293
vn -0.7757 -0.0241 -0.6306
vn -0.7557 -0.1711 -0.6322
vn -0.7136 -0.3218 -0.6223
vn -0.6400 -0.4550 -0.6192
vn -0.5448 -0.5679 -0.6170
vn -0.4294 -0.6611 -0.6153
vn -0.3001 -0.7287 -0.6156
vn -0.1605 -0.7721 -0.6149
vn -0.0090 -0.7879 -0.6157
vn 0.1273 -0.7721 -0.6226
vn 0.2687 -0.7368 -0.6204
vn 0.4149 -0.6554 -0.6311
vn 0.5397 -0.5590 -0.6295
vn 0.6363 -0.4438 -0.6310
vn 0.9232 -0.3844 0.0000
vn 0.7089 -0.3107 -0.6332
vn 0.7547 -0.1652 -0.6349
vn 0.7712 -0.0102 -0.6365
vn 0.7557 0.1411 -0.6395
vn 0.7130 0.2866 -0.6399
vn 0.6398 0.4235 -0.6413
vn 0.5434 0.5397 -0.6429
vn 0.5502 0.8350 0.0000
vn 0.4242 0.6390 -0.6417
vn 0.2485 0.7332 -0.6330
vn 0.1284 0.7398 -0.6605
vn -0.0007 0.1165 -0.9932
vn -0.0334 0.1131 -0.9930
vn -0.0626 0.1043 -0.9926
vn -0.0854 0.0921 -0.9921
vn -0.1061 0.0748 -0.9915
vn -0.1239 0.0530 -0.9909
vn -0.1368 0.0288 -0.9902
vn -0.1451 0.0012 -0.9894
vn -0.1479 -0.0260 -0.9887
vn -0.1425 -0.0657 -0.9876
vn -0.1317 -0.1056 -0.9856
vn -0.1202 -0.1273 -0.9846
vn -0.1060 -0.1443 -0.9838
vn -0.0885 -0.1585 -0.9834
vn -0.0689 -0.1690 -0.9832
vn -0.0482 -0.1753 -0.9833
vn -0.0262 -0.1775 -0.9838
vn -0.0059 -0.1757 -0.9844
vn 0.0170 -0.1687 -0.9855
vn 0.0546 -0.1470 -0.9876
vn 0.0878 -0.1216 -0.9887
vn 0.1047 -0.1009 -0.9894
vn 0.1174 -0.0771 -0.9901
vn 0.1252 -0.0510 -0.9908
vn 0.1278 -0.0234 -0.9915
vn 0.1252 0.0035 -0.9921
vn 0.1175 0.0294 -0.9926
vn 0.1046 0.0538 -0.9931
vn 0.0876 0.0747 -0.9933
vn 0.0663 0.0923 -0.9935
vn 0.0345 0.1088 -0.9935
vn 0.0148 0.1158 -0.9932
vn -0.0103 -0.1016 -0.9948
vn 0.0009 -0.0993 -0.9951
vn 0.0197 -0.0878 -0.9959
vn 0.0364 -0.0750 -0.9965
vn 0.0448 -0.0650 -0.9969
vn 0.0510 -0.0533 -0.9973
vn 0.0549 -0.0406 -0.9977
vn 0.0562 -0.0270 -0.9981
vn 0.0547 -0.0138 -0.9984
vn 0.0511 -0.0012 -0.9987
vn 0.0447 0.0108 -0.9989
vn 0.0363 0.0209 -0.9991
vn 0.0261 0.0298 -0.9992
vn 0.0108 0.0398 -0.9992
vn 0.0001 0.0372 -0.9993
vn -0.0065 0.0420 -0.9991
vn -0.0228 0.0407 -0.9989
vn -0.0370 0.0354 -0.9987
vn -0.0480 0.0292 -0.9984
vn -0.0585 0.0213 -0.9981
vn -0.0670 0.0104 -0.9977
vn -0.0735 -0.0014 -0.9973
vn -0.0778 -0.0149 -0.9969
vn -0.0785 -0.0283 -0.9965
vn -0.0758 -0.0483 -0.9960
vn -0.0708 -0.0686 -0.9951
vn -0.0651 -0.0791 -0.9947
vn -0.0583 -0.0873 -0.9945
vn -0.0499 -0.0942 -0.9943
vn -0.0405 -0.0990 -0.9943
vn -0.0306 -0.1023 -0.9943
vn -0.0201 -0.1034 -0.9944
vn 0.0596 0.7855 -0.6160
vn -0.1160 0.7780 -0.6174
vn -0.2721 0.7317 -0.6250
vn -0.4044 0.6636 -0.6294
vn -0.5301 0.5587 -0.6379
vn -0.6388 0.4354 -0.6343
vn -0.7110 0.3019 -0.6351
vn -0.7553 0.1548 -0.6369
vn -0.7712 0.0011 -0.6366
vn -0.7567 -0.1505 -0.6362
vn -0.7128 -0.2953 -0.6361
vn -0.6415 -0.4287 -0.6361
vn -0.5456 -0.5456 -0.6361
vn -0.4287 -0.6416 -0.6361
vn -0.2953 -0.7129 -0.6361
vn -0.1505 -0.7568 -0.6361
vn 0.0000 -0.7716 -0.6361
vn 0.1505 -0.7568 -0.6361
vn 0.2953 -0.7128 -0.6361
vn 0.4287 -0.6415 -0.6362
vn 0.5456 -0.5456 -0.6362
vn 0.6424 -0.4254 -0.6375
vn 0.9242 -0.3820 0.0000
vn 0.7158 -0.2893 -0.6355
vn 0.7593 -0.1442 -0.6346
vn 0.7714 0.0142 -0.6362
vn 0.7530 0.1782 -0.6334
vn 0.7080 0.3264 -0.6263
vn 0.6363 0.4552 -0.6229
vn 0.5412 0.5670 -0.6210
vn 0.4268 0.6594 -0.6189
vn 0.2594 0.7508 -0.6075
vn 0.1426 0.7563 -0.6385
vn 0.0295 0.1702 -0.9850
vn 0.0043 0.1678 -0.9858
vn -0.0181 0.1613 -0.9867
vn -0.0395 0.1496 -0.9880
vn -0.0749 0.1185 -0.9901
vn -0.1060 0.0841 -0.9908
vn -0.1183 0.0612 -0.9911
vn -0.1267 0.0328 -0.9914
vn -0.1300 0.0018 -0.9915
vn -0.1276 -0.0254 -0.9915
vn -0.1202 -0.0498 -0.9915
vn -0.1082 -0.0723 -0.9915
vn -0.0921 -0.0921 -0.9915
vn -0.0724 -0.1083 -0.9915
vn -0.0498 -0.1203 -0.9915
vn -0.0254 -0.1277 -0.9915
vn -0.0000 -0.1302 -0.9915
vn 0.0254 -0.1277 -0.9915
vn 0.0498 -0.1203 -0.9915
vn 0.0723 -0.1082 -0.9915
vn 0.0920 -0.0920 -0.9915
vn 0.1111 -0.0678 -0.9915
vn 0.1262 -0.0404 -0.9912
vn 0.1337 -0.0153 -0.9909
vn 0.1361 0.0221 -0.9904
vn 0.1311 0.0702 -0.9889
vn 0.1222 0.1033 -0.9871
vn 0.1122 0.1217 -0.9862
vn 0.0988 0.1378 -0.9855
vn 0.0825 0.1511 -0.9851
vn 0.0579 0.1639 -0.9848
vn 0.0419 0.1694 -0.9847
vn -0.0588 -0.0037 -0.9983
vn -0.0553 -0.0156 -0.9984
vn -0.0494 -0.0265 -0.9984
vn -0.0416 -0.0361 -0.9985
vn -0.0320 -0.0440 -0.9985
vn -0.0210 -0.0499 -0.9985
vn -0.0091 -0.0535 -0.9985
vn 0.0032 -0.0547 -0.9985
vn 0.0156 -0.0535 -0.9984
vn 0.0275 -0.0499 -0.9984
vn 0.0384 -0.0440 -0.9983
vn 0.0480 -0.0361 -0.9982
vn 0.0574 -0.0241 -0.9981
vn 0.0649 -0.0105 -0.9978
vn 0.0686 0.0017 -0.9976
vn 0.0698 0.0204 -0.9974
vn 0.0672 0.0449 -0.9967
vn 0.0628 0.0614 -0.9961
vn 0.0581 0.0703 -0.9958
vn 0.0517 0.0779 -0.9956
vn 0.0440 0.0844 -0.9955
vn 0.0327 0.0928 -0.9951
vn 0.0235 0.0890 -0.9958
vn 0.0189 0.0941 -0.9954
vn 0.0066 0.0932 -0.9956
vn -0.0041 0.0891 -0.9960
vn -0.0145 0.0834 -0.9964
vn -0.0325 0.0676 -0.9972
vn -0.0482 0.0501 -0.9976
vn -0.0543 0.0390 -0.9978
vn -0.0583 0.0250 -0.9980
vn -0.0600 0.0096 -0.9982
vn 0.0371 0.7648 -0.6432
vn -0.1454 0.7544 -0.6401
vn -0.3052 0.7023 -0.6432
vn -0.4337 0.6329 -0.6414
vn -0.5541 0.5364 -0.6366
vn -0.8293 0.5588 0.0000
vn -0.6518 0.4145 -0.6351
vn -0.7237 0.2786 -0.6313
vn -0.7632 0.1238 -0.6342
vn -0.7814 -0.0383 -0.6228
vn -0.7615 -0.1869 -0.6207
vn -0.7194 -0.3260 -0.6133
vn -0.6344 -0.4843 -0.6025
vn -0.5264 -0.5880 -0.6141
vn -0.4343 -0.6651 -0.6075
vn -0.3085 -0.7322 -0.6072
vn -0.1957 -0.7643 -0.6144
vn -0.0470 -0.7968 -0.6024
vn 0.1120 -0.7781 -0.6180
vn 0.2516 -0.7459 -0.6167
vn 0.4086 -0.6614 -0.6290
vn 0.5320 -0.5595 -0.6356
vn 0.8288 -0.5595 0.0000
vn 0.6287 -0.4509 -0.6336
vn 0.7032 -0.3143 -0.6377
vn 0.9807 -0.1954 0.0000
vn 0.7497 -0.1691 -0.6398
vn 0.7670 -0.0109 -0.6415
vn 0.7500 0.1393 -0.6465
vn 0.7088 0.2816 -0.6468
vn 0.6352 0.4205 -0.6479
vn 0.5376 0.5381 -0.6492
vn 0.4183 0.6370 -0.6475
vn 0.3212 0.9470 0.0000
vn 0.2429 0.7307 -0.6381
vn 0.1214 0.7369 -0.6650
vn -0.0496 -0.1909 -0.9804
vn -0.0271 -0.1893 -0.9816
vn -0.0082 -0.1838 -0.9829
vn 0.0307 -0.1612 -0.9864
vn 0.0695 -0.1318 -0.9888
vn 0.0888 -0.1083 -0.9901
vn 0.1024 -0.0829 -0.9913
vn 0.1101 -0.0574 -0.9923
vn 0.1126 -0.0305 -0.9932
vn 0.1102 -0.0048 -0.9939
vn 0.1026 0.0201 -0.9945
vn 0.0892 0.0454 -0.9950
vn 0.0725 0.0663 -0.9952
vn 0.0524 0.0828 -0.9952
vn 0.0225 0.0984 -0.9949
vn 0.0036 0.1049 -0.9945
vn -0.0113 0.1057 -0.9943
vn -0.0422 0.1025 -0.9938
vn -0.0693 0.0943 -0.9931
vn -0.0919 0.0820 -0.9924
vn -0.1132 0.0644 -0.9915
vn -0.1303 0.0436 -0.9905
vn -0.1427 0.0203 -0.9896
vn -0.1536 -0.0206 -0.9879
vn -0.1592 -0.0667 -0.9850
vn -0.1565 -0.0953 -0.9831
vn -0.1486 -0.1195 -0.9816
vn -0.1350 -0.1447 -0.9802
vn -0.1217 -0.1609 -0.9794
vn -0.1065 -0.1729 -0.9792
vn -0.0867 -0.1838 -0.9791
vn -0.0706 -0.1889 -0.9795
vn -0.0190 0.0300 -0.9994
vn -0.0344 0.0288 -0.9990
vn -0.0475 0.0237 -0.9986
vn -0.0585 0.0177 -0.9981
vn -0.0691 0.0095 -0.9976
vn -0.0773 -0.0009 -0.9970
vn -0.0836 -0.0122 -0.9964
vn -0.0887 -0.0329 -0.9955
vn -0.0921 -0.0563 -0.9942
vn -0.0902 -0.0702 -0.9934
vn -0.0870 -0.0823 -0.9928
vn -0.0811 -0.0956 -0.9921
vn -0.0729 -0.1012 -0.9922
vn -0.0664 -0.1080 -0.9919
vn -0.0568 -0.1132 -0.9919
vn -0.0489 -0.1144 -0.9922
vn -0.0396 -0.1183 -0.9922
vn -0.0285 -0.1151 -0.9929
vn -0.0195 -0.1137 -0.9933
vn 0.0004 -0.1020 -0.9948
vn 0.0193 -0.0863 -0.9961
vn 0.0295 -0.0752 -0.9967
vn 0.0360 -0.0626 -0.9974
vn 0.0399 -0.0502 -0.9979
vn 0.0413 -0.0370 -0.9985
vn 0.0395 -0.0246 -0.9989
vn 0.0362 -0.0123 -0.9993
vn 0.0296 0.0001 -0.9996
vn 0.0213 0.0102 -0.9997
vn 0.0117 0.0185 -0.9998
vn -0.0025 0.0280 -0.9996
vn -0.0129 0.0251 -0.9996
usemtl Screws
s 1
f 124/1/1 348/2/2 347/3/3 123/4/4
f 125/5/5 349/6/6 348/2/2 124/1/1
f 126/7/7 350/8/8 349/6/6 125/5/5
f 127/9/9 351/10/10 350/8/8 126/7/7
f 128/11/11 352/12/12 351/10/10 127/9/9
f 97/13/13 321/14/14 352/12/12 128/11/11
f 98/15/15 322/16/16 321/14/14 97/13/13
f 99/17/17 323/18/18 322/19/16 98/20/15
f 100/21/19 324/22/20 323/18/18 99/17/17
f 101/23/21 325/24/22 324/22/20 100/21/19
f 102/25/23 326/26/24 325/24/22 101/23/21
f 103/27/25 327/28/26 326/26/24 102/25/23
f 104/29/27 328/30/28 327/28/26 103/27/25
f 105/31/29 329/32/30 328/30/28 104/29/27
f 106/33/31 330/34/32 329/32/30 105/31/29
f 107/35/33 331/36/34 330/37/32 106/38/31
f 108/39/35 332/40/36 331/36/34 107/35/33
f 109/41/37 333/42/38 332/40/36 108/39/35
f 110/43/39 334/44/40 333/42/38 109/41/37
f 111/45/41 335/46/42 334/44/40 110/43/39
f 112/47/43 336/48/44 335/46/42 111/45/41
f 113/49/45 337/50/46 336/48/44 112/47/43
f 114/51/47 338/52/48 337/50/46 113/49/45
f 115/53/49 339/54/50 338/52/48 114/51/47
f 116/55/51 340/56/52 339/57/50 115/58/49
f 117/59/53 341/60/54 340/56/52 116/55/51
f 118/61/55 342/62/56 341/60/54 117/59/53
f 119/63/57 343/64/58 342/62/56 118/61/55
f 120/65/59 344/66/60 343/64/58 119/63/57
f 121/67/61 345/68/62 344/66/60 120/65/59
f 122/69/63 346/70/64 345/68/62 121/67/61
f 123/4/4 347/3/3 346/71/64 122/72/63
f 330/73/32 554/74/65 553/75/66 329/76/30
f 331/77/34 555/78/67 554/74/65 330/73/32
f 332/79/36 556/80/68 555/78/67 331/77/34
f 333/81/38 557/82/69 556/80/68 332/79/36
f 334/83/40 558/84/70 557/82/69 333/81/38
f 335/85/42 559/86/71 558/84/70 334/83/40
f 336/87/44 560/88/72 559/86/71 335/85/42
f 337/89/46 561/90/73 560/88/72 336/87/44
f 338/91/48 562/92/74 561/90/73 337/89/46
f 339/93/50 563/94/75 562/92/74 338/91/48
f 340/95/52 564/96/76 563/94/75 339/93/50
f 341/97/54 565/98/77 564/96/76 340/95/52
f 342/99/56 566/100/78 565/98/77 341/97/54
f 343/101/58 567/102/79 566/100/78 342/99/56
f 344/103/60 568/104/80 567/102/79 343/101/58
f 345/105/62 569/106/81 568/104/80 344/103/60
f 346/107/64 570/108/82 569/106/81 345/105/62
f 347/109/3 571/110/83 570/108/82 346/107/64
f 348/111/2 572/112/84 571/110/83 347/109/3
f 349/113/6 573/114/85 572/112/84 348/111/2
f 350/115/8 574/116/86 573/114/85 349/113/6
f 351/117/10 575/118/87 574/116/86 350/115/8
f 352/119/12 576/120/88 575/118/87 351/117/10
f 321/121/14 545/122/89 576/120/88 352/119/12
f 322/123/16 546/124/90 545/122/89 321/121/14
f 323/125/18 547/126/91 546/124/90 322/123/16
f 324/127/20 548/128/92 547/126/91 323/125/18
f 325/129/22 549/130/93 548/128/92 324/127/20
f 326/131/24 550/132/94 549/130/93 325/129/22
f 327/133/26 551/134/95 550/132/94 326/131/24
f 328/135/28 552/136/96 551/134/95 327/133/26
f 329/76/30 553/75/66 552/136/96 328/135/28
f 546/124/90 770/137/97 769/138/98 545/122/89
f 547/126/91 771/139/99 770/137/97 546/124/90
f 548/128/92 772/140/100 771/139/99 547/126/91
f 549/130/93 773/141/101 772/140/100 548/128/92
f 550/132/94 774/142/102 773/141/101 549/130/93
f 551/134/95 775/143/103 774/142/102 550/132/94
f 552/136/96 776/144/104 775/143/103 551/134/95
f 553/75/66 777/145/105 776/144/104 552/136/96
f 554/74/65 778/146/106 777/145/105 553/75/66
f 555/78/67 779/147/107 778/146/106 554/74/65
f 556/80/68 780/148/108 779/147/107 555/78/67
f 557/82/69 781/149/109 780/148/108 556/80/68
f 558/84/70 782/150/110 781/149/109 557/82/69
f 559/86/71 783/151/111 782/150/110 558/84/70
f 560/88/72 784/152/112 783/151/111 559/86/71
f 561/90/73 785/153/113 784/152/112 560/88/72
f 562/92/74 786/154/114 785/153/113 561/90/73
f 563/94/75 787/155/115 786/154/114 562/92/74
f 564/96/76 788/156/116 787/155/115 563/94/75
f 565/98/77 789/157/117 788/156/116 564/96/76
f 566/100/78 790/158/118 789/157/117 565/98/77
f 567/102/79 791/159/119 790/158/118 566/100/78
f 568/104/80 792/160/120 791/159/119 567/102/79
f 569/106/81 793/161/121 792/160/120 568/104/80
f 570/108/82 794/162/122 793/161/121 569/106/81
f 571/110/83 795/163/123 794/162/122 570/108/82
f 572/112/84 796/164/124 795/163/123 571/110/83
f 573/114/85 797/165/125 796/164/124 572/112/84
f 574/116/86 798/166/126 797/165/125 573/114/85
f 575/118/87 799/167/127 798/166/126 574/116/86
f 576/120/88 800/168/128 799/167/127 575/118/87
f 545/122/89 769/138/98 800/168/128 576/120/88
f 770/137/97 771/139/99 772/140/100 773/141/101 774/142/102 775/143/103 776/144/104 777/145/105 778/146/106 779/147/107 780/148/108 781/149/109 782/150/110 783/151/111 784/152/112 785/153/113 786/154/114 787/155/115 788/156/116 789/157/117 790/158/118 791/159/119 792/160/120 793/161/121 794/162/122 795/163/123 796/164/124 797/165/125 798/166/126 799/167/127 800/168/128 769/138/98
s 2
f 20/169/129 244/170/130 243/171/131 19/172/132
f 21/173/133 245/174/134 244/170/130 20/169/129
f 22/175/135 246/176/136 245/174/134 21/173/133
f 23/177/137 247/178/138 246/176/136 22/175/135
f 24/179/139 248/180/140 247/178/138 23/177/137
f 25/181/141 249/182/142 248/180/140 24/179/139
f 26/183/143 250/184/144 249/182/142 25/181/141
f 27/185/145 251/186/146 250/187/144 26/188/143
f 28/189/147 252/190/148 251/186/146 27/185/145
f 29/191/149 253/192/150 252/190/148 28/189/147
f 30/193/151 254/194/152 253/192/150 29/191/149
f 31/195/153 255/196/154 254/194/152 30/193/151
f 32/197/155 256/198/156 255/196/154 31/195/153
f 1/199/157 225/200/158 256/198/156 32/197/155
f 2/201/159 226/202/160 225/200/158 1/199/157
f 3/203/161 227/204/162 226/205/160 2/206/159
f 4/207/163 228/208/164 227/204/162 3/203/161
f 5/209/165 229/210/166 228/208/164 4/207/163
f 6/211/167 230/212/168 229/210/166 5/209/165
f 7/213/169 231/214/170 230/212/168 6/211/167
f 8/215/171 232/216/172 231/214/170 7/213/169
f 9/217/173 233/218/174 232/216/172 8/215/171
f 10/219/175 234/220/176 233/218/174 9/217/173
f 11/221/177 235/222/178 234/223/176 10/224/175
f 12/225/179 236/226/180 235/222/178 11/221/177
f 13/227/181 237/228/182 236/226/180 12/225/179
f 14/229/183 238/230/184 237/228/182 13/227/181
f 15/231/185 239/232/186 238/230/184 14/229/183
f 16/233/187 240/234/188 239/232/186 15/231/185
f 17/235/189 241/236/190 240/234/188 16/233/187
f 18/237/191 242/238/192 241/236/190 17/235/189
f 19/239/132 243/240/131 242/238/192 18/237/191
f 226/241/160 450/242/193 449/243/194 225/244/158
f 227/245/162 451/246/195 450/242/193 226/241/160
f 228/247/164 452/248/196 451/246/195 227/245/162
f 229/249/166 453/250/197 452/248/196 228/247/164
f 230/251/168 454/252/198 453/250/197 229/249/166
f 231/253/170 455/254/199 454/252/198 230/251/168
f 232/255/172 456/256/200 455/254/199 231/253/170
f 233/257/174 457/258/201 456/256/200 232/255/172
f 234/259/176 458/260/202 457/258/201 233/257/174
f 235/261/178 459/262/203 458/260/202 234/259/176
f 236/263/180 460/264/204 459/262/203 235/261/178
f 237/265/182 461/266/205 460/264/204 236/263/180
f 238/267/184 462/268/206 461/266/205 237/265/182
f 239/269/186 463/270/207 462/268/206 238/267/184
f 240/271/188 464/272/208 463/270/207 239/269/186
f 241/273/190 465/274/209 464/272/208 240/271/188
f 242/275/192 466/276/210 465/274/209 241/273/190
f 243/277/131 467/278/211 466/276/210 242/275/192
f 244/279/130 468/280/212 467/278/211 243/277/131
f 245/281/134 469/282/213 468/280/212 244/279/130
f 246/283/136 470/284/214 469/282/213 245/281/134
f 247/285/138 471/286/215 470/284/214 246/283/136
f 248/287/140 472/288/216 471/286/215 247/285/138
f 249/289/142 473/290/217 472/288/216 248/287/140
f 250/291/144 474/292/218 473/290/217 249/289/142
f 251/293/146 475/294/219 474/292/218 250/291/144
f 252/295/148 476/296/220 475/294/219 251/293/146
f 253/297/150 477/298/221 476/296/220 252/295/148
f 254/299/152 478/300/222 477/298/221 253/297/150
f 255/301/154 479/302/223 478/300/222 254/299/152
f 256/303/156 480/304/224 479/302/223 255/301/154
f 225/244/158 449/243/194 480/304/224 256/303/156
f 450/242/193 674/305/225 673/306/226 449/243/194
f 451/246/195 675/307/227 674/305/225 450/242/193
f 452/248/196 676/308/228 675/307/227 451/246/195
f 453/250/197 677/309/229 676/308/228 452/248/196
f 454/252/198 678/310/230 677/309/229 453/250/197
f 455/254/199 679/311/231 678/310/230 454/252/198
f 456/256/200 680/312/232 679/311/231 455/254/199
f 457/258/201 681/313/233 680/312/232 456/256/200
f 458/260/202 682/314/234 681/313/233 457/258/201
f 459/262/203 683/315/235 682/314/234 458/260/202
f 460/264/204 684/316/236 683/315/235 459/262/203
f 461/266/205 685/317/237 684/316/236 460/264/204
f 462/268/206 686/318/238 685/317/237 461/266/205
f 463/270/207 687/319/239 686/318/238 462/268/206
f 464/272/208 688/320/240 687/319/239 463/270/207
f 465/274/209 689/321/241 688/320/240 464/272/208
f 466/276/210 690/322/242 689/321/241 465/274/209
f 467/278/211 691/323/243 690/322/242 466/276/210
f 468/280/212 692/324/244 691/323/243 467/278/211
f 469/282/213 693/325/245 692/324/244 468/280/212
f 470/284/214 694/326/246 693/325/245 469/282/213
f 471/286/215 695/327/247 694/326/246 470/284/214
f 472/288/216 696/328/248 695/327/247 471/286/215
f 473/290/217 697/329/249 696/328/248 472/288/216
f 474/292/218 698/330/250 697/329/249 473/290/217
f 475/294/219 699/331/251 698/330/250 474/292/218
f 476/296/220 700/332/252 699/331/251 475/294/219
f 477/298/221 701/333/253 700/332/252 476/296/220
f 478/300/222 702/334/254 701/333/253 477/298/221
f 479/302/223 703/335/255 702/334/254 478/300/222
f 480/304/224 704/336/256 703/335/255 479/302/223
f 449/243/194 673/306/226 704/336/256 480/304/224
f 674/305/225 675/307/227 676/308/228 677/309/229 678/310/230 679/311/231 680/312/232 681/313/233 682/314/234 683/315/235 684/316/236 685/317/237 686/318/238 687/319/239 688/320/240 689/321/241 690/322/242 691/323/243 692/324/244 693/325/245 694/326/246 695/327/247 696/328/248 697/329/249 698/330/250 699/331/251 700/332/252 701/333/253 702/334/254 703/335/255 704/336/256 673/306/226
s 3
f 130/337/257 354/338/258 353/339/259 129/340/260
f 131/341/261 355/342/262 354/343/258 130/344/257
f 132/345/263 356/346/264 355/342/262 131/341/261
f 133/347/265 357/348/266 356/346/264 132/345/263
f 134/349/267 358/350/268 357/348/266 133/347/265
f 135/351/269 359/352/270 358/350/268 134/349/267
f 136/353/271 360/354/272 359/352/270 135/351/269
f 137/355/273 361/356/274 360/354/272 136/353/271
f 138/357/275 362/358/276 361/356/274 137/355/273
f 139/359/277 363/360/278 362/361/276 138/362/275
f 140/363/279 364/364/280 363/360/278 139/359/277
f 141/365/281 365/366/282 364/364/280 140/363/279
f 142/367/283 366/368/284 365/366/282 141/365/281
f 143/369/285 367/370/286 366/368/284 142/367/283
f 144/371/287 368/372/288 367/370/286 143/369/285
f 145/373/289 369/374/290 368/372/288 144/371/287
f 146/375/291 370/376/292 369/374/290 145/373/289
f 147/377/293 371/378/294 370/376/292 146/375/291
f 148/379/295 372/380/296 371/381/294 147/382/293
f 149/383/297 373/384/298 372/380/296 148/379/295
f 150/385/299 374/386/300 373/384/298 149/383/297
f 151/387/301 375/388/302 374/386/300 150/385/299
f 152/389/303 376/390/304 375/388/302 151/387/301
f 153/391/305 377/392/306 376/390/304 152/389/303
f 154/393/307 378/394/308 377/392/306 153/391/305
f 155/395/309 379/396/310 378/397/308 154/398/307
f 156/399/311 380/400/312 379/396/310 155/395/309
f 157/401/313 381/402/314 380/400/312 156/399/311
f 158/403/315 382/404/316 381/402/314 157/401/313
f 159/405/317 383/406/318 382/404/316 158/403/315
f 160/407/319 384/408/320 383/406/318 159/405/317
f 129/340/260 353/339/259 384/408/320 160/407/319
f 354/409/258 578/410/321 577/411/322 353/412/259
f 355/413/262 579/414/323 578/410/321 354/409/258
f 356/415/264 580/416/324 579/414/323 355/413/262
f 357/417/266 581/418/325 580/416/324 356/415/264
f 358/419/268 582/420/326 581/418/325 357/417/266
f 359/421/270 583/422/327 582/420/326 358/419/268
f 360/423/272 584/424/328 583/422/327 359/421/270
f 361/425/274 585/426/329 584/424/328 360/423/272
f 362/427/276 586/428/330 585/426/329 361/425/274
f 363/429/278 587/430/331 586/428/330 362/427/276
f 364/431/280 588/432/332 587/430/331 363/429/278
f 365/433/282 589/434/333 588/432/332 364/431/280
f 366/435/284 590/436/334 589/434/333 365/433/282
f 367/437/286 591/438/335 590/436/334 366/435/284
f 368/439/288 592/440/336 591/438/335 367/437/286
f 369/441/290 593/442/337 592/440/336 368/439/288
f 370/443/292 594/444/338 593/442/337 369/441/290
f 371/445/294 595/446/339 594/444/338 370/443/292
f 372/447/296 596/448/340 595/446/339 371/445/294
f 373/449/298 597/450/341 596/448/340 372/447/296
f 374/451/300 598/452/342 597/450/341 373/449/298
f 375/453/302 599/454/343 598/452/342 374/451/300
f 376/455/304 600/456/344 599/454/343 375/453/302
f 377/457/306 601/458/345 600/456/344 376/455/304
f 378/459/308 602/460/346 601/458/345 377/457/306
f 379/461/310 603/462/347 602/460/346 378/459/308
f 380/463/312 604/464/348 603/462/347 379/461/310
f 381/465/314 605/466/349 604/464/348 380/463/312
f 382/467/316 606/468/350 605/466/349 381/465/314
f 383/469/318 607/470/351 606/468/350 382/467/316
f 384/471/320 608/472/352 607/470/351 383/469/318
f 353/412/259 577/411/322 608/472/352 384/471/320
f 578/410/321 802/473/353 801/474/354 577/411/322
f 579/414/323 803/475/355 802/473/353 578/410/321
f 580/416/324 804/476/356 803/475/355 579/414/323
f 581/418/325 805/477/357 804/476/356 580/416/324
f 582/420/326 806/478/358 805/477/357 581/418/325
f 583/422/327 807/479/359 806/478/358 582/420/326
f 584/424/328 808/480/360 807/479/359 583/422/327
f 585/426/329 809/481/361 808/480/360 584/424/328
f 586/428/330 810/482/362 809/481/361 585/426/329
f 587/430/331 811/483/363 810/482/362 586/428/330
f 588/432/332 812/484/364 811/483/363 587/430/331
f 589/434/333 813/485/365 812/484/364 588/432/332
f 590/436/334 814/486/366 813/485/365 589/434/333
f 591/438/335 815/487/367 814/486/366 590/436/334
f 592/440/336 816/488/368 815/487/367 591/438/335
f 593/442/337 817/489/369 816/488/368 592/440/336
f 594/444/338 818/490/370 817/489/369 593/442/337
f 595/446/339 819/491/371 818/490/370 594/444/338
f 596/448/340 820/492/372 819/491/371 595/446/339
f 597/450/341 821/493/373 820/492/372 596/448/340
f 598/452/342 822/494/374 821/493/373 597/450/341
f 599/454/343 823/495/375 822/494/374 598/452/342
f 600/456/344 824/496/376 823/495/375 599/454/343
f 601/458/345 825/497/377 824/496/376 600/456/344
f 602/460/346 826/498/378 825/497/377 601/458/345
f 603/462/347 827/499/379 826/498/378 602/460/346
f 604/464/348 828/500/380 827/499/379 603/462/347
f 605/466/349 829/501/381 828/500/380 604/464/348
f 606/468/350 830/502/382 829/501/381 605/466/349
f 607/470/351 831/503/383 830/502/382 606/468/350
f 608/472/352 832/504/384 831/503/383 607/470/351
f 577/411/322 801/474/354 832/504/384 608/472/352
f 802/473/353 803/475/355 804/476/356 805/477/357 806/478/358 807/479/359 808/480/360 809/481/361 810/482/362 811/483/363 812/484/364 813/485/365 814/486/366 815/487/367 816/488/368 817/489/369 818/490/370 819/491/371 820/492/372 821/493/373 822/494/374 823/495/375 824/496/376 825/497/377 826/498/378 827/499/379 828/500/380 829/501/381 830/502/382 831/503/383 832/504/384 801/474/354
f 130/505/257 129/506/260 160/507/319 159/508/317 158/509/315 157/510/313 156/511/311 155/512/309 154/513/307 153/514/305 152/515/303 151/516/301 150/517/299 149/518/297 148/519/295 147/520/293 146/521/291 145/522/289 144/523/287 143/524/285 142/525/283 141/526/281 140/527/279 139/528/277 138/529/275 137/530/273 136/531/271 135/532/269 134/533/267 133/534/265 132/535/263 131/536/261
s 4
f 34/537/385 258/538/386 257/539/387 33/540/388
f 35/541/389 259/542/390 258/543/386 34/544/385
f 36/545/391 260/546/392 259/542/390 35/541/389
f 37/547/393 261/548/394 260/546/392 36/545/391
f 38/549/395 262/550/396 261/548/394 37/547/393
f 39/551/397 263/552/398 262/550/396 38/549/395
f 40/553/399 264/554/400 263/552/398 39/551/397
f 41/555/401 265/556/402 264/554/400 40/553/399
f 42/557/403 266/558/404 265/556/402 41/555/401
f 43/559/405 267/560/406 266/561/404 42/562/403
f 44/563/407 268/564/408 267/560/406 43/559/405
f 45/565/181 269/566/409 268/564/408 44/563/407
f 46/567/183 270/568/410 269/566/409 45/565/181
f 47/569/185 271/570/411 270/568/410 46/567/183
f 48/571/187 272/572/412 271/570/411 47/569/185
f 49/573/189 273/574/413 272/572/412 48/571/187
f 50/575/191 274/576/414 273/574/413 49/573/189
f 51/577/132 275/578/415 274/576/414 50/575/191
f 52/579/129 276/580/416 275/581/415 51/582/132
f 53/583/417 277/584/418 276/580/416 52/579/129
f 54/585/419 278/586/420 277/584/418 53/583/417
f 55/587/421 279/588/422 278/586/420 54/585/419
f 56/589/423 280/590/424 279/588/422 55/587/421
f 57/591/425 281/592/426 280/590/424 56/589/423
f 58/593/427 282/594/428 281/592/426 57/591/425
f 59/595/429 283/596/430 282/597/428 58/598/427
f 60/599/431 284/600/432 283/596/430 59/595/429
f 61/601/433 285/602/434 284/600/432 60/599/431
f 62/603/435 286/604/436 285/602/434 61/601/433
f 63/605/437 287/606/438 286/604/436 62/603/435
f 64/607/439 288/608/440 287/606/438 63/605/437
f 33/540/388 257/539/387 288/608/440 64/607/439
f 258/609/386 482/610/441 481/611/442 257/612/387
f 259/613/390 483/614/443 482/610/441 258/609/386
f 260/615/392 484/616/444 483/614/443 259/613/390
f 261/617/394 485/618/445 484/616/444 260/615/392
f 262/619/396 486/620/446 485/618/445 261/617/394
f 263/621/398 487/622/447 486/620/446 262/619/396
f 264/623/400 488/624/448 487/622/447 263/621/398
f 265/625/402 489/626/449 488/624/448 264/623/400
f 266/627/404 490/628/450 489/626/449 265/625/402
f 267/629/406 491/630/451 490/628/450 266/627/404
f 268/631/408 492/632/452 491/630/451 267/629/406
f 269/633/409 493/634/453 492/632/452 268/631/408
f 270/635/410 494/636/454 493/634/453 269/633/409
f 271/637/411 495/638/455 494/636/454 270/635/410
f 272/639/412 496/640/456 495/638/455 271/637/411
f 273/641/413 497/642/457 496/640/456 272/639/412
f 274/643/414 498/644/458 497/642/457 273/641/413
f 275/645/415 499/646/459 498/644/458 274/643/414
f 276/647/416 500/648/460 499/646/459 275/645/415
f 277/649/418 501/650/461 500/648/460 276/647/416
f 278/651/420 502/652/462 501/650/461 277/649/418
f 279/653/422 503/654/463 502/652/462 278/651/420
f 280/655/424 504/656/464 503/654/463 279/653/422
f 281/657/426 505/658/465 504/656/464 280/655/424
f 282/659/428 506/660/466 505/658/465 281/657/426
f 283/661/430 507/662/467 506/660/466 282/659/428
f 284/663/432 508/664/468 507/662/467 283/661/430
f 285/665/434 509/666/469 508/664/468 284/663/432
f 286/667/436 510/668/470 509/666/469 285/665/434
f 287/669/438 511/670/471 510/668/470 286/667/436
f 288/671/440 512/672/472 511/670/471 287/669/438
f 257/612/387 481/611/442 512/672/472 288/671/440
f 482/610/441 706/673/473 705/674/474 481/611/442
f 483/614/443 707/675/475 706/673/473 482/610/441
f 484/616/444 708/676/476 707/675/475 483/614/443
f 485/618/445 709/677/477 708/676/476 484/616/444
f 486/620/446 710/678/478 709/677/477 485/618/445
f 487/622/447 711/679/479 710/678/478 486/620/446
f 488/624/448 712/680/480 711/679/479 487/622/447
f 489/626/449 713/681/481 712/680/480 488/624/448
f 490/628/450 714/682/482 713/681/481 489/626/449
f 491/630/451 715/683/483 714/682/482 490/628/450
f 492/632/452 716/684/484 715/683/483 491/630/451
f 493/634/453 717/685/485 716/684/484 492/632/452
f 494/636/454 718/686/486 717/685/485 493/634/453
f 495/638/455 719/687/487 718/686/486 494/636/454
f 496/640/456 720/688/488 719/687/487 495/638/455
f 497/642/457 721/689/489 720/688/488 496/640/456
f 498/644/458 722/690/490 721/689/489 497/642/457
f 499/646/459 723/691/491 722/690/490 498/644/458
f 500/648/460 724/692/492 723/691/491 499/646/459
f 501/650/461 725/693/493 724/692/492 500/648/460
f 502/652/462 726/694/494 725/693/493 501/650/461
f 503/654/463 727/695/495 726/694/494 502/652/462
f 504/656/464 728/696/496 727/695/495 503/654/463
f 505/658/465 729/697/497 728/696/496 504/656/464
f 506/660/466 730/698/498 729/697/497 505/658/465
f 507/662/467 731/699/499 730/698/498 506/660/466
f 508/664/468 732/700/500 731/699/499 507/662/467
f 509/666/469 733/701/501 732/700/500 508/664/468
f 510/668/470 734/702/502 733/701/501 509/666/469
f 511/670/471 735/703/503 734/702/502 510/668/470
f 512/672/472 736/704/504 735/703/503 511/670/471
f 481/611/442 705/674/474 736/704/504 512/672/472
f 706/673/473 707/675/475 708/676/476 709/677/477 710/678/478 711/679/479 712/680/480 713/681/481 714/682/482 715/683/483 716/684/484 717/685/485 718/686/486 719/687/487 720/688/488 721/689/489 722/690/490 723/691/491 724/692/492 725/693/493 726/694/494 727/695/495 728/696/496 729/697/497 730/698/498 731/699/499 732/700/500 733/701/501 734/702/502 735/703/503 736/704/504 705/674/474
s 5
f 162/705/505 386/706/506 385/707/507 161/708/508
f 163/709/509 387/710/510 386/711/506 162/712/505
f 164/713/511 388/714/512 387/710/510 163/709/509
f 165/715/513 389/716/514 388/714/512 164/713/511
f 166/717/515 390/718/516 389/716/514 165/715/513
f 167/719/517 391/720/518 390/718/516 166/717/515
f 168/721/519 392/722/520 391/720/518 167/719/517
f 169/723/521 393/724/522 392/722/520 168/721/519
f 170/725/523 394/726/524 393/724/522 169/723/521
f 171/727/525 395/728/526 394/726/524 170/725/523
f 172/729/527 396/730/528 395/731/526 171/732/525
f 173/733/529 397/734/530 396/730/528 172/729/527
f 174/735/531 398/736/532 397/734/530 173/733/529
f 175/737/533 399/738/534 398/736/532 174/735/531
f 176/739/535 400/740/536 399/738/534 175/737/533
f 177/741/537 401/742/538 400/740/536 176/739/535
f 178/743/539 402/744/540 401/742/538 177/741/537
f 179/745/541 403/746/542 402/744/540 178/743/539
f 180/747/543 404/748/544 403/749/542 179/750/541
f 181/751/545 405/752/546 404/748/544 180/747/543
f 182/753/547 406/754/548 405/752/546 181/751/545
f 183/755/549 407/756/550 406/754/548 182/753/547
f 184/757/551 408/758/552 407/756/550 183/755/549
f 185/759/553 409/760/554 408/758/552 184/757/551
f 186/761/555 410/762/556 409/760/554 185/759/553
f 187/763/557 411/764/558 410/765/556 186/766/555
f 188/767/559 412/768/560 411/764/558 187/763/557
f 189/769/561 413/770/562 412/768/560 188/767/559
f 190/771/563 414/772/564 413/770/562 189/769/561
f 191/773/565 415/774/566 414/772/564 190/771/563
f 192/775/567 416/776/568 415/774/566 191/773/565
f 161/708/508 385/707/507 416/776/568 192/775/567
f 386/777/506 610/778/569 609/779/570 385/780/507
f 387/781/510 611/782/571 610/778/569 386/777/506
f 388/783/512 612/784/572 611/782/571 387/781/510
f 389/785/514 613/786/573 612/784/572 388/783/512
f 390/787/516 614/788/574 613/786/573 389/785/514
f 391/789/518 615/790/575 614/788/574 390/787/516
f 392/791/520 616/792/576 615/790/575 391/789/518
f 393/793/522 617/794/577 616/792/576 392/791/520
f 394/795/524 618/796/578 617/794/577 393/793/522
f 395/797/526 619/798/579 618/796/578 394/795/524
f 396/799/528 620/800/580 619/798/579 395/797/526
f 397/801/530 621/802/581 620/800/580 396/799/528
f 398/803/532 622/804/582 621/802/581 397/801/530
f 399/805/534 623/806/583 622/804/582 398/803/532
f 400/807/536 624/808/584 623/806/583 399/805/534
f 401/809/538 625/810/585 624/808/584 400/807/536
f 402/811/540 626/812/586 625/810/585 401/809/538
f 403/813/542 627/814/587 626/812/586 402/811/540
f 404/815/544 628/816/588 627/814/587 403/813/542
f 405/817/546 629/818/589 628/816/588 404/815/544
f 406/819/548 630/820/590 629/818/589 405/817/546
f 407/821/550 631/822/591 630/820/590 406/819/548
f 408/823/552 632/824/592 631/822/591 407/821/550
f 409/825/554 633/826/593 632/824/592 408/823/552
f 410/827/556 634/828/594 633/826/593 409/825/554
f 411/829/558 635/830/595 634/828/594 410/827/556
f 412/831/560 636/832/596 635/830/595 411/829/558
f 413/833/562 637/834/597 636/832/596 412/831/560
f 414/835/564 638/836/598 637/834/597 413/833/562
f 415/837/566 639/838/599 638/836/598 414/835/564
f 416/839/568 640/840/600 639/838/599 415/837/566
f 385/780/507 609/779/570 640/840/600 416/839/568
f 627/814/587 851/841/601 850/842/602 626/812/586
f 628/816/588 852/843/603 851/841/601 627/814/587
f 629/818/589 853/844/604 852/843/603 628/816/588
f 630/820/590 854/845/605 853/844/604 629/818/589
f 631/822/591 855/846/606 854/845/605 630/820/590
f 632/824/592 856/847/607 855/846/606 631/822/591
f 633/826/593 857/848/608 856/847/607 632/824/592
f 634/828/594 858/849/609 857/848/608 633/826/593
f 635/830/595 859/850/610 858/849/609 634/828/594
f 636/832/596 860/851/611 859/850/610 635/830/595
f 637/834/597 861/852/612 860/851/611 636/832/596
f 638/836/598 862/853/613 861/852/612 637/834/597
f 639/838/599 863/854/614 862/853/613 638/836/598
f 640/840/600 864/855/615 863/854/614 639/838/599
f 609/779/570 833/856/616 864/855/615 640/840/600
f 610/778/569 834/857/617 833/856/616 609/779/570
f 611/782/571 835/858/618 834/857/617 610/778/569
f 612/784/572 836/859/619 835/858/618 611/782/571
f 613/786/573 837/860/620 836/859/619 612/784/572
f 614/788/574 838/861/621 837/860/620 613/786/573
f 615/790/575 839/862/622 838/861/621 614/788/574
f 616/792/576 840/863/623 839/862/622 615/790/575
f 617/794/577 841/864/624 840/863/623 616/792/576
f 618/796/578 842/865/625 841/864/624 617/794/577
f 619/798/579 843/866/626 842/865/625 618/796/578
f 620/800/580 844/867/627 843/866/626 619/798/579
f 621/802/581 845/868/628 844/867/627 620/800/580
f 622/804/582 846/869/629 845/868/628 621/802/581
f 623/806/583 847/870/630 846/869/629 622/804/582
f 624/808/584 848/871/631 847/870/630 623/806/583
f 625/810/585 849/872/632 848/871/631 624/808/584
f 626/812/586 850/842/602 849/872/632 625/810/585
f 834/857/617 835/858/618 836/859/619 837/860/620 838/861/621 839/862/622 840/863/623 841/864/624 842/865/625 843/866/626 844/867/627 845/868/628 846/869/629 847/870/630 848/871/631 849/872/632 850/842/602 851/841/601 852/843/603 853/844/604 854/845/605 855/846/606 856/847/607 857/848/608 858/849/609 859/850/610 860/851/611 861/852/612 862/853/613 863/854/614 864/855/615 833/856/616
s 6
f 66/873/633 290/874/634 289/875/635 65/876/636
f 67/877/637 291/878/638 290/879/634 66/880/633
f 68/881/639 292/882/640 291/878/638 67/877/637
f 69/883/641 293/884/642 292/882/640 68/881/639
f 70/885/643 294/886/644 293/884/642 69/883/641
f 71/887/645 295/888/646 294/886/644 70/885/643
f 72/889/647 296/890/648 295/888/646 71/887/645
f 73/891/649 297/892/650 296/890/648 72/889/647
f 74/893/651 298/894/652 297/892/650 73/891/649
f 75/895/177 299/896/653 298/897/652 74/898/651
f 76/899/407 300/900/654 299/896/653 75/895/177
f 77/901/181 301/902/655 300/900/654 76/899/407
f 78/903/183 302/904/656 301/902/655 77/901/181
f 79/905/185 303/906/657 302/904/656 78/903/183
f 80/907/187 304/908/658 303/906/657 79/905/185
f 81/909/189 305/910/659 304/908/658 80/907/187
f 82/911/191 306/912/660 305/910/659 81/909/189
f 83/913/132 307/914/661 306/912/660 82/911/191
f 84/915/129 308/916/662 307/917/661 83/918/132
f 85/919/133 309/920/663 308/916/662 84/915/129
f 86/921/664 310/922/665 309/920/663 85/919/133
f 87/923/666 311/924/667 310/922/665 86/921/664
f 88/925/668 312/926/669 311/924/667 87/923/666
f 89/927/670 313/928/671 312/926/669 88/925/668
f 90/929/672 314/930/673 313/928/671 89/927/670
f 91/931/674 315/932/675 314/933/673 90/934/672
f 92/935/676 316/936/677 315/932/675 91/931/674
f 93/937/678 317/938/679 316/936/677 92/935/676
f 94/939/680 318/940/681 317/938/679 93/937/678
f 95/941/682 319/942/683 318/940/681 94/939/680
f 96/943/684 320/944/685 319/942/683 95/941/682
f 65/876/636 289/875/635 320/944/685 96/943/684
f 290/945/634 514/946/686 513/947/687 289/948/635
f 291/949/638 515/950/688 514/946/686 290/945/634
f 292/951/640 516/952/689 515/950/688 291/949/638
f 293/953/642 517/954/690 516/952/689 292/951/640
f 294/955/644 518/956/691 517/954/690 293/953/642
f 295/957/646 519/958/692 518/956/691 294/955/644
f 296/959/648 520/960/693 519/958/692 295/957/646
f 297/961/650 521/962/694 520/960/693 296/959/648
f 298/963/652 522/964/695 521/962/694 297/961/650
f 299/965/653 523/966/696 522/964/695 298/963/652
f 300/967/654 524/968/697 523/966/696 299/965/653
f 301/969/655 525/970/698 524/968/697 300/967/654
f 302/971/656 526/972/699 525/970/698 301/969/655
f 303/973/657 527/974/700 526/972/699 302/971/656
f 304/975/658 528/976/701 527/974/700 303/973/657
f 305/977/659 529/978/702 528/976/701 304/975/658
f 306/979/660 530/980/703 529/978/702 305/977/659
f 307/981/661 531/982/704 530/980/703 306/979/660
f 308/983/662 532/984/705 531/982/704 307/981/661
f 309/985/663 533/986/706 532/984/705 308/983/662
f 310/987/665 534/988/707 533/986/706 309/985/663
f 311/989/667 535/990/708 534/988/707 310/987/665
f 312/991/669 536/992/709 535/990/708 311/989/667
f 313/993/671 537/994/710 536/992/709 312/991/669
f 314/995/673 538/996/711 537/994/710 313/993/671
f 315/997/675 539/998/712 538/996/711 314/995/673
f 316/999/677 540/1000/713 539/998/712 315/997/675
f 317/1001/679 541/1002/714 540/1000/713 316/999/677
f 318/1003/681 542/1004/715 541/1002/714 317/1001/679
f 319/1005/683 543/1006/716 542/1004/715 318/1003/681
f 320/1007/685 544/1008/717 543/1006/716 319/1005/683
f 289/948/635 513/947/687 544/1008/717 320/1007/685
f 523/966/696 747/1009/718 746/1010/719 522/964/695
f 524/968/697 748/1011/720 747/1009/718 523/966/696
f 525/970/698 749/1012/721 748/1011/720 524/968/697
f 526/972/699 750/1013/722 749/1012/721 525/970/698
f 527/974/700 751/1014/723 750/1013/722 526/972/699
f 528/976/701 752/1015/724 751/1014/723 527/974/700
f 529/978/702 753/1016/725 752/1015/724 528/976/701
f 530/980/703 754/1017/726 753/1016/725 529/978/702
f 531/982/704 755/1018/727 754/1017/726 530/980/703
f 532/984/705 756/1019/728 755/1018/727 531/982/704
f 533/986/706 757/1020/729 756/1019/728 532/984/705
f 534/988/707 758/1021/730 757/1020/729 533/986/706
f 535/990/708 759/1022/731 758/1021/730 534/988/707
f 536/992/709 760/1023/732 759/1022/731 535/990/708
f 537/994/710 761/1024/733 760/1023/732 536/992/709
f 538/996/711 762/1025/734 761/1024/733 537/994/710
f 539/998/712 763/1026/735 762/1025/734 538/996/711
f 540/1000/713 764/1027/736 763/1026/735 539/998/712
f 541/1002/714 765/1028/737 764/1027/736 540/1000/713
f 542/1004/715 766/1029/738 765/1028/737 541/1002/714
f 543/1006/716 767/1030/739 766/1029/738 542/1004/715
f 544/1008/717 768/1031/740 767/1030/739 543/1006/716
f 513/947/687 737/1032/741 768/1031/740 544/1008/717
f 514/946/686 738/1033/742 737/1032/741 513/947/687
f 515/950/688 739/1034/743 738/1033/742 514/946/686
f 516/952/689 740/1035/744 739/1034/743 515/950/688
f 517/954/690 741/1036/745 740/1035/744 516/952/689
f 518/956/691 742/1037/746 741/1036/745 517/954/690
f 519/958/692 743/1038/747 742/1037/746 518/956/691
f 520/960/693 744/1039/748 743/1038/747 519/958/692
f 521/962/694 745/1040/749 744/1039/748 520/960/693
f 522/964/695 746/1010/719 745/1040/749 521/962/694
f 738/1033/742 739/1034/743 740/1035/744 741/1036/745 742/1037/746 743/1038/747 744/1039/748 745/1040/749 746/1010/719 747/1009/718 748/1011/720 749/1012/721 750/1013/722 751/1014/723 752/1015/724 753/1016/725 754/1017/726 755/1018/727 756/1019/728 757/1020/729 758/1021/730 759/1022/731 760/1023/732 761/1024/733 762/1025/734 763/1026/735 764/1027/736 765/1028/737 766/1029/738 767/1030/739 768/1031/740 737/1032/741
s 7
f 194/1041/750 418/1042/751 417/1043/752 193/1044/753
f 195/1045/754 419/1046/755 418/1047/751 194/1048/750
f 196/1049/756 420/1050/757 419/1046/755 195/1045/754
f 197/1051/758 421/1052/759 420/1050/757 196/1049/756
f 198/1053/760 422/1054/761 421/1052/759 197/1051/758
f 199/1055/762 423/1056/763 422/1054/761 198/1053/760
f 200/1057/764 424/1058/765 423/1056/763 199/1055/762
f 201/1059/766 425/1060/767 424/1058/765 200/1057/764
f 202/1061/768 426/1062/769 425/1060/767 201/1059/766
f 203/1063/770 427/1064/771 426/1062/769 202/1061/768
f 204/1065/772 428/1066/773 427/1067/771 203/1068/770
f 205/1069/774 429/1070/775 428/1066/773 204/1065/772
f 206/1071/776 430/1072/777 429/1070/775 205/1069/774
f 207/1073/778 431/1074/779 430/1072/777 206/1071/776
f 208/1075/780 432/1076/781 431/1074/779 207/1073/778
f 209/1077/782 433/1078/783 432/1076/781 208/1075/780
f 210/1079/784 434/1080/785 433/1078/783 209/1077/782
f 211/1081/786 435/1082/787 434/1080/785 210/1079/784
f 212/1083/788 436/1084/789 435/1085/787 211/1086/786
f 213/1087/790 437/1088/791 436/1084/789 212/1083/788
f 214/1089/792 438/1090/793 437/1088/791 213/1087/790
f 215/1091/794 439/1092/795 438/1090/793 214/1089/792
f 216/1093/796 440/1094/797 439/1092/795 215/1091/794
f 217/1095/798 441/1096/799 440/1094/797 216/1093/796
f 218/1097/800 442/1098/801 441/1096/799 217/1095/798
f 219/1099/802 443/1100/803 442/1101/801 218/1102/800
f 220/1103/804 444/1104/805 443/1100/803 219/1099/802
f 221/1105/806 445/1106/807 444/1104/805 220/1103/804
f 222/1107/808 446/1108/809 445/1106/807 221/1105/806
f 223/1109/810 447/1110/811 446/1108/809 222/1107/808
f 224/1111/684 448/1112/812 447/1110/811 223/1109/810
f 193/1044/753 417/1043/752 448/1112/812 224/1111/684
f 434/1113/785 658/1114/813 657/1115/814 433/1116/783
f 435/1117/787 659/1118/815 658/1114/813 434/1113/785
f 436/1119/789 660/1120/816 659/1118/815 435/1117/787
f 437/1121/791 661/1122/817 660/1120/816 436/1119/789
f 438/1123/793 662/1124/818 661/1122/817 437/1121/791
f 439/1125/795 663/1126/819 662/1124/818 438/1123/793
f 440/1127/797 664/1128/820 663/1126/819 439/1125/795
f 441/1129/799 665/1130/821 664/1128/820 440/1127/797
f 442/1131/801 666/1132/822 665/1130/821 441/1129/799
f 443/1133/803 667/1134/823 666/1132/822 442/1131/801
f 444/1135/805 668/1136/824 667/1134/823 443/1133/803
f 445/1137/807 669/1138/825 668/1136/824 444/1135/805
f 446/1139/809 670/1140/826 669/1138/825 445/1137/807
f 447/1141/811 671/1142/827 670/1140/826 446/1139/809
f 448/1143/812 672/1144/828 671/1142/827 447/1141/811
f 417/1145/752 641/1146/829 672/1144/828 448/1143/812
f 418/1147/751 642/1148/830 641/1146/829 417/1145/752
f 419/1149/755 643/1150/831 642/1148/830 418/1147/751
f 420/1151/757 644/1152/832 643/1150/831 419/1149/755
f 421/1153/759 645/1154/833 644/1152/832 420/1151/757
f 422/1155/761 646/1156/834 645/1154/833 421/1153/759
f 423/1157/763 647/1158/835 646/1156/834 422/1155/761
f 424/1159/765 648/1160/836 647/1158/835 423/1157/763
f 425/1161/767 649/1162/837 648/1160/836 424/1159/765
f 426/1163/769 650/1164/838 649/1162/837 425/1161/767
f 427/1165/771 651/1166/839 650/1164/838 426/1163/769
f 428/1167/773 652/1168/840 651/1166/839 427/1165/771
f 429/1169/775 653/1170/841 652/1168/840 428/1167/773
f 430/1171/777 654/1172/842 653/1170/841 429/1169/775
f 431/1173/779 655/1174/843 654/1172/842 430/1171/777
f 432/1175/781 656/1176/844 655/1174/843 431/1173/779
f 433/1116/783 657/1115/814 656/1176/844 432/1175/781
f 642/1148/830 866/1177/845 865/1178/846 641/1146/829
f 643/1150/831 867/1179/847 866/1177/845 642/1148/830
f 644/1152/832 868/1180/848 867/1179/847 643/1150/831
f 645/1154/833 869/1181/849 868/1180/848 644/1152/832
f 646/1156/834 870/1182/850 869/1181/849 645/1154/833
f 647/1158/835 871/1183/851 870/1182/850 646/1156/834
f 648/1160/836 872/1184/852 871/1183/851 647/1158/835
f 649/1162/837 873/1185/853 872/1184/852 648/1160/836
f 650/1164/838 874/1186/854 873/1185/853 649/1162/837
f 651/1166/839 875/1187/855 874/1186/854 650/1164/838
f 652/1168/840 876/1188/856 875/1187/855 651/1166/839
f 653/1170/841 877/1189/857 876/1188/856 652/1168/840
f 654/1172/842 878/1190/858 877/1189/857 653/1170/841
f 655/1174/843 879/1191/859 878/1190/858 654/1172/842
f 656/1176/844 880/1192/860 879/1191/859 655/1174/843
f 657/1115/814 881/1193/861 880/1192/860 656/1176/844
f 658/1114/813 882/1194/862 881/1193/861 657/1115/814
f 659/1118/815 883/1195/863 882/1194/862 658/1114/813
f 660/1120/816 884/1196/864 883/1195/863 659/1118/815
f 661/1122/817 885/1197/865 884/1196/864 660/1120/816
f 662/1124/818 886/1198/866 885/1197/865 661/1122/817
f 663/1126/819 887/1199/867 886/1198/866 662/1124/818
f 664/1128/820 888/1200/868 887/1199/867 663/1126/819
f 665/1130/821 889/1201/869 888/1200/868 664/1128/820
f 666/1132/822 890/1202/870 889/1201/869 665/1130/821
f 667/1134/823 891/1203/871 890/1202/870 666/1132/822
f 668/1136/824 892/1204/872 891/1203/871 667/1134/823
f 669/1138/825 893/1205/873 892/1204/872 668/1136/824
f 670/1140/826 894/1206/874 893/1205/873 669/1138/825
f 671/1142/827 895/1207/875 894/1206/874 670/1140/826
f 672/1144/828 896/1208/876 895/1207/875 671/1142/827
f 641/1146/829 865/1178/846 896/1208/876 672/1144/828
f 866/1177/845 867/1179/847 868/1180/848 869/1181/849 870/1182/850 871/1183/851 872/1184/852 873/1185/853 874/1186/854 875/1187/855 876/1188/856 877/1189/857 878/1190/858 879/1191/859 880/1192/860 881/1193/861 882/1194/862 883/1195/863 884/1196/864 885/1197/865 886/1198/866 887/1199/867 888/1200/868 889/1201/869 890/1202/870 891/1203/871 892/1204/872 893/1205/873 894/1206/874 895/1207/875 896/1208/876 865/1178/846
s 8
f 1020/1209/1 1019/1210/4 1243/1211/877 1244/1212/878
f 1021/1213/879 1020/1209/1 1244/1212/878 1245/1214/880
f 1022/1215/7 1021/1213/879 1245/1214/880 1246/1216/881
f 1023/1217/9 1022/1215/7 1246/1216/881 1247/1218/882
f 1024/1219/11 1023/1217/9 1247/1218/882 1248/1220/883
f 993/1221/13 1024/1219/11 1248/1220/883 1217/1222/884
f 994/1223/15 993/1221/13 1217/1222/884 1218/1224/885
f 995/1225/886 994/1226/15 1218/1227/885 1219/1228/887
f 996/1229/19 995/1225/886 1219/1228/887 1220/1230/888
f 997/1231/21 996/1229/19 1220/1230/888 1221/1232/889
f 998/1233/23 997/1231/21 1221/1232/889 1222/1234/890
f 999/1235/25 998/1233/23 1222/1234/890 1223/1236/891
f 1000/1237/27 999/1235/25 1223/1236/891 1224/1238/892
f 1001/1239/893 1000/1237/27 1224/1238/892 1225/1240/894
f 1002/1241/31 1001/1239/893 1225/1240/894 1226/1242/895
f 1003/1243/896 1002/1244/31 1226/1245/895 1227/1246/897
f 1004/1247/35 1003/1243/896 1227/1246/897 1228/1248/898
f 1005/1249/37 1004/1247/35 1228/1248/898 1229/1250/899
f 1006/1251/39 1005/1249/37 1229/1250/899 1230/1252/900
f 1007/1253/41 1006/1251/39 1230/1252/900 1231/1254/901
f 1008/1255/43 1007/1253/41 1231/1254/901 1232/1256/902
f 1009/1257/45 1008/1255/43 1232/1256/902 1233/1258/903
f 1010/1259/47 1009/1257/45 1233/1258/903 1234/1260/904
f 1011/1261/49 1010/1259/47 1234/1260/904 1235/1262/905
f 1012/1263/51 1011/1264/49 1235/1265/905 1236/1266/906
f 1013/1267/53 1012/1263/51 1236/1266/906 1237/1268/907
f 1014/1269/55 1013/1267/53 1237/1268/907 1238/1270/908
f 1015/1271/57 1014/1269/55 1238/1270/908 1239/1272/909
f 1016/1273/59 1015/1271/57 1239/1272/909 1240/1274/910
f 1017/1275/61 1016/1273/59 1240/1274/910 1241/1276/911
f 1018/1277/63 1017/1275/61 1241/1276/911 1242/1278/912
f 1019/1210/4 1018/1279/63 1242/1280/912 1243/1211/877
f 1226/1281/895 1225/1282/894 1449/1283/913 1450/1284/914
f 1227/1285/897 1226/1281/895 1450/1284/914 1451/1286/915
f 1228/1287/898 1227/1285/897 1451/1286/915 1452/1288/916
f 1229/1289/899 1228/1287/898 1452/1288/916 1453/1290/917
f 1230/1291/900 1229/1289/899 1453/1290/917 1454/1292/918
f 1231/1293/901 1230/1291/900 1454/1292/918 1455/1294/919
f 1232/1295/902 1231/1293/901 1455/1294/919 1456/1296/920
f 1233/1297/903 1232/1295/902 1456/1296/920 1457/1298/921
f 1234/1299/904 1233/1297/903 1457/1298/921 1458/1300/922
f 1235/1301/905 1234/1299/904 1458/1300/922 1459/1302/923
f 1236/1303/906 1235/1301/905 1459/1302/923 1460/1304/924
f 1237/1305/907 1236/1303/906 1460/1304/924 1461/1306/925
f 1238/1307/908 1237/1305/907 1461/1306/925 1462/1308/926
f 1239/1309/909 1238/1307/908 1462/1308/926 1463/1310/927
f 1240/1311/910 1239/1309/909 1463/1310/927 1464/1312/928
f 1241/1313/911 1240/1311/910 1464/1312/928 1465/1314/929
f 1242/1315/912 1241/1313/911 1465/1314/929 1466/1316/930
f 1243/1317/877 1242/1315/912 1466/1316/930 1467/1318/931
f 1244/1319/878 1243/1317/877 1467/1318/931 1468/1320/932
f 1245/1321/880 1244/1319/878 1468/1320/932 1469/1322/933
f 1246/1323/881 1245/1321/880 1469/1322/933 1470/1324/934
f 1247/1325/882 1246/1323/881 1470/1324/934 1471/1326/935
f 1248/1327/883 1247/1325/882 1471/1326/935 1472/1328/936
f 1217/1329/884 1248/1327/883 1472/1328/936 1441/1330/937
f 1218/1331/885 1217/1329/884 1441/1330/937 1442/1332/938
f 1219/1333/887 1218/1331/885 1442/1332/938 1443/1334/939
f 1220/1335/888 1219/1333/887 1443/1334/939 1444/1336/940
f 1221/1337/889 1220/1335/888 1444/1336/940 1445/1338/941
f 1222/1339/890 1221/1337/889 1445/1338/941 1446/1340/942
f 1223/1341/891 1222/1339/890 1446/1340/942 1447/1342/943
f 1224/1343/892 1223/1341/891 1447/1342/943 1448/1344/944
f 1225/1282/894 1224/1343/892 1448/1344/944 1449/1283/913
f 1442/1332/938 1441/1330/937 1665/1345/945 1666/1346/946
f 1443/1334/939 1442/1332/938 1666/1346/946 1667/1347/947
f 1444/1336/940 1443/1334/939 1667/1347/947 1668/1348/948
f 1445/1338/941 1444/1336/940 1668/1348/948 1669/1349/949
f 1446/1340/942 1445/1338/941 1669/1349/949 1670/1350/950
f 1447/1342/943 1446/1340/942 1670/1350/950 1671/1351/951
f 1448/1344/944 1447/1342/943 1671/1351/951 1672/1352/952
f 1449/1283/913 1448/1344/944 1672/1352/952 1673/1353/953
f 1450/1284/914 1449/1283/913 1673/1353/953 1674/1354/954
f 1451/1286/915 1450/1284/914 1674/1354/954 1675/1355/955
f 1452/1288/916 1451/1286/915 1675/1355/955 1676/1356/956
f 1453/1290/917 1452/1288/916 1676/1356/956 1677/1357/957
f 1454/1292/918 1453/1290/917 1677/1357/957 1678/1358/958
f 1455/1294/919 1454/1292/918 1678/1358/958 1679/1359/959
f 1456/1296/920 1455/1294/919 1679/1359/959 1680/1360/960
f 1457/1298/921 1456/1296/920 1680/1360/960 1681/1361/961
f 1458/1300/922 1457/1298/921 1681/1361/961 1682/1362/962
f 1459/1302/923 1458/1300/922 1682/1362/962 1683/1363/963
f 1460/1304/924 1459/1302/923 1683/1363/963 1684/1364/964
f 1461/1306/925 1460/1304/924 1684/1364/964 1685/1365/965
f 1462/1308/926 1461/1306/925 1685/1365/965 1686/1366/966
f 1463/1310/927 1462/1308/926 1686/1366/966 1687/1367/967
f 1464/1312/928 1463/1310/927 1687/1367/967 1688/1368/968
f 1465/1314/929 1464/1312/928 1688/1368/968 1689/1369/969
f 1466/1316/930 1465/1314/929 1689/1369/969 1690/1370/970
f 1467/1318/931 1466/1316/930 1690/1370/970 1691/1371/971
f 1468/1320/932 1467/1318/931 1691/1371/971 1692/1372/972
f 1469/1322/933 1468/1320/932 1692/1372/972 1693/1373/973
f 1470/1324/934 1469/1322/933 1693/1373/973 1694/1374/974
f 1471/1326/935 1470/1324/934 1694/1374/974 1695/1375/975
f 1472/1328/936 1471/1326/935 1695/1375/975 1696/1376/976
f 1441/1330/937 1472/1328/936 1696/1376/976 1665/1345/945
f 1666/1346/946 1665/1345/945 1696/1376/976 1695/1375/975 1694/1374/974 1693/1373/973 1692/1372/972 1691/1371/971 1690/1370/970 1689/1369/969 1688/1368/968 1687/1367/967 1686/1366/966 1685/1365/965 1684/1364/964 1683/1363/963 1682/1362/962 1681/1361/961 1680/1360/960 1679/1359/959 1678/1358/958 1677/1357/957 1676/1356/956 1675/1355/955 1674/1354/954 1673/1353/953 1672/1352/952 1671/1351/951 1670/1350/950 1669/1349/949 1668/1348/948 1667/1347/947
s 9
f 916/1377/129 915/1378/132 1139/1379/977 1140/1380/978
f 917/1381/133 916/1377/129 1140/1380/978 1141/1382/979
f 918/1383/135 917/1381/133 1141/1382/979 1142/1384/980
f 919/1385/137 918/1383/135 1142/1384/980 1143/1386/981
f 920/1387/139 919/1385/137 1143/1386/981 1144/1388/982
f 921/1389/141 920/1387/139 1144/1388/982 1145/1390/983
f 922/1391/143 921/1389/141 1145/1390/983 1146/1392/984
f 923/1393/145 922/1394/143 1146/1395/984 1147/1396/985
f 924/1397/147 923/1393/145 1147/1396/985 1148/1398/986
f 925/1399/149 924/1397/147 1148/1398/986 1149/1400/987
f 926/1401/151 925/1399/149 1149/1400/987 1150/1402/988
f 927/1403/153 926/1401/151 1150/1402/988 1151/1404/989
f 928/1405/155 927/1403/153 1151/1404/989 1152/1406/990
f 897/1407/157 928/1405/155 1152/1406/990 1121/1408/991
f 898/1409/159 897/1407/157 1121/1408/991 1122/1410/992
f 899/1411/161 898/1412/159 1122/1413/992 1123/1414/993
f 900/1415/163 899/1411/161 1123/1414/993 1124/1416/994
f 901/1417/165 900/1415/163 1124/1416/994 1125/1418/995
f 902/1419/167 901/1417/165 1125/1418/995 1126/1420/996
f 903/1421/169 902/1419/167 1126/1420/996 1127/1422/997
f 904/1423/171 903/1421/169 1127/1422/997 1128/1424/998
f 905/1425/173 904/1423/171 1128/1424/998 1129/1426/999
f 906/1427/175 905/1425/173 1129/1426/999 1130/1428/1000
f 907/1429/177 906/1430/175 1130/1431/1000 1131/1432/1001
f 908/1433/179 907/1429/177 1131/1432/1001 1132/1434/1002
f 909/1435/181 908/1433/179 1132/1434/1002 1133/1436/1003
f 910/1437/183 909/1435/181 1133/1436/1003 1134/1438/1004
f 911/1439/185 910/1437/183 1134/1438/1004 1135/1440/1005
f 912/1441/187 911/1439/185 1135/1440/1005 1136/1442/1006
f 913/1443/189 912/1441/187 1136/1442/1006 1137/1444/1007
f 914/1445/191 913/1443/189 1137/1444/1007 1138/1446/1008
f 915/1447/132 914/1445/191 1138/1446/1008 1139/1448/977
f 1122/1449/992 1121/1450/991 1345/1451/1009 1346/1452/1010
f 1123/1453/993 1122/1449/992 1346/1452/1010 1347/1454/1011
f 1124/1455/994 1123/1453/993 1347/1454/1011 1348/1456/1012
f 1125/1457/995 1124/1455/994 1348/1456/1012 1349/1458/1013
f 1126/1459/996 1125/1457/995 1349/1458/1013 1350/1460/1014
f 1127/1461/997 1126/1459/996 1350/1460/1014 1351/1462/1015
f 1128/1463/998 1127/1461/997 1351/1462/1015 1352/1464/1016
f 1129/1465/999 1128/1463/998 1352/1464/1016 1353/1466/1017
f 1130/1467/1000 1129/1465/999 1353/1466/1017 1354/1468/1018
f 1131/1469/1001 1130/1467/1000 1354/1468/1018 1355/1470/1019
f 1132/1471/1002 1131/1469/1001 1355/1470/1019 1356/1472/1020
f 1133/1473/1003 1132/1471/1002 1356/1472/1020 1357/1474/1021
f 1134/1475/1004 1133/1473/1003 1357/1474/1021 1358/1476/1022
f 1135/1477/1005 1134/1475/1004 1358/1476/1022 1359/1478/1023
f 1136/1479/1006 1135/1477/1005 1359/1478/1023 1360/1480/1024
f 1137/1481/1007 1136/1479/1006 1360/1480/1024 1361/1482/1025
f 1138/1483/1008 1137/1481/1007 1361/1482/1025 1362/1484/1026
f 1139/1485/977 1138/1483/1008 1362/1484/1026 1363/1486/1027
f 1140/1487/978 1139/1485/977 1363/1486/1027 1364/1488/1028
f 1141/1489/979 1140/1487/978 1364/1488/1028 1365/1490/1029
f 1142/1491/980 1141/1489/979 1365/1490/1029 1366/1492/1030
f 1143/1493/981 1142/1491/980 1366/1492/1030 1367/1494/1031
f 1144/1495/982 1143/1493/981 1367/1494/1031 1368/1496/1032
f 1145/1497/983 1144/1495/982 1368/1496/1032 1369/1498/1033
f 1146/1499/984 1145/1497/983 1369/1498/1033 1370/1500/1034
f 1147/1501/985 1146/1499/984 1370/1500/1034 1371/1502/1035
f 1148/1503/986 1147/1501/985 1371/1502/1035 1372/1504/1036
f 1149/1505/987 1148/1503/986 1372/1504/1036 1373/1506/1037
f 1150/1507/988 1149/1505/987 1373/1506/1037 1374/1508/1038
f 1151/1509/989 1150/1507/988 1374/1508/1038 1375/1510/1039
f 1152/1511/990 1151/1509/989 1375/1510/1039 1376/1512/1040
f 1121/1450/991 1152/1511/990 1376/1512/1040 1345/1451/1009
f 1346/1452/1010 1345/1451/1009 1569/1513/1041 1570/1514/1042
f 1347/1454/1011 1346/1452/1010 1570/1514/1042 1571/1515/1043
f 1348/1456/1012 1347/1454/1011 1571/1515/1043 1572/1516/1044
f 1349/1458/1013 1348/1456/1012 1572/1516/1044 1573/1517/1045
f 1350/1460/1014 1349/1458/1013 1573/1517/1045 1574/1518/1046
f 1351/1462/1015 1350/1460/1014 1574/1518/1046 1575/1519/1047
f 1352/1464/1016 1351/1462/1015 1575/1519/1047 1576/1520/1048
f 1353/1466/1017 1352/1464/1016 1576/1520/1048 1577/1521/1049
f 1354/1468/1018 1353/1466/1017 1577/1521/1049 1578/1522/1050
f 1355/1470/1019 1354/1468/1018 1578/1522/1050 1579/1523/1051
f 1356/1472/1020 1355/1470/1019 1579/1523/1051 1580/1524/1052
f 1357/1474/1021 1356/1472/1020 1580/1524/1052 1581/1525/1053
f 1358/1476/1022 1357/1474/1021 1581/1525/1053 1582/1526/1054
f 1359/1478/1023 1358/1476/1022 1582/1526/1054 1583/1527/1055
f 1360/1480/1024 1359/1478/1023 1583/1527/1055 1584/1528/1056
f 1361/1482/1025 1360/1480/1024 1584/1528/1056 1585/1529/1057
f 1362/1484/1026 1361/1482/1025 1585/1529/1057 1586/1530/1058
f 1363/1486/1027 1362/1484/1026 1586/1530/1058 1587/1531/1059
f 1364/1488/1028 1363/1486/1027 1587/1531/1059 1588/1532/1060
f 1365/1490/1029 1364/1488/1028 1588/1532/1060 1589/1533/1061
f 1366/1492/1030 1365/1490/1029 1589/1533/1061 1590/1534/1062
f 1367/1494/1031 1366/1492/1030 1590/1534/1062 1591/1535/1063
f 1368/1496/1032 1367/1494/1031 1591/1535/1063 1592/1536/1064
f 1369/1498/1033 1368/1496/1032 1592/1536/1064 1593/1537/1065
f 1370/1500/1034 1369/1498/1033 1593/1537/1065 1594/1538/1066
f 1371/1502/1035 1370/1500/1034 1594/1538/1066 1595/1539/1067
f 1372/1504/1036 1371/1502/1035 1595/1539/1067 1596/1540/1068
f 1373/1506/1037 1372/1504/1036 1596/1540/1068 1597/1541/1069
f 1374/1508/1038 1373/1506/1037 1597/1541/1069 1598/1542/1070
f 1375/1510/1039 1374/1508/1038 1598/1542/1070 1599/1543/1071
f 1376/1512/1040 1375/1510/1039 1599/1543/1071 1600/1544/1072
f 1345/1451/1009 1376/1512/1040 1600/1544/1072 1569/1513/1041
f 1570/1514/1042 1569/1513/1041 1600/1544/1072 1599/1543/1071 1598/1542/1070 1597/1541/1069 1596/1540/1068 1595/1539/1067 1594/1538/1066 1593/1537/1065 1592/1536/1064 1591/1535/1063 1590/1534/1062 1589/1533/1061 1588/1532/1060 1587/1531/1059 1586/1530/1058 1585/1529/1057 1584/1528/1056 1583/1527/1055 1582/1526/1054 1581/1525/1053 1580/1524/1052 1579/1523/1051 1578/1522/1050 1577/1521/1049 1576/1520/1048 1575/1519/1047 1574/1518/1046 1573/1517/1045 1572/1516/1044 1571/1515/1043
s 10
f 1026/1545/1073 1025/1546/1074 1249/1547/1075 1250/1548/1076
f 1027/1549/1077 1026/1550/1073 1250/1551/1076 1251/1552/1078
f 1028/1553/1079 1027/1549/1077 1251/1552/1078 1252/1554/1080
f 1029/1555/1081 1028/1553/1079 1252/1554/1080 1253/1556/1082
f 1030/1557/1083 1029/1555/1081 1253/1556/1082 1254/1558/1084
f 1031/1559/1085 1030/1557/1083 1254/1558/1084 1255/1560/1086
f 1032/1561/1087 1031/1559/1085 1255/1560/1086 1256/1562/1088
f 1033/1563/1089 1032/1561/1087 1256/1562/1088 1257/1564/1090
f 1034/1565/1091 1033/1563/1089 1257/1564/1090 1258/1566/1092
f 1035/1567/1093 1034/1568/1091 1258/1569/1092 1259/1570/1094
f 1036/1571/1095 1035/1567/1093 1259/1570/1094 1260/1572/1096
f 1037/1573/1097 1036/1571/1095 1260/1572/1096 1261/1574/1098
f 1038/1575/1099 1037/1573/1097 1261/1574/1098 1262/1576/1100
f 1039/1577/1101 1038/1575/1099 1262/1576/1100 1263/1578/1102
f 1040/1579/1103 1039/1577/1101 1263/1578/1102 1264/1580/1104
f 1041/1581/1105 1040/1579/1103 1264/1580/1104 1265/1582/1106
f 1042/1583/1107 1041/1581/1105 1265/1582/1106 1266/1584/1108
f 1043/1585/1109 1042/1583/1107 1266/1584/1108 1267/1586/1110
f 1044/1587/1111 1043/1588/1109 1267/1589/1110 1268/1590/1112
f 1045/1591/1113 1044/1587/1111 1268/1590/1112 1269/1592/1114
f 1046/1593/1115 1045/1591/1113 1269/1592/1114 1270/1594/1116
f 1047/1595/1117 1046/1593/1115 1270/1594/1116 1271/1596/1118
f 1048/1597/1119 1047/1595/1117 1271/1596/1118 1272/1598/1120
f 1049/1599/1121 1048/1597/1119 1272/1598/1120 1273/1600/1122
f 1050/1601/1123 1049/1599/1121 1273/1600/1122 1274/1602/1124
f 1051/1603/1125 1050/1604/1123 1274/1605/1124 1275/1606/1126
f 1052/1607/1127 1051/1603/1125 1275/1606/1126 1276/1608/1128
f 1053/1609/1129 1052/1607/1127 1276/1608/1128 1277/1610/1130
f 1054/1611/1131 1053/1609/1129 1277/1610/1130 1278/1612/1132
f 1055/1613/1133 1054/1611/1131 1278/1612/1132 1279/1614/1134
f 1056/1615/1135 1055/1613/1133 1279/1614/1134 1280/1616/1136
f 1025/1546/1074 1056/1615/1135 1280/1616/1136 1249/1547/1075
f 1250/1617/1076 1249/1618/1075 1473/1619/1137 1474/1620/1138
f 1251/1621/1078 1250/1617/1076 1474/1620/1138 1475/1622/1139
f 1252/1623/1080 1251/1621/1078 1475/1622/1139 1476/1624/1140
f 1253/1625/1082 1252/1623/1080 1476/1624/1140 1477/1626/1141
f 1254/1627/1084 1253/1625/1082 1477/1626/1141 1478/1628/1142
f 1255/1629/1086 1254/1627/1084 1478/1628/1142 1479/1630/1143
f 1256/1631/1088 1255/1629/1086 1479/1630/1143 1480/1632/1144
f 1257/1633/1090 1256/1631/1088 1480/1632/1144 1481/1634/1145
f 1258/1635/1092 1257/1633/1090 1481/1634/1145 1482/1636/1146
f 1259/1637/1094 1258/1635/1092 1482/1636/1146 1483/1638/1147
f 1260/1639/1096 1259/1637/1094 1483/1638/1147 1484/1640/1148
f 1261/1641/1098 1260/1639/1096 1484/1640/1148 1485/1642/1149
f 1262/1643/1100 1261/1641/1098 1485/1642/1149 1486/1644/1150
f 1263/1645/1102 1262/1643/1100 1486/1644/1150 1487/1646/1151
f 1264/1647/1104 1263/1645/1102 1487/1646/1151 1488/1648/1152
f 1265/1649/1106 1264/1647/1104 1488/1648/1152 1489/1650/1153
f 1266/1651/1108 1265/1649/1106 1489/1650/1153 1490/1652/1154
f 1267/1653/1110 1266/1651/1108 1490/1652/1154 1491/1654/1155
f 1268/1655/1112 1267/1653/1110 1491/1654/1155 1492/1656/1156
f 1269/1657/1114 1268/1655/1112 1492/1656/1156 1493/1658/1157
f 1270/1659/1116 1269/1657/1114 1493/1658/1157 1494/1660/1158
f 1271/1661/1118 1270/1659/1116 1494/1660/1158 1495/1662/1159
f 1272/1663/1120 1271/1661/1118 1495/1662/1159 1496/1664/1160
f 1273/1665/1122 1272/1663/1120 1496/1664/1160 1497/1666/1161
f 1274/1667/1124 1273/1665/1122 1497/1666/1161 1498/1668/1162
f 1275/1669/1126 1274/1667/1124 1498/1668/1162 1499/1670/1163
f 1276/1671/1128 1275/1669/1126 1499/1670/1163 1500/1672/1164
f 1277/1673/1130 1276/1671/1128 1500/1672/1164 1501/1674/1165
f 1278/1675/1132 1277/1673/1130 1501/1674/1165 1502/1676/1166
f 1279/1677/1134 1278/1675/1132 1502/1676/1166 1503/1678/1167
f 1280/1679/1136 1279/1677/1134 1503/1678/1167 1504/1680/1168
f 1249/1618/1075 1280/1679/1136 1504/1680/1168 1473/1619/1137
f 1474/1620/1138 1473/1619/1137 1697/1681/1169 1698/1682/1170
f 1475/1622/1139 1474/1620/1138 1698/1682/1170 1699/1683/1171
f 1476/1624/1140 1475/1622/1139 1699/1683/1171 1700/1684/1172
f 1477/1626/1141 1476/1624/1140 1700/1684/1172 1701/1685/1173
f 1478/1628/1142 1477/1626/1141 1701/1685/1173 1702/1686/1174
f 1479/1630/1143 1478/1628/1142 1702/1686/1174 1703/1687/1175
f 1480/1632/1144 1479/1630/1143 1703/1687/1175 1704/1688/1176
f 1481/1634/1145 1480/1632/1144 1704/1688/1176 1705/1689/1177
f 1482/1636/1146 1481/1634/1145 1705/1689/1177 1706/1690/1178
f 1483/1638/1147 1482/1636/1146 1706/1690/1178 1707/1691/1179
f 1484/1640/1148 1483/1638/1147 1707/1691/1179 1708/1692/1180
f 1485/1642/1149 1484/1640/1148 1708/1692/1180 1709/1693/1181
f 1486/1644/1150 1485/1642/1149 1709/1693/1181 1710/1694/1182
f 1487/1646/1151 1486/1644/1150 1710/1694/1182 1711/1695/1183
f 1488/1648/1152 1487/1646/1151 1711/1695/1183 1712/1696/1184
f 1489/1650/1153 1488/1648/1152 1712/1696/1184 1713/1697/1185
f 1490/1652/1154 1489/1650/1153 1713/1697/1185 1714/1698/1186
f 1491/1654/1155 1490/1652/1154 1714/1698/1186 1715/1699/1187
f 1492/1656/1156 1491/1654/1155 1715/1699/1187 1716/1700/1188
f 1493/1658/1157 1492/1656/1156 1716/1700/1188 1717/1701/1189
f 1494/1660/1158 1493/1658/1157 1717/1701/1189 1718/1702/1190
f 1495/1662/1159 1494/1660/1158 1718/1702/1190 1719/1703/1191
f 1496/1664/1160 1495/1662/1159 1719/1703/1191 1720/1704/1192
f 1497/1666/1161 1496/1664/1160 1720/1704/1192 1721/1705/1193
f 1498/1668/1162 1497/1666/1161 1721/1705/1193 1722/1706/1194
f 1499/1670/1163 1498/1668/1162 1722/1706/1194 1723/1707/1195
f 1500/1672/1164 1499/1670/1163 1723/1707/1195 1724/1708/1196
f 1501/1674/1165 1500/1672/1164 1724/1708/1196 1725/1709/1197
f 1502/1676/1166 1501/1674/1165 1725/1709/1197 1726/1710/1198
f 1503/1678/1167 1502/1676/1166 1726/1710/1198 1727/1711/1199
f 1504/1680/1168 1503/1678/1167 1727/1711/1199 1728/1712/1200
f 1473/1619/1137 1504/1680/1168 1728/1712/1200 1697/1681/1169
f 1698/1682/1170 1697/1681/1169 1728/1712/1200 1727/1711/1199 1726/1710/1198 1725/1709/1197 1724/1708/1196 1723/1707/1195 1722/1706/1194 1721/1705/1193 1720/1704/1192 1719/1703/1191 1718/1702/1190 1717/1701/1189 1716/1700/1188 1715/1699/1187 1714/1698/1186 1713/1697/1185 1712/1696/1184 1711/1695/1183 1710/1694/1182 1709/1693/1181 1708/1692/1180 1707/1691/1179 1706/1690/1178 1705/1689/1177 1704/1688/1176 1703/1687/1175 1702/1686/1174 1701/1685/1173 1700/1684/1172 1699/1683/1171
f 1026/1713/1073 1027/1714/1077 1028/1715/1079 1029/1716/1081 1030/1717/1083 1031/1718/1085 1032/1719/1087 1033/1720/1089 1034/1721/1091 1035/1722/1093 1036/1723/1095 1037/1724/1097 1038/1725/1099 1039/1726/1101 1040/1727/1103 1041/1728/1105 1042/1729/1107 1043/1730/1109 1044/1731/1111 1045/1732/1113 1046/1733/1115 1047/1734/1117 1048/1735/1119 1049/1736/1121 1050/1737/1123 1051/1738/1125 1052/1739/1127 1053/1740/1129 1054/1741/1131 1055/1742/1133 1056/1743/1135 1025/1744/1074
s 11
f 930/1745/385 929/1746/388 1153/1747/1201 1154/1748/1202
f 931/1749/389 930/1750/385 1154/1751/1202 1155/1752/1203
f 932/1753/391 931/1749/389 1155/1752/1203 1156/1754/1204
f 933/1755/393 932/1753/391 1156/1754/1204 1157/1756/1205
f 934/1757/1206 933/1755/393 1157/1756/1205 1158/1758/1207
f 935/1759/397 934/1757/1206 1158/1758/1207 1159/1760/1208
f 936/1761/399 935/1759/397 1159/1760/1208 1160/1762/1209
f 937/1763/401 936/1761/399 1160/1762/1209 1161/1764/1210
f 938/1765/403 937/1763/401 1161/1764/1210 1162/1766/1211
f 939/1767/405 938/1768/403 1162/1769/1211 1163/1770/1212
f 940/1771/407 939/1767/405 1163/1770/1212 1164/1772/1213
f 941/1773/181 940/1771/407 1164/1772/1213 1165/1774/1214
f 942/1775/183 941/1773/181 1165/1774/1214 1166/1776/1215
f 943/1777/185 942/1775/183 1166/1776/1215 1167/1778/1216
f 944/1779/187 943/1777/185 1167/1778/1216 1168/1780/1217
f 945/1781/189 944/1779/187 1168/1780/1217 1169/1782/1218
f 946/1783/191 945/1781/189 1169/1782/1218 1170/1784/1219
f 947/1785/132 946/1783/191 1170/1784/1219 1171/1786/1220
f 948/1787/129 947/1788/132 1171/1789/1220 1172/1790/1221
f 949/1791/417 948/1787/129 1172/1790/1221 1173/1792/1222
f 950/1793/419 949/1791/417 1173/1792/1222 1174/1794/1223
f 951/1795/421 950/1793/419 1174/1794/1223 1175/1796/1224
f 952/1797/423 951/1795/421 1175/1796/1224 1176/1798/1225
f 953/1799/425 952/1797/423 1176/1798/1225 1177/1800/1226
f 954/1801/427 953/1799/425 1177/1800/1226 1178/1802/1227
f 955/1803/429 954/1804/427 1178/1805/1227 1179/1806/1228
f 956/1807/431 955/1803/429 1179/1806/1228 1180/1808/1229
f 957/1809/433 956/1807/431 1180/1808/1229 1181/1810/1230
f 958/1811/435 957/1809/433 1181/1810/1230 1182/1812/1231
f 959/1813/437 958/1811/435 1182/1812/1231 1183/1814/1232
f 960/1815/439 959/1813/437 1183/1814/1232 1184/1816/1233
f 929/1746/388 960/1815/439 1184/1816/1233 1153/1747/1201
f 1154/1817/1202 1153/1818/1201 1377/1819/1234 1378/1820/1235
f 1155/1821/1203 1154/1817/1202 1378/1820/1235 1379/1822/1236
f 1156/1823/1204 1155/1821/1203 1379/1822/1236 1380/1824/1237
f 1157/1825/1205 1156/1823/1204 1380/1824/1237 1381/1826/1238
f 1158/1827/1207 1157/1825/1205 1381/1826/1238 1382/1828/1239
f 1159/1829/1208 1158/1827/1207 1382/1828/1239 1383/1830/1240
f 1160/1831/1209 1159/1829/1208 1383/1830/1240 1384/1832/1241
f 1161/1833/1210 1160/1831/1209 1384/1832/1241 1385/1834/1242
f 1162/1835/1211 1161/1833/1210 1385/1834/1242 1386/1836/1243
f 1163/1837/1212 1162/1835/1211 1386/1836/1243 1387/1838/1244
f 1164/1839/1213 1163/1837/1212 1387/1838/1244 1388/1840/1245
f 1165/1841/1214 1164/1839/1213 1388/1840/1245 1389/1842/1246
f 1166/1843/1215 1165/1841/1214 1389/1842/1246 1390/1844/1247
f 1167/1845/1216 1166/1843/1215 1390/1844/1247 1391/1846/1248
f 1168/1847/1217 1167/1845/1216 1391/1846/1248 1392/1848/1249
f 1169/1849/1218 1168/1847/1217 1392/1848/1249 1393/1850/1250
f 1170/1851/1219 1169/1849/1218 1393/1850/1250 1394/1852/1251
f 1171/1853/1220 1170/1851/1219 1394/1852/1251 1395/1854/1252
f 1172/1855/1221 1171/1853/1220 1395/1854/1252 1396/1856/1253
f 1173/1857/1222 1172/1855/1221 1396/1856/1253 1397/1858/1254
f 1174/1859/1223 1173/1857/1222 1397/1858/1254 1398/1860/1255
f 1175/1861/1224 1174/1859/1223 1398/1860/1255 1399/1862/1256
f 1176/1863/1225 1175/1861/1224 1399/1862/1256 1400/1864/1257
f 1177/1865/1226 1176/1863/1225 1400/1864/1257 1401/1866/1258
f 1178/1867/1227 1177/1865/1226 1401/1866/1258 1402/1868/1259
f 1179/1869/1228 1178/1867/1227 1402/1868/1259 1403/1870/1260
f 1180/1871/1229 1179/1869/1228 1403/1870/1260 1404/1872/1261
f 1181/1873/1230 1180/1871/1229 1404/1872/1261 1405/1874/1262
f 1182/1875/1231 1181/1873/1230 1405/1874/1262 1406/1876/1263
f 1183/1877/1232 1182/1875/1231 1406/1876/1263 1407/1878/1264
f 1184/1879/1233 1183/1877/1232 1407/1878/1264 1408/1880/1265
f 1153/1818/1201 1184/1879/1233 1408/1880/1265 1377/1819/1234
f 1378/1820/1235 1377/1819/1234 1601/1881/1266 1602/1882/1267
f 1379/1822/1236 1378/1820/1235 1602/1882/1267 1603/1883/1268
f 1380/1824/1237 1379/1822/1236 1603/1883/1268 1604/1884/1269
f 1381/1826/1238 1380/1824/1237 1604/1884/1269 1605/1885/1270
f 1382/1828/1239 1381/1826/1238 1605/1885/1270 1606/1886/1271
f 1383/1830/1240 1382/1828/1239 1606/1886/1271 1607/1887/1272
f 1384/1832/1241 1383/1830/1240 1607/1887/1272 1608/1888/1273
f 1385/1834/1242 1384/1832/1241 1608/1888/1273 1609/1889/1274
f 1386/1836/1243 1385/1834/1242 1609/1889/1274 1610/1890/1275
f 1387/1838/1244 1386/1836/1243 1610/1890/1275 1611/1891/1276
f 1388/1840/1245 1387/1838/1244 1611/1891/1276 1612/1892/1277
f 1389/1842/1246 1388/1840/1245 1612/1892/1277 1613/1893/1278
f 1390/1844/1247 1389/1842/1246 1613/1893/1278 1614/1894/1279
f 1391/1846/1248 1390/1844/1247 1614/1894/1279 1615/1895/1280
f 1392/1848/1249 1391/1846/1248 1615/1895/1280 1616/1896/1281
f 1393/1850/1250 1392/1848/1249 1616/1896/1281 1617/1897/1282
f 1394/1852/1251 1393/1850/1250 1617/1897/1282 1618/1898/1283
f 1395/1854/1252 1394/1852/1251 1618/1898/1283 1619/1899/1284
f 1396/1856/1253 1395/1854/1252 1619/1899/1284 1620/1900/1285
f 1397/1858/1254 1396/1856/1253 1620/1900/1285 1621/1901/1286
f 1398/1860/1255 1397/1858/1254 1621/1901/1286 1622/1902/1287
f 1399/1862/1256 1398/1860/1255 1622/1902/1287 1623/1903/1288
f 1400/1864/1257 1399/1862/1256 1623/1903/1288 1624/1904/1289
f 1401/1866/1258 1400/1864/1257 1624/1904/1289 1625/1905/1290
f 1402/1868/1259 1401/1866/1258 1625/1905/1290 1626/1906/1291
f 1403/1870/1260 1402/1868/1259 1626/1906/1291 1627/1907/1292
f 1404/1872/1261 1403/1870/1260 1627/1907/1292 1628/1908/1293
f 1405/1874/1262 1404/1872/1261 1628/1908/1293 1629/1909/1294
f 1406/1876/1263 1405/1874/1262 1629/1909/1294 1630/1910/1295
f 1407/1878/1264 1406/1876/1263 1630/1910/1295 1631/1911/1296
f 1408/1880/1265 1407/1878/1264 1631/1911/1296 1632/1912/1297
f 1377/1819/1234 1408/1880/1265 1632/1912/1297 1601/1881/1266
f 1602/1882/1267 1601/1881/1266 1632/1912/1297 1631/1911/1296 1630/1910/1295 1629/1909/1294 1628/1908/1293 1627/1907/1292 1626/1906/1291 1625/1905/1290 1624/1904/1289 1623/1903/1288 1622/1902/1287 1621/1901/1286 1620/1900/1285 1619/1899/1284 1618/1898/1283 1617/1897/1282 1616/1896/1281 1615/1895/1280 1614/1894/1279 1613/1893/1278 1612/1892/1277 1611/1891/1276 1610/1890/1275 1609/1889/1274 1608/1888/1273 1607/1887/1272 1606/1886/1271 1605/1885/1270 1604/1884/1269 1603/1883/1268
s 12
f 1058/1913/505 1057/1914/508 1281/1915/1298 1282/1916/1299
f 1059/1917/509 1058/1918/505 1282/1919/1299 1283/1920/1300
f 1060/1921/511 1059/1917/509 1283/1920/1300 1284/1922/1301
f 1061/1923/513 1060/1921/511 1284/1922/1301 1285/1924/1302
f 1062/1925/1303 1061/1923/513 1285/1924/1302 1286/1926/1304
f 1063/1927/517 1062/1925/1303 1286/1926/1304 1287/1928/1305
f 1064/1929/519 1063/1927/517 1287/1928/1305 1288/1930/1306
f 1065/1931/521 1064/1929/519 1288/1930/1306 1289/1932/1307
f 1066/1933/523 1065/1931/521 1289/1932/1307 1290/1934/1308
f 1067/1935/525 1066/1933/523 1290/1934/1308 1291/1936/1309
f 1068/1937/527 1067/1938/525 1291/1939/1309 1292/1940/1310
f 1069/1941/529 1068/1937/527 1292/1940/1310 1293/1942/1311
f 1070/1943/531 1069/1941/529 1293/1942/1311 1294/1944/1312
f 1071/1945/533 1070/1943/531 1294/1944/1312 1295/1946/1313
f 1072/1947/535 1071/1945/533 1295/1946/1313 1296/1948/1314
f 1073/1949/537 1072/1947/535 1296/1948/1314 1297/1950/1315
f 1074/1951/539 1073/1949/537 1297/1950/1315 1298/1952/1316
f 1075/1953/541 1074/1951/539 1298/1952/1316 1299/1954/1317
f 1076/1955/543 1075/1956/541 1299/1957/1317 1300/1958/1318
f 1077/1959/545 1076/1955/543 1300/1958/1318 1301/1960/1319
f 1078/1961/547 1077/1959/545 1301/1960/1319 1302/1962/1320
f 1079/1963/1321 1078/1961/547 1302/1962/1320 1303/1964/1322
f 1080/1965/551 1079/1963/1321 1303/1964/1322 1304/1966/1323
f 1081/1967/553 1080/1965/551 1304/1966/1323 1305/1968/1324
f 1082/1969/555 1081/1967/553 1305/1968/1324 1306/1970/1325
f 1083/1971/557 1082/1972/555 1306/1973/1325 1307/1974/1326
f 1084/1975/559 1083/1971/557 1307/1974/1326 1308/1976/1327
f 1085/1977/561 1084/1975/559 1308/1976/1327 1309/1978/1328
f 1086/1979/1329 1085/1977/561 1309/1978/1328 1310/1980/1330
f 1087/1981/565 1086/1979/1329 1310/1980/1330 1311/1982/1331
f 1088/1983/567 1087/1981/565 1311/1982/1331 1312/1984/1332
f 1057/1914/508 1088/1983/567 1312/1984/1332 1281/1915/1298
f 1282/1985/1299 1281/1986/1298 1505/1987/1333 1506/1988/1334
f 1283/1989/1300 1282/1985/1299 1506/1988/1334 1507/1990/1335
f 1284/1991/1301 1283/1989/1300 1507/1990/1335 1508/1992/1336
f 1285/1993/1302 1284/1991/1301 1508/1992/1336 1509/1994/1337
f 1286/1995/1304 1285/1993/1302 1509/1994/1337 1510/1996/1338
f 1287/1997/1305 1286/1995/1304 1510/1996/1338 1511/1998/1339
f 1288/1999/1306 1287/1997/1305 1511/1998/1339 1512/2000/1340
f 1289/2001/1307 1288/1999/1306 1512/2000/1340 1513/2002/1341
f 1290/2003/1308 1289/2001/1307 1513/2002/1341 1514/2004/1342
f 1291/2005/1309 1290/2003/1308 1514/2004/1342 1515/2006/1343
f 1292/2007/1310 1291/2005/1309 1515/2006/1343 1516/2008/1344
f 1293/2009/1311 1292/2007/1310 1516/2008/1344 1517/2010/1345
f 1294/2011/1312 1293/2009/1311 1517/2010/1345 1518/2012/1346
f 1295/2013/1313 1294/2011/1312 1518/2012/1346 1519/2014/1347
f 1296/2015/1314 1295/2013/1313 1519/2014/1347 1520/2016/1348
f 1297/2017/1315 1296/2015/1314 1520/2016/1348 1521/2018/1349
f 1298/2019/1316 1297/2017/1315 1521/2018/1349 1522/2020/1350
f 1299/2021/1317 1298/2019/1316 1522/2020/1350 1523/2022/1351
f 1300/2023/1318 1299/2021/1317 1523/2022/1351 1524/2024/1352
f 1301/2025/1319 1300/2023/1318 1524/2024/1352 1525/2026/1353
f 1302/2027/1320 1301/2025/1319 1525/2026/1353 1526/2028/1354
f 1303/2029/1322 1302/2027/1320 1526/2028/1354 1527/2030/1355
f 1304/2031/1323 1303/2029/1322 1527/2030/1355 1528/2032/1356
f 1305/2033/1324 1304/2031/1323 1528/2032/1356 1529/2034/1357
f 1306/2035/1325 1305/2033/1324 1529/2034/1357 1530/2036/1358
f 1307/2037/1326 1306/2035/1325 1530/2036/1358 1531/2038/1359
f 1308/2039/1327 1307/2037/1326 1531/2038/1359 1532/2040/1360
f 1309/2041/1328 1308/2039/1327 1532/2040/1360 1533/2042/1361
f 1310/2043/1330 1309/2041/1328 1533/2042/1361 1534/2044/1362
f 1311/2045/1331 1310/2043/1330 1534/2044/1362 1535/2046/1363
f 1312/2047/1332 1311/2045/1331 1535/2046/1363 1536/2048/1364
f 1281/1986/1298 1312/2047/1332 1536/2048/1364 1505/1987/1333
f 1523/2022/1351 1522/2020/1350 1746/2049/1365 1747/2050/1366
f 1524/2024/1352 1523/2022/1351 1747/2050/1366 1748/2051/1367
f 1525/2026/1353 1524/2024/1352 1748/2051/1367 1749/2052/1368
f 1526/2028/1354 1525/2026/1353 1749/2052/1368 1750/2053/1369
f 1527/2030/1355 1526/2028/1354 1750/2053/1369 1751/2054/1370
f 1528/2032/1356 1527/2030/1355 1751/2054/1370 1752/2055/1371
f 1529/2034/1357 1528/2032/1356 1752/2055/1371 1753/2056/1372
f 1530/2036/1358 1529/2034/1357 1753/2056/1372 1754/2057/1373
f 1531/2038/1359 1530/2036/1358 1754/2057/1373 1755/2058/1374
f 1532/2040/1360 1531/2038/1359 1755/2058/1374 1756/2059/1375
f 1533/2042/1361 1532/2040/1360 1756/2059/1375 1757/2060/1376
f 1534/2044/1362 1533/2042/1361 1757/2060/1376 1758/2061/1377
f 1535/2046/1363 1534/2044/1362 1758/2061/1377 1759/2062/1378
f 1536/2048/1364 1535/2046/1363 1759/2062/1378 1760/2063/1379
f 1505/1987/1333 1536/2048/1364 1760/2063/1379 1729/2064/1380
f 1506/1988/1334 1505/1987/1333 1729/2064/1380 1730/2065/1381
f 1507/1990/1335 1506/1988/1334 1730/2065/1381 1731/2066/1382
f 1508/1992/1336 1507/1990/1335 1731/2066/1382 1732/2067/1383
f 1509/1994/1337 1508/1992/1336 1732/2067/1383 1733/2068/1384
f 1510/1996/1338 1509/1994/1337 1733/2068/1384 1734/2069/1385
f 1511/1998/1339 1510/1996/1338 1734/2069/1385 1735/2070/1386
f 1512/2000/1340 1511/1998/1339 1735/2070/1386 1736/2071/1387
f 1513/2002/1341 1512/2000/1340 1736/2071/1387 1737/2072/1388
f 1514/2004/1342 1513/2002/1341 1737/2072/1388 1738/2073/1389
f 1515/2006/1343 1514/2004/1342 1738/2073/1389 1739/2074/1390
f 1516/2008/1344 1515/2006/1343 1739/2074/1390 1740/2075/1391
f 1517/2010/1345 1516/2008/1344 1740/2075/1391 1741/2076/1392
f 1518/2012/1346 1517/2010/1345 1741/2076/1392 1742/2077/1393
f 1519/2014/1347 1518/2012/1346 1742/2077/1393 1743/2078/1394
f 1520/2016/1348 1519/2014/1347 1743/2078/1394 1744/2079/1395
f 1521/2018/1349 1520/2016/1348 1744/2079/1395 1745/2080/1396
f 1522/2020/1350 1521/2018/1349 1745/2080/1396 1746/2049/1365
f 1730/2065/1381 1729/2064/1380 1760/2063/1379 1759/2062/1378 1758/2061/1377 1757/2060/1376 1756/2059/1375 1755/2058/1374 1754/2057/1373 1753/2056/1372 1752/2055/1371 1751/2054/1370 1750/2053/1369 1749/2052/1368 1748/2051/1367 1747/2050/1366 1746/2049/1365 1745/2080/1396 1744/2079/1395 1743/2078/1394 1742/2077/1393 1741/2076/1392 1740/2075/1391 1739/2074/1390 1738/2073/1389 1737/2072/1388 1736/2071/1387 1735/2070/1386 1734/2069/1385 1733/2068/1384 1732/2067/1383 1731/2066/1382
s 13
f 962/2081/633 961/2082/636 1185/2083/1397 1186/2084/1398
f 963/2085/637 962/2086/633 1186/2087/1398 1187/2088/1399
f 964/2089/639 963/2085/637 1187/2088/1399 1188/2090/1400
f 965/2091/641 964/2089/639 1188/2090/1400 1189/2092/1401
f 966/2093/643 965/2091/641 1189/2092/1401 1190/2094/1402
f 967/2095/645 966/2093/643 1190/2094/1402 1191/2096/1403
f 968/2097/647 967/2095/645 1191/2096/1403 1192/2098/1404
f 969/2099/649 968/2097/647 1192/2098/1404 1193/2100/1405
f 970/2101/651 969/2099/649 1193/2100/1405 1194/2102/1406
f 971/2103/177 970/2104/651 1194/2105/1406 1195/2106/1407
f 972/2107/407 971/2103/177 1195/2106/1407 1196/2108/1408
f 973/2109/181 972/2107/407 1196/2108/1408 1197/2110/1409
f 974/2111/183 973/2109/181 1197/2110/1409 1198/2112/1410
f 975/2113/185 974/2111/183 1198/2112/1410 1199/2114/1411
f 976/2115/187 975/2113/185 1199/2114/1411 1200/2116/1412
f 977/2117/189 976/2115/187 1200/2116/1412 1201/2118/1413
f 978/2119/191 977/2117/189 1201/2118/1413 1202/2120/1414
f 979/2121/132 978/2119/191 1202/2120/1414 1203/2122/1415
f 980/2123/129 979/2124/132 1203/2125/1415 1204/2126/1416
f 981/2127/133 980/2123/129 1204/2126/1416 1205/2128/1417
f 982/2129/664 981/2127/133 1205/2128/1417 1206/2130/1418
f 983/2131/1419 982/2129/664 1206/2130/1418 1207/2132/1420
f 984/2133/668 983/2131/1419 1207/2132/1420 1208/2134/1421
f 985/2135/670 984/2133/668 1208/2134/1421 1209/2136/1422
f 986/2137/672 985/2135/670 1209/2136/1422 1210/2138/1423
f 987/2139/674 986/2140/672 1210/2141/1423 1211/2142/1424
f 988/2143/676 987/2139/674 1211/2142/1424 1212/2144/1425
f 989/2145/678 988/2143/676 1212/2144/1425 1213/2146/1426
f 990/2147/680 989/2145/678 1213/2146/1426 1214/2148/1427
f 991/2149/682 990/2147/680 1214/2148/1427 1215/2150/1428
f 992/2151/684 991/2149/682 1215/2150/1428 1216/2152/1429
f 961/2082/636 992/2151/684 1216/2152/1429 1185/2083/1397
f 1186/2153/1398 1185/2154/1397 1409/2155/1430 1410/2156/1431
f 1187/2157/1399 1186/2153/1398 1410/2156/1431 1411/2158/1432
f 1188/2159/1400 1187/2157/1399 1411/2158/1432 1412/2160/1433
f 1189/2161/1401 1188/2159/1400 1412/2160/1433 1413/2162/1434
f 1190/2163/1402 1189/2161/1401 1413/2162/1434 1414/2164/1435
f 1191/2165/1403 1190/2163/1402 1414/2164/1435 1415/2166/1436
f 1192/2167/1404 1191/2165/1403 1415/2166/1436 1416/2168/1437
f 1193/2169/1405 1192/2167/1404 1416/2168/1437 1417/2170/1438
f 1194/2171/1406 1193/2169/1405 1417/2170/1438 1418/2172/1439
f 1195/2173/1407 1194/2171/1406 1418/2172/1439 1419/2174/1440
f 1196/2175/1408 1195/2173/1407 1419/2174/1440 1420/2176/1441
f 1197/2177/1409 1196/2175/1408 1420/2176/1441 1421/2178/1442
f 1198/2179/1410 1197/2177/1409 1421/2178/1442 1422/2180/1443
f 1199/2181/1411 1198/2179/1410 1422/2180/1443 1423/2182/1444
f 1200/2183/1412 1199/2181/1411 1423/2182/1444 1424/2184/1445
f 1201/2185/1413 1200/2183/1412 1424/2184/1445 1425/2186/1446
f 1202/2187/1414 1201/2185/1413 1425/2186/1446 1426/2188/1447
f 1203/2189/1415 1202/2187/1414 1426/2188/1447 1427/2190/1448
f 1204/2191/1416 1203/2189/1415 1427/2190/1448 1428/2192/1449
f 1205/2193/1417 1204/2191/1416 1428/2192/1449 1429/2194/1450
f 1206/2195/1418 1205/2193/1417 1429/2194/1450 1430/2196/1451
f 1207/2197/1420 1206/2195/1418 1430/2196/1451 1431/2198/1452
f 1208/2199/1421 1207/2197/1420 1431/2198/1452 1432/2200/1453
f 1209/2201/1422 1208/2199/1421 1432/2200/1453 1433/2202/1454
f 1210/2203/1423 1209/2201/1422 1433/2202/1454 1434/2204/1455
f 1211/2205/1424 1210/2203/1423 1434/2204/1455 1435/2206/1456
f 1212/2207/1425 1211/2205/1424 1435/2206/1456 1436/2208/1457
f 1213/2209/1426 1212/2207/1425 1436/2208/1457 1437/2210/1458
f 1214/2211/1427 1213/2209/1426 1437/2210/1458 1438/2212/1459
f 1215/2213/1428 1214/2211/1427 1438/2212/1459 1439/2214/1460
f 1216/2215/1429 1215/2213/1428 1439/2214/1460 1440/2216/1461
f 1185/2154/1397 1216/2215/1429 1440/2216/1461 1409/2155/1430
f 1419/2174/1440 1418/2172/1439 1642/2217/1462 1643/2218/1463
f 1420/2176/1441 1419/2174/1440 1643/2218/1463 1644/2219/1464
f 1421/2178/1442 1420/2176/1441 1644/2219/1464 1645/2220/1465
f 1422/2180/1443 1421/2178/1442 1645/2220/1465 1646/2221/1466
f 1423/2182/1444 1422/2180/1443 1646/2221/1466 1647/2222/1467
f 1424/2184/1445 1423/2182/1444 1647/2222/1467 1648/2223/1468
f 1425/2186/1446 1424/2184/1445 1648/2223/1468 1649/2224/1469
f 1426/2188/1447 1425/2186/1446 1649/2224/1469 1650/2225/1470
f 1427/2190/1448 1426/2188/1447 1650/2225/1470 1651/2226/1471
f 1428/2192/1449 1427/2190/1448 1651/2226/1471 1652/2227/1472
f 1429/2194/1450 1428/2192/1449 1652/2227/1472 1653/2228/1473
f 1430/2196/1451 1429/2194/1450 1653/2228/1473 1654/2229/1474
f 1431/2198/1452 1430/2196/1451 1654/2229/1474 1655/2230/1475
f 1432/2200/1453 1431/2198/1452 1655/2230/1475 1656/2231/1476
f 1433/2202/1454 1432/2200/1453 1656/2231/1476 1657/2232/1477
f 1434/2204/1455 1433/2202/1454 1657/2232/1477 1658/2233/1478
f 1435/2206/1456 1434/2204/1455 1658/2233/1478 1659/2234/1479
f 1436/2208/1457 1435/2206/1456 1659/2234/1479 1660/2235/1480
f 1437/2210/1458 1436/2208/1457 1660/2235/1480 1661/2236/1481
f 1438/2212/1459 1437/2210/1458 1661/2236/1481 1662/2237/1482
f 1439/2214/1460 1438/2212/1459 1662/2237/1482 1663/2238/1483
f 1440/2216/1461 1439/2214/1460 1663/2238/1483 1664/2239/1484
f 1409/2155/1430 1440/2216/1461 1664/2239/1484 1633/2240/1485
f 1410/2156/1431 1409/2155/1430 1633/2240/1485 1634/2241/1486
f 1411/2158/1432 1410/2156/1431 1634/2241/1486 1635/2242/1487
f 1412/2160/1433 1411/2158/1432 1635/2242/1487 1636/2243/1488
f 1413/2162/1434 1412/2160/1433 1636/2243/1488 1637/2244/1489
f 1414/2164/1435 1413/2162/1434 1637/2244/1489 1638/2245/1490
f 1415/2166/1436 1414/2164/1435 1638/2245/1490 1639/2246/1491
f 1416/2168/1437 1415/2166/1436 1639/2246/1491 1640/2247/1492
f 1417/2170/1438 1416/2168/1437 1640/2247/1492 1641/2248/1493
f 1418/2172/1439 1417/2170/1438 1641/2248/1493 1642/2217/1462
f 1634/2241/1486 1633/2240/1485 1664/2239/1484 1663/2238/1483 1662/2237/1482 1661/2236/1481 1660/2235/1480 1659/2234/1479 1658/2233/1478 1657/2232/1477 1656/2231/1476 1655/2230/1475 1654/2229/1474 1653/2228/1473 1652/2227/1472 1651/2226/1471 1650/2225/1470 1649/2224/1469 1648/2223/1468 1647/2222/1467 1646/2221/1466 1645/2220/1465 1644/2219/1464 1643/2218/1463 1642/2217/1462 1641/2248/1493 1640/2247/1492 1639/2246/1491 1638/2245/1490 1637/2244/1489 1636/2243/1488 1635/2242/1487
s 14
f 1090/2249/750 1089/2250/753 1313/2251/1494 1314/2252/1495
f 1091/2253/754 1090/2254/750 1314/2255/1495 1315/2256/1496
f 1092/2257/756 1091/2253/754 1315/2256/1496 1316/2258/1497
f 1093/2259/758 1092/2257/756 1316/2258/1497 1317/2260/1498
f 1094/2261/1499 1093/2259/758 1317/2260/1498 1318/2262/1500
f 1095/2263/762 1094/2261/1499 1318/2262/1500 1319/2264/1501
f 1096/2265/764 1095/2263/762 1319/2264/1501 1320/2266/1502
f 1097/2267/766 1096/2265/764 1320/2266/1502 1321/2268/1503
f 1098/2269/768 1097/2267/766 1321/2268/1503 1322/2270/1504
f 1099/2271/770 1098/2269/768 1322/2270/1504 1323/2272/1505
f 1100/2273/772 1099/2274/770 1323/2275/1505 1324/2276/1506
f 1101/2277/774 1100/2273/772 1324/2276/1506 1325/2278/1507
f 1102/2279/776 1101/2277/774 1325/2278/1507 1326/2280/1508
f 1103/2281/778 1102/2279/776 1326/2280/1508 1327/2282/1509
f 1104/2283/780 1103/2281/778 1327/2282/1509 1328/2284/1510
f 1105/2285/782 1104/2283/780 1328/2284/1510 1329/2286/1511
f 1106/2287/784 1105/2285/782 1329/2286/1511 1330/2288/1512
f 1107/2289/786 1106/2287/784 1330/2288/1512 1331/2290/1513
f 1108/2291/788 1107/2292/786 1331/2293/1513 1332/2294/1514
f 1109/2295/790 1108/2291/788 1332/2294/1514 1333/2296/1515
f 1110/2297/1516 1109/2295/790 1333/2296/1515 1334/2298/1517
f 1111/2299/794 1110/2297/1516 1334/2298/1517 1335/2300/1518
f 1112/2301/1519 1111/2299/794 1335/2300/1518 1336/2302/1520
f 1113/2303/798 1112/2301/1519 1336/2302/1520 1337/2304/1521
f 1114/2305/800 1113/2303/798 1337/2304/1521 1338/2306/1522
f 1115/2307/802 1114/2308/800 1338/2309/1522 1339/2310/1523
f 1116/2311/804 1115/2307/802 1339/2310/1523 1340/2312/1524
f 1117/2313/806 1116/2311/804 1340/2312/1524 1341/2314/1525
f 1118/2315/808 1117/2313/806 1341/2314/1525 1342/2316/1526
f 1119/2317/1527 1118/2315/808 1342/2316/1526 1343/2318/1528
f 1120/2319/684 1119/2317/1527 1343/2318/1528 1344/2320/1529
f 1089/2250/753 1120/2319/684 1344/2320/1529 1313/2251/1494
f 1330/2321/1512 1329/2322/1511 1553/2323/1530 1554/2324/1531
f 1331/2325/1513 1330/2321/1512 1554/2324/1531 1555/2326/1532
f 1332/2327/1514 1331/2325/1513 1555/2326/1532 1556/2328/1533
f 1333/2329/1515 1332/2327/1514 1556/2328/1533 1557/2330/1534
f 1334/2331/1517 1333/2329/1515 1557/2330/1534 1558/2332/1535
f 1335/2333/1518 1334/2331/1517 1558/2332/1535 1559/2334/1536
f 1336/2335/1520 1335/2333/1518 1559/2334/1536 1560/2336/1537
f 1337/2337/1521 1336/2335/1520 1560/2336/1537 1561/2338/1538
f 1338/2339/1522 1337/2337/1521 1561/2338/1538 1562/2340/1539
f 1339/2341/1523 1338/2339/1522 1562/2340/1539 1563/2342/1540
f 1340/2343/1524 1339/2341/1523 1563/2342/1540 1564/2344/1541
f 1341/2345/1525 1340/2343/1524 1564/2344/1541 1565/2346/1542
f 1342/2347/1526 1341/2345/1525 1565/2346/1542 1566/2348/1543
f 1343/2349/1528 1342/2347/1526 1566/2348/1543 1567/2350/1544
f 1344/2351/1529 1343/2349/1528 1567/2350/1544 1568/2352/1545
f 1313/2353/1494 1344/2351/1529 1568/2352/1545 1537/2354/1546
f 1314/2355/1495 1313/2353/1494 1537/2354/1546 1538/2356/1547
f 1315/2357/1496 1314/2355/1495 1538/2356/1547 1539/2358/1548
f 1316/2359/1497 1315/2357/1496 1539/2358/1548 1540/2360/1549
f 1317/2361/1498 1316/2359/1497 1540/2360/1549 1541/2362/1550
f 1318/2363/1500 1317/2361/1498 1541/2362/1550 1542/2364/1551
f 1319/2365/1501 1318/2363/1500 1542/2364/1551 1543/2366/1552
f 1320/2367/1502 1319/2365/1501 1543/2366/1552 1544/2368/1553
f 1321/2369/1503 1320/2367/1502 1544/2368/1553 1545/2370/1554
f 1322/2371/1504 1321/2369/1503 1545/2370/1554 1546/2372/1555
f 1323/2373/1505 1322/2371/1504 1546/2372/1555 1547/2374/1556
f 1324/2375/1506 1323/2373/1505 1547/2374/1556 1548/2376/1557
f 1325/2377/1507 1324/2375/1506 1548/2376/1557 1549/2378/1558
f 1326/2379/1508 1325/2377/1507 1549/2378/1558 1550/2380/1559
f 1327/2381/1509 1326/2379/1508 1550/2380/1559 1551/2382/1560
f 1328/2383/1510 1327/2381/1509 1551/2382/1560 1552/2384/1561
f 1329/2322/1511 1328/2383/1510 1552/2384/1561 1553/2323/1530
f 1538/2356/1547 1537/2354/1546 1761/2385/1562 1762/2386/1563
f 1539/2358/1548 1538/2356/1547 1762/2386/1563 1763/2387/1564
f 1540/2360/1549 1539/2358/1548 1763/2387/1564 1764/2388/1565
f 1541/2362/1550 1540/2360/1549 1764/2388/1565 1765/2389/1566
f 1542/2364/1551 1541/2362/1550 1765/2389/1566 1766/2390/1567
f 1543/2366/1552 1542/2364/1551 1766/2390/1567 1767/2391/1568
f 1544/2368/1553 1543/2366/1552 1767/2391/1568 1768/2392/1569
f 1545/2370/1554 1544/2368/1553 1768/2392/1569 1769/2393/1570
f 1546/2372/1555 1545/2370/1554 1769/2393/1570 1770/2394/1571
f 1547/2374/1556 1546/2372/1555 1770/2394/1571 1771/2395/1572
f 1548/2376/1557 1547/2374/1556 1771/2395/1572 1772/2396/1573
f 1549/2378/1558 1548/2376/1557 1772/2396/1573 1773/2397/1574
f 1550/2380/1559 1549/2378/1558 1773/2397/1574 1774/2398/1575
f 1551/2382/1560 1550/2380/1559 1774/2398/1575 1775/2399/1576
f 1552/2384/1561 1551/2382/1560 1775/2399/1576 1776/2400/1577
f 1553/2323/1530 1552/2384/1561 1776/2400/1577 1777/2401/1578
f 1554/2324/1531 1553/2323/1530 1777/2401/1578 1778/2402/1579
f 1555/2326/1532 1554/2324/1531 1778/2402/1579 1779/2403/1580
f 1556/2328/1533 1555/2326/1532 1779/2403/1580 1780/2404/1581
f 1557/2330/1534 1556/2328/1533 1780/2404/1581 1781/2405/1582
f 1558/2332/1535 1557/2330/1534 1781/2405/1582 1782/2406/1583
f 1559/2334/1536 1558/2332/1535 1782/2406/1583 1783/2407/1584
f 1560/2336/1537 1559/2334/1536 1783/2407/1584 1784/2408/1585
f 1561/2338/1538 1560/2336/1537 1784/2408/1585 1785/2409/1586
f 1562/2340/1539 1561/2338/1538 1785/2409/1586 1786/2410/1587
f 1563/2342/1540 1562/2340/1539 1786/2410/1587 1787/2411/1588
f 1564/2344/1541 1563/2342/1540 1787/2411/1588 1788/2412/1589
f 1565/2346/1542 1564/2344/1541 1788/2412/1589 1789/2413/1590
f 1566/2348/1543 1565/2346/1542 1789/2413/1590 1790/2414/1591
f 1567/2350/1544 1566/2348/1543 1790/2414/1591 1791/2415/1592
f 1568/2352/1545 1567/2350/1544 1791/2415/1592 1792/2416/1593
f 1537/2354/1546 1568/2352/1545 1792/2416/1593 1761/2385/1562
f 1762/2386/1563 1761/2385/1562 1792/2416/1593 1791/2415/1592 1790/2414/1591 1789/2413/1590 1788/2412/1589 1787/2411/1588 1786/2410/1587 1785/2409/1586 1784/2408/1585 1783/2407/1584 1782/2406/1583 1781/2405/1582 1780/2404/1581 1779/2403/1580 1778/2402/1579 1777/2401/1578 1776/2400/1577 1775/2399/1576 1774/2398/1575 1773/2397/1574 1772/2396/1573 1771/2395/1572 1770/2394/1571 1769/2393/1570 1768/2392/1569 1767/2391/1568 1766/2390/1567 1765/2389/1566 1764/2388/1565 1763/2387/1564
